Employee_ID,Age,Gender,Marital_Status,Department,Job_Role,Job_Level,Monthly_Income,Hourly_Rate,Years_at_Company,Years_in_Current_Role,Years_Since_Last_Promotion,Work_Life_Balance,Job_Satisfaction,Performance_Rating,Training_Hours_Last_Year,Overtime,Project_Count,Average_Hours_Worked_Per_Week,Absenteeism,Work_Environment_Satisfaction,Relationship_with_Manager,Job_Involvement,Distance_From_Home,Number_of_Companies_Worked,Attrition,MonthlyIncomeGroup,Working_Hours_Group,Experience_Group,Long_Term,Senior_Employee,High_Performer,Salary_Level
1,58,,,,,5,7332,81,24,12,3,1,3,2,74,,9,48,16,4,1,1,49,3,,High,High,,1,1,0,Level 2
2,48,,,,,4,6069,55,18,7,5,1,2,2,24,,9,57,10,4,1,1,25,1,,High,High,,1,0,0,Level 1
3,34,,,,,4,11485,65,6,4,3,4,5,1,63,,3,55,1,1,4,3,21,1,,Very High,High,Senior,1,0,0,Level 3
4,27,,,,,4,18707,28,12,9,1,1,1,2,4,,9,53,2,3,4,1,46,2,,,High,,1,0,0,Level 4
5,40,,,,,1,16398,92,3,9,1,3,4,3,62,,1,54,11,1,1,1,43,4,,,High,New,0,0,0,Level 4
6,58,,,,,3,7305,63,25,2,3,4,5,3,84,,1,42,11,2,3,4,4,3,,High,Normal,,1,1,0,Level 2
7,38,,,,,5,15697,63,3,3,4,4,3,4,98,,1,58,16,3,3,4,33,1,,,High,New,0,0,1,Level 4
8,42,,,,,1,14506,41,16,8,0,2,4,3,75,,3,45,9,2,1,4,3,2,,,Normal,,1,0,0,Level 3
9,30,,,,,4,18105,95,17,10,2,2,3,3,51,,8,42,4,3,3,1,39,4,,,Normal,,1,0,0,Level 4
10,30,,,,,4,15745,53,16,14,4,1,4,3,45,,6,41,12,4,2,1,1,4,,,Normal,,1,0,0,Level 4
11,43,,,,,3,5601,87,13,3,7,1,4,3,76,,7,58,9,1,4,3,34,4,,Medium,High,,1,0,0,Level 1
12,55,,,,,4,13023,50,25,4,3,2,1,3,66,,6,43,7,3,1,4,10,2,,,Normal,,1,1,0,Level 3
13,59,,,,,5,17216,24,13,11,5,3,1,2,75,,1,38,7,1,2,3,47,1,,,Normal,,1,1,0,Level 4
14,43,,,,,2,19911,18,24,3,3,2,3,4,46,,5,56,7,4,2,3,7,1,,,High,,1,0,1,Level 4
15,22,,,,,4,4411,99,12,12,4,2,2,2,33,,7,36,13,4,1,1,22,3,,Medium,Normal,,1,0,0,Level 1
16,41,,,,,3,19773,16,29,13,6,4,4,4,19,,8,49,7,1,4,1,5,3,,,High,,1,0,1,Level 4
17,21,,,,,2,12417,93,2,14,7,2,1,4,38,,5,41,5,1,4,3,16,2,,,Normal,New,0,0,1,Level 3
18,43,,,,,5,6792,42,26,2,9,4,2,4,51,,8,54,5,4,2,4,41,4,,High,High,,1,0,1,Level 1
19,49,,,,,5,12569,40,14,1,9,4,3,2,49,,5,31,8,3,4,3,29,1,,,Low,,1,0,0,Level 3
20,57,,,,,5,3234,87,10,3,7,1,5,2,67,,1,51,2,3,2,3,5,3,,Medium,High,Expert,1,1,0,Level 1
21,21,,,,,3,19497,44,19,9,6,4,1,2,40,,5,55,19,1,3,2,30,3,,,High,,1,0,0,Level 4
22,40,,,,,2,18317,23,23,14,3,2,4,3,42,,1,40,18,1,3,2,34,1,,,Normal,,1,0,0,Level 4
23,52,,,,,5,6138,15,22,8,3,2,1,1,48,,4,46,7,4,1,4,27,1,,High,High,,1,1,0,Level 1
24,31,,,,,4,8159,70,24,9,1,2,4,4,70,,8,32,6,2,3,1,10,1,,High,Low,,1,0,1,Level 2
25,41,,,,,2,19794,70,26,10,8,2,1,1,46,,6,52,12,2,4,4,48,4,,,High,,1,0,0,Level 4
26,44,,,,,5,8684,90,29,5,5,4,3,4,56,,2,37,10,2,4,1,10,1,,High,Normal,,1,0,1,Level 2
27,46,,,,,2,12252,75,5,5,2,4,3,2,66,,3,36,14,4,1,2,23,1,,,Normal,Experienced,1,0,0,Level 3
28,47,,,,,4,3066,59,16,14,2,3,3,4,45,,1,45,18,4,2,1,6,3,,Medium,Normal,,1,0,1,Level 1
29,35,,,,,1,9546,27,5,8,0,3,3,1,40,,6,55,2,4,3,4,27,2,,Very High,High,Experienced,1,0,0,Level 2
30,34,,,,,5,16985,28,2,14,1,1,3,1,76,,6,42,9,2,2,3,14,3,,,Normal,New,0,0,0,Level 4
31,22,,,,,4,11187,24,6,13,4,2,4,4,28,,3,57,12,1,4,2,48,2,,Very High,High,Senior,1,0,1,Level 2
32,56,,,,,3,15169,31,28,5,8,1,4,4,40,,1,34,4,1,3,4,23,3,,,Low,,1,1,1,Level 3
33,26,,,,,5,16363,31,12,4,2,4,5,3,84,,2,55,13,4,2,3,34,2,,,High,,1,0,0,Level 4
34,40,,,,,1,13665,45,27,9,6,4,3,3,45,,1,56,4,1,4,1,17,3,,,High,,1,0,0,Level 3
35,28,,,,,4,7304,60,13,1,5,2,2,1,24,,3,31,5,1,4,2,34,1,,High,Low,,1,0,0,Level 2
36,58,,,,,4,5010,63,13,6,2,1,4,3,2,,3,50,11,4,2,2,31,1,,Medium,High,,1,1,0,Level 1
37,37,,,,,2,19000,89,27,7,3,4,4,3,29,,1,36,0,3,3,3,22,1,,,Normal,,1,0,0,Level 4
38,23,,,,,5,18537,94,21,14,4,4,5,1,85,,8,35,7,4,1,4,5,1,,,Low,,1,0,0,Level 4
39,44,,,,,1,4888,32,25,6,1,4,4,4,1,,7,46,1,4,2,4,9,3,,Medium,High,,1,0,1,Level 1
40,33,,,,,3,19752,89,14,12,7,2,1,3,8,,6,54,7,1,4,2,18,4,,,High,,1,0,0,Level 4
41,28,,,,,2,4762,25,19,10,6,3,4,2,57,,7,51,10,4,3,4,21,2,,Medium,High,,1,0,0,Level 1
42,45,,,,,5,19760,87,15,8,8,3,1,2,3,,2,32,3,1,4,2,45,1,,,Low,,1,0,0,Level 4
43,21,,,,,1,3002,69,21,11,7,4,5,4,71,,8,32,16,3,1,2,6,2,,Medium,Low,,1,0,1,Level 1
44,39,,,,,2,3763,17,3,8,6,2,1,1,18,,7,45,12,2,1,2,44,1,,Medium,Normal,New,0,0,0,Level 1
45,47,,,,,1,18754,92,9,5,8,1,2,1,84,,1,51,8,2,4,3,29,1,,,High,Expert,1,0,0,Level 4
46,26,,,,,1,5482,30,25,13,9,4,4,2,13,,8,45,8,1,2,3,19,3,,Medium,Normal,,1,0,0,Level 1
47,27,,,,,2,13921,23,10,12,4,2,2,3,0,,7,36,3,4,1,2,47,1,,,Normal,Expert,1,0,0,Level 3
48,54,,,,,2,16054,82,29,13,2,4,3,1,19,,2,49,14,4,4,1,39,3,,,High,,1,1,0,Level 4
49,33,,,,,5,5475,59,7,4,5,4,5,3,82,,3,42,7,1,1,1,46,1,,Medium,Normal,Senior,1,0,0,Level 1
50,36,,,,,2,9049,16,14,11,8,2,5,3,79,,6,36,6,2,1,1,4,1,,Very High,Normal,,1,0,0,Level 2
51,55,,,,,5,12256,36,17,7,5,2,4,4,73,,6,32,19,3,2,3,44,1,,,Low,,1,1,1,Level 3
52,59,,,,,1,8997,83,25,9,2,4,4,1,65,,4,48,16,1,2,1,39,1,,High,High,,1,1,0,Level 2
53,23,,,,,2,10424,63,14,13,1,3,5,2,64,,8,42,19,2,1,4,41,4,,Very High,Normal,,1,0,0,Level 2
54,21,,,,,5,9786,35,25,2,4,1,4,2,7,,2,49,16,4,3,1,34,4,,Very High,High,,1,0,0,Level 2
55,25,,,,,5,16413,88,10,12,7,3,1,2,8,,3,57,12,4,2,4,44,1,,,High,Expert,1,0,0,Level 4
56,23,,,,,3,14084,69,5,7,7,2,1,4,38,,7,47,11,1,2,2,3,3,,,High,Experienced,1,0,1,Level 3
57,48,,,,,5,7465,18,27,6,0,1,1,4,63,,4,36,11,1,4,2,46,3,,High,Normal,,1,0,1,Level 2
58,37,,,,,5,7946,72,18,3,2,1,5,2,56,,8,34,1,3,4,2,28,2,,High,Low,,1,0,0,Level 2
59,45,,,,,3,13514,84,29,2,4,4,5,4,81,,9,38,17,1,2,3,12,3,,,Normal,,1,0,1,Level 3
60,53,,,,,4,11238,73,17,1,0,3,2,2,14,,6,54,11,3,3,4,10,3,,Very High,High,,1,1,0,Level 2
61,29,,,,,2,6661,40,18,2,5,2,3,2,79,,6,46,17,3,1,1,13,1,,High,High,,1,0,0,Level 1
62,55,,,,,3,5564,88,4,12,3,2,4,3,84,,6,58,7,1,3,4,29,4,,Medium,High,Experienced,0,1,0,Level 1
63,33,,,,,5,7927,83,20,5,8,1,5,2,24,,8,45,2,3,4,3,46,1,,High,Normal,,1,0,0,Level 2
64,50,,,,,5,13858,53,1,1,1,3,2,1,87,,2,42,13,1,1,1,23,3,,,Normal,New,0,1,0,Level 3
65,34,,,,,2,18295,15,13,8,9,3,3,4,15,,2,41,2,4,3,3,23,2,,,Normal,,1,0,1,Level 4
66,27,,,,,1,4452,71,29,4,4,2,1,1,48,,6,39,3,3,1,4,27,4,,Medium,Normal,,1,0,0,Level 1
67,33,,,,,3,9179,62,24,3,4,3,4,2,72,,7,47,1,4,1,2,44,4,,Very High,High,,1,0,0,Level 2
68,42,,,,,4,5454,86,10,10,5,1,5,2,78,,6,49,13,2,4,3,6,3,,Medium,High,Expert,1,0,0,Level 1
69,59,,,,,2,7060,35,28,2,4,2,2,1,47,,3,34,17,3,3,2,19,2,,High,Low,,1,1,0,Level 1
70,40,,,,,2,17747,45,15,1,9,4,1,1,76,,6,36,8,4,4,1,25,1,,,Normal,,1,0,0,Level 4
71,35,,,,,3,14955,72,24,8,9,4,3,4,59,,3,50,1,2,4,1,13,3,,,High,,1,0,1,Level 3
72,37,,,,,5,11970,61,24,9,8,1,2,1,60,,1,58,4,3,1,4,11,2,,Very High,High,,1,0,0,Level 3
73,43,,,,,5,17226,37,5,3,0,3,3,2,43,,4,30,2,4,4,4,46,2,,,Low,Experienced,1,0,0,Level 4
74,45,,,,,4,16119,89,26,3,7,2,5,4,23,,4,49,14,4,3,3,6,2,,,High,,1,0,1,Level 4
75,44,,,,,3,16384,94,18,9,5,1,2,4,50,,2,50,5,4,2,3,46,1,,,High,,1,0,1,Level 4
76,48,,,,,2,4601,21,4,7,8,2,4,1,32,,6,44,15,4,1,1,19,4,,Medium,Normal,Experienced,0,0,0,Level 1
77,34,,,,,3,6843,63,1,12,9,2,1,2,11,,5,41,2,2,3,3,23,3,,High,Normal,New,0,0,0,Level 1
78,20,,,,,1,18744,45,10,12,6,1,2,4,9,,1,31,8,2,1,2,32,1,,,Low,Expert,1,0,1,Level 4
79,44,,,,,2,6675,61,17,9,2,4,5,2,30,,2,46,6,1,2,2,43,2,,High,High,,1,0,0,Level 1
80,26,,,,,4,15049,82,28,2,7,2,5,2,55,,6,43,10,4,1,2,49,1,,,Normal,,1,0,0,Level 3
81,28,,,,,4,4005,49,26,7,9,2,3,2,3,,3,59,12,3,3,3,21,4,,Medium,High,,1,0,0,Level 1
82,43,,,,,2,3231,89,3,14,2,2,3,1,35,,7,47,6,4,4,4,36,3,,Medium,High,New,0,0,0,Level 1
83,20,,,,,5,14845,48,4,13,2,1,4,3,9,,1,45,16,1,3,4,26,3,,,Normal,Experienced,0,0,0,Level 3
84,27,,,,,2,19374,72,12,8,3,1,5,4,66,,7,49,3,4,2,4,23,4,,,High,,1,0,1,Level 4
85,43,,,,,2,19230,29,27,11,2,4,5,4,21,,3,45,10,2,3,3,24,3,,,Normal,,1,0,1,Level 4
86,30,,,,,1,18389,92,28,4,5,2,5,4,84,,6,55,17,1,4,3,8,1,,,High,,1,0,1,Level 4
87,36,,,,,2,7970,99,11,13,6,1,1,3,37,,1,32,19,3,2,1,4,4,,High,Low,Expert,1,0,0,Level 2
88,27,,,,,3,18092,85,3,10,2,2,1,4,45,,1,43,16,4,2,2,16,2,,,Normal,New,0,0,1,Level 4
89,54,,,,,3,12089,95,28,11,2,4,5,3,66,,1,57,8,2,3,4,20,4,,,High,,1,1,0,Level 3
90,54,,,,,4,17867,56,11,4,6,3,1,1,28,,6,37,19,1,2,2,21,1,,,Normal,Expert,1,1,0,Level 4
91,52,,,,,5,10882,32,3,12,9,3,5,1,50,,2,33,8,3,3,1,49,3,,Very High,Low,New,0,1,0,Level 2
92,24,,,,,4,11343,92,24,2,8,3,3,2,59,,8,33,18,2,1,4,40,1,,Very High,Low,,1,0,0,Level 2
93,58,,,,,1,19555,52,4,2,2,4,3,4,58,,9,50,5,2,2,4,48,3,,,High,Experienced,0,1,1,Level 4
94,47,,,,,2,8524,78,3,4,5,1,1,4,4,,6,30,1,2,3,2,47,2,,High,Low,New,0,0,1,Level 2
95,26,,,,,4,4429,43,25,4,4,2,3,4,2,,9,59,0,3,1,3,31,1,,Medium,High,,1,0,1,Level 1
96,28,,,,,2,6199,24,12,5,7,1,3,3,63,,7,30,0,2,4,1,8,4,,High,Low,,1,0,0,Level 1
97,27,,,,,4,13090,31,12,10,8,3,4,1,93,,3,45,19,4,2,3,35,4,,,Normal,,1,0,0,Level 3
98,31,,,,,2,10432,46,17,14,7,3,4,2,46,,9,42,7,3,4,3,29,3,,Very High,Normal,,1,0,0,Level 2
99,53,,,,,4,17069,75,24,10,0,2,5,2,39,,7,55,13,3,3,3,6,2,,,High,,1,1,0,Level 4
100,52,,,,,3,19483,98,21,13,6,2,2,2,7,,5,43,5,3,2,2,11,2,,,Normal,,1,1,0,Level 4
101,42,,,,,1,16875,95,8,10,7,4,2,4,55,,7,50,13,4,2,2,25,2,,,High,Expert,1,0,1,Level 4
102,43,,,,,4,16196,60,10,9,4,2,4,4,76,,3,51,9,4,2,1,4,2,,,High,Expert,1,0,1,Level 4
103,56,,,,,3,19970,85,16,11,3,1,5,2,53,,1,44,5,3,1,1,41,4,,,Normal,,1,1,0,Level 4
104,54,,,,,5,14159,70,19,9,6,1,4,2,83,,3,32,10,1,4,4,31,1,,,Low,,1,1,0,Level 3
105,59,,,,,4,19639,75,15,7,5,2,3,2,76,,8,33,13,1,1,1,30,3,,,Low,,1,1,0,Level 4
106,41,,,,,2,6007,58,22,6,1,1,5,1,5,,4,44,1,3,1,1,18,3,,High,Normal,,1,0,0,Level 1
107,46,,,,,1,16966,52,11,10,8,1,5,4,73,,6,37,17,4,4,4,34,2,,,Normal,Expert,1,0,1,Level 4
108,54,,,,,3,16696,64,7,5,2,3,2,2,52,,5,34,18,2,4,4,39,3,,,Low,Senior,1,1,0,Level 4
109,20,,,,,3,15402,88,24,4,0,3,2,4,25,,6,54,9,1,3,3,21,1,,,High,,1,0,1,Level 3
110,54,,,,,1,8112,46,7,2,2,2,2,1,69,,1,47,15,1,3,3,32,2,,High,High,Senior,1,1,0,Level 2
111,56,,,,,4,4580,67,23,4,0,2,1,1,25,,2,51,0,4,1,2,46,2,,Medium,High,,1,1,0,Level 1
112,33,,,,,2,6226,62,18,11,9,2,3,3,27,,9,59,18,4,1,1,41,3,,High,High,,1,0,0,Level 1
113,22,,,,,5,7590,95,19,7,6,3,3,3,75,,3,54,6,3,3,3,7,4,,High,High,,1,0,0,Level 2
114,20,,,,,4,19465,15,16,1,5,1,3,4,52,,2,43,14,1,4,1,22,3,,,Normal,,1,0,1,Level 4
115,24,,,,,1,6012,44,22,3,7,4,3,4,60,,5,50,12,2,2,1,34,1,,High,High,,1,0,1,Level 1
116,45,,,,,4,8301,23,3,4,3,1,3,4,39,,5,42,5,4,4,2,49,3,,High,Normal,New,0,0,1,Level 2
117,33,,,,,4,6112,47,25,7,5,4,3,2,67,,6,50,8,3,1,2,32,3,,High,High,,1,0,0,Level 1
118,58,,,,,1,9588,40,25,3,2,3,1,4,87,,3,42,12,3,3,2,9,4,,Very High,Normal,,1,1,1,Level 2
119,46,,,,,1,8381,56,6,4,3,4,5,4,14,,5,40,15,3,3,1,43,3,,High,Normal,Senior,1,0,1,Level 2
120,28,,,,,5,17067,88,1,1,5,2,2,2,87,,5,50,5,2,2,1,33,3,,,High,New,0,0,0,Level 4
121,34,,,,,1,5104,56,1,12,4,2,2,3,12,,8,59,18,4,1,1,6,1,,Medium,High,New,0,0,0,Level 1
122,34,,,,,1,10726,53,15,1,1,2,2,2,66,,5,56,14,2,2,2,24,4,,Very High,High,,1,0,0,Level 2
123,45,,,,,1,12790,75,20,10,8,2,3,1,90,,1,35,7,4,1,4,15,1,,,Low,,1,0,0,Level 3
124,32,,,,,3,11770,61,11,12,1,1,2,1,44,,1,59,10,1,3,1,13,4,,Very High,High,Expert,1,0,0,Level 3
125,51,,,,,1,12106,56,10,3,7,2,1,4,78,,1,37,8,1,3,1,14,2,,,Normal,Expert,1,1,1,Level 3
126,58,,,,,1,17006,62,24,7,4,4,3,4,25,,9,45,1,4,2,4,14,4,,,Normal,,1,1,1,Level 4
127,51,,,,,1,3774,66,3,13,6,3,3,4,55,,7,37,1,4,3,2,10,3,,Medium,Normal,New,0,1,1,Level 1
128,23,,,,,5,3056,47,4,11,5,2,1,2,22,,3,30,4,2,3,2,27,1,,Medium,Low,Experienced,0,0,0,Level 1
129,49,,,,,4,10226,41,12,6,1,1,5,3,38,,2,49,5,4,4,4,45,2,,Very High,High,,1,0,0,Level 2
130,56,,,,,1,3545,57,27,5,3,2,1,2,96,,2,38,6,2,2,1,39,4,,Medium,Normal,,1,1,0,Level 1
131,42,,,,,1,7906,43,6,8,8,2,1,4,20,,6,43,4,1,3,2,13,3,,High,Normal,Senior,1,0,1,Level 2
132,58,,,,,5,12605,33,27,11,6,1,1,3,13,,6,41,10,4,1,4,39,2,,,Normal,,1,1,0,Level 3
133,34,,,,,4,9395,96,25,8,0,3,5,1,12,,6,51,2,2,1,1,12,1,,Very High,High,,1,0,0,Level 2
134,48,,,,,5,17501,42,20,4,3,1,2,3,31,,2,34,1,2,1,2,45,4,,,Low,,1,0,0,Level 4
135,55,,,,,2,15275,24,19,10,9,4,1,3,11,,7,50,0,2,3,2,29,1,,,High,,1,1,0,Level 3
136,32,,,,,2,6388,81,26,6,2,1,3,2,62,,3,43,18,4,1,3,12,2,,High,Normal,,1,0,0,Level 1
137,51,,,,,2,13821,30,26,12,0,4,2,3,51,,1,43,1,2,1,4,40,3,,,Normal,,1,1,0,Level 3
138,26,,,,,1,3571,15,16,1,4,2,2,3,73,,3,49,1,3,1,1,31,2,,Medium,High,,1,0,0,Level 1
139,41,,,,,5,19109,96,25,10,8,1,4,1,21,,6,34,18,2,3,1,23,3,,,Low,,1,0,0,Level 4
140,47,,,,,1,6927,18,23,14,3,2,1,3,46,,7,59,19,4,4,2,45,3,,High,High,,1,0,0,Level 1
141,21,,,,,2,19731,83,25,12,1,1,2,2,24,,3,47,9,4,4,3,31,4,,,High,,1,0,0,Level 4
142,25,,,,,4,7592,99,27,10,6,4,3,1,92,,8,38,2,4,4,1,19,2,,High,Normal,,1,0,0,Level 2
143,47,,,,,4,13691,18,10,9,7,1,5,3,70,,3,48,9,4,3,4,49,2,,,High,Expert,1,0,0,Level 3
144,47,,,,,5,19599,34,6,14,1,4,5,4,34,,6,59,11,1,3,1,32,2,,,High,Senior,1,0,1,Level 4
145,39,,,,,4,9613,77,20,5,9,2,2,3,92,,2,30,3,2,1,1,1,1,,Very High,Low,,1,0,0,Level 2
146,49,,,,,2,14092,97,5,14,8,1,5,1,79,,9,58,10,1,1,4,13,4,,,High,Experienced,1,0,0,Level 3
147,30,,,,,5,11477,49,10,8,9,1,4,3,71,,7,58,11,2,3,1,35,4,,Very High,High,Expert,1,0,0,Level 3
148,47,,,,,5,11052,59,12,10,7,2,5,1,50,,8,31,17,4,4,4,46,3,,Very High,Low,,1,0,0,Level 2
149,44,,,,,2,6059,71,18,10,3,1,5,1,58,,2,50,12,3,2,1,9,1,,High,High,,1,0,0,Level 1
150,58,,,,,2,3050,38,3,1,3,4,5,2,72,,4,41,8,1,3,2,13,1,,Medium,Normal,New,0,1,0,Level 1
151,52,,,,,2,8538,34,5,14,4,1,3,3,19,,8,39,0,4,2,2,35,3,,High,Normal,Experienced,1,1,0,Level 2
152,20,,,,,2,4725,42,29,4,0,2,4,4,18,,9,50,13,1,3,3,8,3,,Medium,High,,1,0,1,Level 1
153,46,,,,,5,18410,52,3,13,6,1,4,1,15,,4,56,16,4,1,1,44,4,,,High,New,0,0,0,Level 4
154,32,,,,,4,7566,38,3,2,3,3,5,1,61,,6,48,7,1,4,3,41,1,,High,High,New,0,0,0,Level 2
155,22,,,,,2,14495,98,9,2,0,1,2,2,28,,5,51,15,3,4,4,11,4,,,High,Expert,1,0,0,Level 3
156,58,,,,,3,10857,38,4,2,3,1,3,2,97,,6,49,10,1,4,1,35,3,,Very High,High,Experienced,0,1,0,Level 2
157,25,,,,,5,13909,84,20,2,3,1,2,2,91,,3,31,4,2,1,4,18,1,,,Low,,1,0,0,Level 3
158,27,,,,,1,10826,39,17,8,0,2,1,1,33,,5,33,11,4,4,3,14,2,,Very High,Low,,1,0,0,Level 2
159,46,,,,,4,16791,95,28,6,8,2,3,4,80,,7,50,14,4,1,3,43,4,,,High,,1,0,1,Level 4
160,28,,,,,5,7533,95,7,9,7,4,5,1,3,,4,35,11,1,3,1,2,3,,High,Low,Senior,1,0,0,Level 2
161,56,,,,,2,18491,83,29,2,8,3,3,2,54,,5,46,10,4,3,1,48,2,,,High,,1,1,0,Level 4
162,52,,,,,3,19907,31,26,13,6,2,3,2,51,,6,58,3,3,3,4,49,4,,,High,,1,1,0,Level 4
163,43,,,,,1,7601,72,13,1,4,3,2,2,97,,9,52,12,3,4,2,15,1,,High,High,,1,0,0,Level 2
164,34,,,,,4,13130,87,25,14,6,1,1,2,29,,9,30,19,2,3,2,40,2,,,Low,,1,0,0,Level 3
165,51,,,,,2,4204,34,28,8,1,1,3,1,58,,9,59,15,3,4,1,48,4,,Medium,High,,1,1,0,Level 1
166,51,,,,,5,7082,16,24,10,9,1,1,2,63,,1,49,7,2,3,1,23,4,,High,High,,1,1,0,Level 1
167,43,,,,,5,6334,97,12,14,6,1,1,4,37,,3,58,19,4,1,1,15,2,,High,High,,1,0,1,Level 1
168,31,,,,,4,3711,23,18,13,3,3,2,4,29,,2,39,11,1,4,2,45,1,,Medium,Normal,,1,0,1,Level 1
169,58,,,,,3,12104,77,22,3,4,4,2,1,94,,6,33,4,2,4,4,2,1,,,Low,,1,1,0,Level 3
170,21,,,,,2,8710,97,26,3,6,3,5,2,42,,9,30,16,4,3,4,21,4,,High,Low,,1,0,0,Level 2
171,22,,,,,4,12926,82,26,8,1,1,5,3,95,,2,45,2,3,2,4,23,3,,,Normal,,1,0,0,Level 3
172,56,,,,,4,18977,20,15,5,4,4,3,3,55,,7,54,0,3,1,2,29,2,,,High,,1,1,0,Level 4
173,36,,,,,5,13328,25,5,8,1,4,5,1,97,,1,54,15,1,1,2,31,1,,,High,Experienced,1,0,0,Level 3
174,21,,,,,4,3331,35,24,2,9,1,2,2,81,,4,48,2,1,1,2,22,1,,Medium,High,,1,0,0,Level 1
175,21,,,,,1,18790,77,1,10,5,4,5,4,5,,1,56,16,3,1,3,6,1,,,High,New,0,0,1,Level 4
176,47,,,,,1,6834,44,9,9,9,2,5,2,2,,1,44,3,1,2,1,47,3,,High,Normal,Expert,1,0,0,Level 1
177,42,,,,,2,19177,96,9,2,7,1,5,4,39,,7,33,2,4,4,4,12,3,,,Low,Expert,1,0,1,Level 4
178,56,,,,,4,11899,35,13,9,6,4,1,4,77,,5,30,0,4,2,4,26,1,,Very High,Low,,1,1,1,Level 3
179,51,,,,,5,10210,37,11,10,4,3,5,4,37,,8,46,5,1,1,1,10,2,,Very High,High,Expert,1,1,1,Level 2
180,52,,,,,2,8804,75,28,6,2,4,2,4,16,,2,48,10,3,4,2,12,3,,High,High,,1,1,1,Level 2
181,20,,,,,3,10733,44,23,12,3,3,1,4,50,,6,50,7,1,1,3,15,4,,Very High,High,,1,0,1,Level 2
182,38,,,,,5,3252,60,24,12,1,2,5,4,26,,9,43,5,1,3,1,18,1,,Medium,Normal,,1,0,1,Level 1
183,21,,,,,3,12190,74,29,5,5,1,5,4,36,,3,38,4,3,2,1,5,3,,,Normal,,1,0,1,Level 3
184,45,,,,,2,17122,32,9,7,7,4,2,2,25,,6,44,4,2,4,3,15,1,,,Normal,Expert,1,0,0,Level 4
185,51,,,,,1,8827,76,29,14,7,2,3,4,77,,9,42,17,3,3,3,28,2,,High,Normal,,1,1,1,Level 2
186,25,,,,,5,11484,59,5,7,8,3,2,2,59,,3,38,9,4,4,4,9,4,,Very High,Normal,Experienced,1,0,0,Level 3
187,51,,,,,5,10552,75,14,4,4,2,4,3,99,,5,47,13,2,3,1,36,2,,Very High,High,,1,1,0,Level 2
188,23,,,,,2,17351,73,27,7,9,2,2,1,87,,6,42,14,2,3,4,17,3,,,Normal,,1,0,0,Level 4
189,30,,,,,5,19420,49,16,3,5,3,3,3,20,,1,59,14,3,4,3,21,4,,,High,,1,0,0,Level 4
190,36,,,,,5,4444,36,2,3,1,1,2,3,64,,8,40,4,1,1,3,27,2,,Medium,Normal,New,0,0,0,Level 1
191,57,,,,,2,10793,38,15,7,9,2,1,2,61,,3,55,1,3,4,1,29,2,,Very High,High,,1,1,0,Level 2
192,43,,,,,4,9677,65,17,1,3,2,1,1,41,,8,34,5,4,4,3,43,2,,Very High,Low,,1,0,0,Level 2
193,24,,,,,2,10861,79,5,8,2,3,2,1,95,,1,55,9,4,2,1,42,1,,Very High,High,Experienced,1,0,0,Level 2
194,53,,,,,5,16268,29,24,11,8,3,1,4,62,,4,48,7,2,4,4,39,1,,,High,,1,1,1,Level 4
195,25,,,,,2,13634,42,10,2,5,2,3,3,74,,4,35,17,3,2,3,10,4,,,Low,Expert,1,0,0,Level 3
196,41,,,,,5,9420,56,15,1,5,4,4,3,57,,8,32,12,4,1,2,40,2,,Very High,Low,,1,0,0,Level 2
197,30,,,,,3,7378,34,20,6,3,3,4,2,80,,4,45,6,2,2,2,3,3,,High,Normal,,1,0,0,Level 2
198,35,,,,,3,3998,57,4,4,5,1,3,4,61,,4,47,18,2,4,1,4,2,,Medium,High,Experienced,0,0,1,Level 1
199,52,,,,,1,7302,94,4,7,0,4,5,1,66,,7,39,3,4,2,2,49,2,,High,Normal,Experienced,0,1,0,Level 2
200,28,,,,,2,10830,83,24,12,8,4,5,3,28,,8,32,8,3,3,3,34,4,,Very High,Low,,1,0,0,Level 2
201,25,,,,,2,17898,77,29,3,2,2,4,3,18,,6,31,6,3,3,2,42,2,,,Low,,1,0,0,Level 4
202,35,,,,,3,17054,57,7,11,4,1,1,3,96,,4,30,9,2,3,3,14,4,,,Low,Senior,1,0,0,Level 4
203,48,,,,,3,9735,93,29,2,6,4,1,2,4,,7,45,19,1,3,1,23,1,,Very High,Normal,,1,0,0,Level 2
204,22,,,,,3,3130,16,27,12,1,3,5,2,65,,9,45,4,4,1,1,31,4,,Medium,Normal,,1,0,0,Level 1
205,39,,,,,1,15423,91,1,11,3,1,4,1,8,,2,59,6,2,1,4,38,1,,,High,New,0,0,0,Level 3
206,55,,,,,1,14609,37,26,4,5,1,2,4,40,,3,52,1,3,2,4,40,4,,,High,,1,1,1,Level 3
207,38,,,,,4,13409,26,22,4,0,2,2,2,24,,1,51,8,1,2,1,49,1,,,High,,1,0,0,Level 3
208,45,,,,,2,4186,60,20,11,5,4,1,1,83,,7,33,19,2,2,3,3,4,,Medium,Low,,1,0,0,Level 1
209,22,,,,,1,7294,47,2,4,4,3,3,3,74,,6,42,11,4,1,4,13,2,,High,Normal,New,0,0,0,Level 2
210,38,,,,,5,11135,58,19,3,1,4,5,1,11,,8,48,7,3,1,1,19,4,,Very High,High,,1,0,0,Level 2
211,39,,,,,2,14004,39,4,7,5,4,1,1,64,,2,35,5,1,2,4,34,2,,,Low,Experienced,0,0,0,Level 3
212,51,,,,,4,12709,49,26,5,4,3,3,3,87,,5,45,10,1,2,3,31,1,,,Normal,,1,1,0,Level 3
213,26,,,,,3,19389,49,23,11,0,4,3,3,80,,1,33,8,2,2,3,3,3,,,Low,,1,0,0,Level 4
214,52,,,,,4,5150,79,1,4,5,1,5,2,15,,9,35,5,4,3,3,6,4,,Medium,Low,New,0,1,0,Level 1
215,59,,,,,2,17144,57,1,5,6,2,3,3,54,,2,54,12,4,2,4,49,4,,,High,New,0,1,0,Level 4
216,58,,,,,3,15458,82,3,7,8,2,3,3,37,,7,36,19,3,1,3,47,2,,,Normal,New,0,1,0,Level 3
217,37,,,,,4,8808,76,18,4,1,1,5,4,42,,7,48,9,2,2,1,47,3,,High,High,,1,0,1,Level 2
218,59,,,,,4,10892,45,3,12,5,4,4,3,7,,4,57,11,2,1,2,27,2,,Very High,High,New,0,1,0,Level 2
219,20,,,,,2,8553,42,3,13,5,4,2,4,52,,6,49,4,3,4,2,6,3,,High,High,New,0,0,1,Level 2
220,30,,,,,1,10154,25,27,14,0,2,4,3,60,,2,54,4,2,3,1,8,4,,Very High,High,,1,0,0,Level 2
221,47,,,,,5,10139,46,13,10,7,2,2,2,87,,2,59,3,2,2,1,32,3,,Very High,High,,1,0,0,Level 2
222,44,,,,,4,18479,80,1,5,4,3,2,3,69,,9,43,19,1,2,3,13,2,,,Normal,New,0,0,0,Level 4
223,42,,,,,5,3177,74,13,6,1,3,5,1,45,,1,42,7,2,1,3,35,2,,Medium,Normal,,1,0,0,Level 1
224,50,,,,,2,18488,65,22,6,4,3,4,1,8,,6,51,10,4,2,4,2,2,,,High,,1,1,0,Level 4
225,49,,,,,2,13802,73,24,12,3,3,5,3,66,,1,47,13,3,4,4,33,1,,,High,,1,0,0,Level 3
226,54,,,,,1,7513,91,5,12,6,2,4,1,99,,6,55,15,4,1,3,16,3,,High,High,Experienced,1,1,0,Level 2
227,26,,,,,3,11745,31,17,7,9,4,3,2,22,,4,53,6,1,2,4,29,4,,Very High,High,,1,0,0,Level 3
228,35,,,,,5,14581,82,11,10,7,1,1,3,30,,5,59,16,3,2,2,37,2,,,High,Expert,1,0,0,Level 3
229,45,,,,,4,10774,52,10,13,0,2,4,3,33,,4,48,16,2,3,3,44,3,,Very High,High,Expert,1,0,0,Level 2
230,21,,,,,3,19625,78,27,3,0,1,4,2,34,,5,32,17,1,2,2,10,3,,,Low,,1,0,0,Level 4
231,20,,,,,5,12571,17,23,12,7,1,3,3,47,,3,34,5,1,4,4,32,4,,,Low,,1,0,0,Level 3
232,31,,,,,5,12788,68,27,8,3,4,3,3,80,,6,54,8,3,2,4,31,3,,,High,,1,0,0,Level 3
233,24,,,,,3,11028,90,15,5,7,4,2,4,20,,1,39,15,3,3,1,13,3,,Very High,Normal,,1,0,1,Level 2
234,56,,,,,3,16749,58,13,1,6,1,1,2,66,,2,36,7,2,4,4,38,2,,,Normal,,1,1,0,Level 4
235,51,,,,,1,16753,96,10,4,8,2,1,1,37,,6,44,18,2,3,1,16,4,,,Normal,Expert,1,1,0,Level 4
236,28,,,,,4,13196,44,9,11,6,1,1,3,52,,9,53,5,4,4,1,26,3,,,High,Expert,1,0,0,Level 3
237,54,,,,,4,4300,89,28,4,3,4,4,3,34,,5,52,15,1,1,1,4,2,,Medium,High,,1,1,0,Level 1
238,38,,,,,4,10923,99,7,14,4,3,4,4,97,,2,53,17,1,4,1,28,2,,Very High,High,Senior,1,0,1,Level 2
239,35,,,,,3,9673,68,25,8,6,4,5,3,13,,5,53,12,4,1,2,15,4,,Very High,High,,1,0,0,Level 2
240,22,,,,,1,14976,62,10,13,1,4,2,4,79,,6,47,4,2,1,3,44,3,,,High,Expert,1,0,1,Level 3
241,39,,,,,2,7287,49,9,10,2,2,3,4,57,,2,43,9,4,3,1,38,3,,High,Normal,Expert,1,0,1,Level 2
242,43,,,,,1,17384,82,13,9,2,1,3,4,67,,7,47,1,4,4,1,27,3,,,High,,1,0,1,Level 4
243,52,,,,,3,9237,40,16,3,8,1,3,4,72,,8,38,7,2,1,4,28,2,,Very High,Normal,,1,1,1,Level 2
244,43,,,,,1,6805,86,2,12,1,1,5,1,37,,8,33,17,3,2,1,24,4,,High,Low,New,0,0,0,Level 1
245,30,,,,,3,5214,70,8,11,3,3,5,2,14,,6,51,13,3,1,2,27,4,,Medium,High,Expert,1,0,0,Level 1
246,27,,,,,5,19621,90,28,10,7,3,4,2,53,,4,44,5,3,4,2,23,1,,,Normal,,1,0,0,Level 4
247,55,,,,,5,3732,83,23,1,0,3,5,3,64,,2,52,3,1,4,1,13,1,,Medium,High,,1,1,0,Level 1
248,57,,,,,2,17925,94,28,11,8,3,5,2,9,,1,30,7,1,4,1,4,2,,,Low,,1,1,0,Level 4
249,59,,,,,5,5824,78,7,13,5,3,3,4,10,,8,44,0,4,4,1,45,2,,Medium,Normal,Senior,1,1,1,Level 1
250,39,,,,,2,5454,43,2,13,3,4,5,4,94,,5,53,15,4,4,3,33,2,,Medium,High,New,0,0,1,Level 1
251,54,,,,,4,15497,92,1,11,4,2,2,1,35,,9,40,3,1,3,2,31,1,,,Normal,New,0,1,0,Level 3
252,44,,,,,3,14575,73,4,8,6,2,5,1,97,,8,30,10,2,3,3,2,2,,,Low,Experienced,0,0,0,Level 3
253,54,,,,,4,11168,39,23,9,7,4,1,3,56,,2,55,16,2,1,3,27,1,,Very High,High,,1,1,0,Level 2
254,44,,,,,4,5424,86,6,4,4,3,5,2,37,,9,53,3,4,2,4,22,1,,Medium,High,Senior,1,0,0,Level 1
255,48,,,,,2,9183,41,26,5,6,4,4,1,80,,4,43,15,2,4,3,11,1,,Very High,Normal,,1,0,0,Level 2
256,37,,,,,3,19469,36,2,4,2,4,2,4,67,,3,44,19,3,1,3,48,3,,,Normal,New,0,0,1,Level 4
257,37,,,,,2,5016,85,7,4,1,4,5,4,36,,9,46,12,4,1,3,28,2,,Medium,High,Senior,1,0,1,Level 1
258,21,,,,,1,14678,61,10,11,1,1,4,1,17,,2,31,11,3,2,3,34,2,,,Low,Expert,1,0,0,Level 3
259,54,,,,,4,8701,90,27,13,9,2,2,1,38,,6,47,6,3,3,2,25,1,,High,High,,1,1,0,Level 2
260,35,,,,,3,15931,69,9,3,2,4,5,1,35,,7,49,12,4,1,2,2,3,,,High,Expert,1,0,0,Level 4
261,55,,,,,4,12463,23,2,10,5,3,2,2,39,,8,47,6,3,4,1,40,4,,,High,New,0,1,0,Level 3
262,52,,,,,1,18002,68,26,4,9,4,1,4,6,,3,58,5,3,4,1,10,1,,,High,,1,1,1,Level 4
263,23,,,,,1,18588,78,15,9,0,3,3,3,75,,2,51,16,2,2,4,14,1,,,High,,1,0,0,Level 4
264,52,,,,,3,18203,53,27,7,2,3,5,2,18,,2,42,13,2,3,4,3,1,,,Normal,,1,1,0,Level 4
265,33,,,,,3,9971,97,15,6,2,1,2,3,36,,2,36,6,1,2,2,9,2,,Very High,Normal,,1,0,0,Level 2
266,40,,,,,1,4397,22,21,12,1,2,4,1,7,,7,30,17,1,3,3,32,3,,Medium,Low,,1,0,0,Level 1
267,39,,,,,4,13157,41,16,9,0,4,1,1,73,,4,31,0,2,2,2,30,2,,,Low,,1,0,0,Level 3
268,27,,,,,5,7156,83,27,11,0,2,3,4,35,,7,52,16,1,3,3,32,4,,High,High,,1,0,1,Level 1
269,26,,,,,4,4530,47,2,13,0,3,4,4,70,,6,48,19,1,2,4,3,1,,Medium,High,New,0,0,1,Level 1
270,22,,,,,5,3774,99,17,12,7,4,1,1,91,,4,58,4,1,2,3,17,1,,Medium,High,,1,0,0,Level 1
271,36,,,,,2,10985,24,11,2,5,4,5,3,40,,5,45,10,1,2,2,49,4,,Very High,Normal,Expert,1,0,0,Level 2
272,52,,,,,3,11307,30,23,4,8,4,4,2,42,,8,34,14,3,2,1,15,3,,Very High,Low,,1,1,0,Level 2
273,31,,,,,1,10342,25,18,9,2,2,2,1,81,,6,31,12,2,1,4,22,4,,Very High,Low,,1,0,0,Level 2
274,41,,,,,2,18364,33,22,8,6,4,1,3,36,,3,42,3,4,3,4,34,4,,,Normal,,1,0,0,Level 4
275,41,,,,,4,16510,78,23,1,5,1,1,1,64,,8,57,1,1,1,2,46,4,,,High,,1,0,0,Level 4
276,49,,,,,5,18590,66,1,9,8,1,5,4,53,,7,48,6,3,1,2,13,1,,,High,New,0,0,1,Level 4
277,57,,,,,3,11014,91,27,13,8,2,1,3,92,,4,40,14,1,3,4,18,2,,Very High,Normal,,1,1,0,Level 2
278,57,,,,,5,3626,29,12,10,8,4,3,2,85,,2,55,9,2,3,2,22,4,,Medium,High,,1,1,0,Level 1
279,27,,,,,4,8961,56,25,2,6,1,2,4,21,,2,51,19,2,2,4,46,3,,High,High,,1,0,1,Level 2
280,46,,,,,4,16624,97,6,1,8,4,5,1,46,,2,44,12,1,1,1,15,3,,,Normal,Senior,1,0,0,Level 4
281,46,,,,,1,15810,93,18,2,6,3,3,1,44,,2,43,0,3,3,1,15,1,,,Normal,,1,0,0,Level 4
282,53,,,,,2,17259,52,17,10,8,3,5,2,87,,8,52,9,2,2,3,8,1,,,High,,1,1,0,Level 4
283,40,,,,,3,13613,63,17,11,1,4,5,1,24,,5,33,3,2,3,2,47,3,,,Low,,1,0,0,Level 3
284,49,,,,,1,8867,91,2,6,1,4,2,2,19,,7,55,2,1,2,2,28,1,,High,High,New,0,0,0,Level 2
285,52,,,,,5,14023,98,28,2,6,4,1,2,29,,7,42,2,2,1,3,48,4,,,Normal,,1,1,0,Level 3
286,47,,,,,2,12211,63,25,14,9,3,5,1,50,,2,37,9,4,2,3,20,3,,,Normal,,1,0,0,Level 3
287,52,,,,,3,5006,93,18,1,5,1,4,3,70,,8,44,14,2,3,3,44,2,,Medium,Normal,,1,1,0,Level 1
288,24,,,,,5,12754,85,15,5,5,3,2,2,2,,6,31,12,2,2,1,39,4,,,Low,,1,0,0,Level 3
289,38,,,,,3,12033,69,1,14,4,4,2,1,69,,8,49,14,1,4,1,16,4,,,High,New,0,0,0,Level 3
290,23,,,,,3,5203,36,29,11,0,2,4,2,79,,3,58,13,4,4,2,22,4,,Medium,High,,1,0,0,Level 1
291,54,,,,,2,18064,57,20,2,6,1,2,4,76,,3,50,18,2,2,1,31,2,,,High,,1,1,1,Level 4
292,36,,,,,5,6197,64,14,11,1,2,5,3,6,,3,32,1,4,4,2,14,4,,High,Low,,1,0,0,Level 1
293,47,,,,,1,12901,98,13,4,7,3,3,3,28,,9,33,6,4,3,4,44,2,,,Low,,1,0,0,Level 3
294,49,,,,,1,8666,33,25,11,9,1,1,2,54,,6,34,11,4,4,3,26,3,,High,Low,,1,0,0,Level 2
295,48,,,,,1,12256,86,12,14,6,1,3,3,74,,9,34,19,1,3,4,46,3,,,Low,,1,0,0,Level 3
296,25,,,,,3,15473,32,8,11,1,2,2,2,1,,2,42,1,1,4,3,19,4,,,Normal,Expert,1,0,0,Level 3
297,54,,,,,4,4718,24,7,11,1,2,4,4,87,,9,49,2,3,2,3,15,3,,Medium,High,Senior,1,1,1,Level 1
298,56,,,,,2,14524,64,8,8,9,2,2,3,25,,3,41,15,3,3,3,48,1,,,Normal,Expert,1,1,0,Level 3
299,43,,,,,1,18765,63,18,10,7,2,2,1,44,,8,52,7,4,4,1,29,2,,,High,,1,0,0,Level 4
300,48,,,,,2,5593,55,21,11,4,1,2,3,53,,3,31,15,2,4,3,36,1,,Medium,Low,,1,0,0,Level 1
301,50,,,,,3,3698,29,28,6,7,3,1,3,37,,4,45,8,1,3,3,34,4,,Medium,Normal,,1,1,0,Level 1
302,54,,,,,2,10568,37,15,8,0,2,2,2,8,,9,50,18,3,3,4,24,3,,Very High,High,,1,1,0,Level 2
303,52,,,,,1,4225,90,28,5,8,4,2,1,99,,4,32,17,4,2,3,14,3,,Medium,Low,,1,1,0,Level 1
304,40,,,,,1,16180,41,7,2,7,1,2,1,69,,6,54,2,1,2,4,5,4,,,High,Senior,1,0,0,Level 4
305,51,,,,,3,5702,20,1,1,5,2,4,3,53,,7,49,3,4,1,1,1,3,,Medium,High,New,0,1,0,Level 1
306,42,,,,,3,5204,38,6,12,7,4,5,1,46,,2,32,14,1,1,1,35,3,,Medium,Low,Senior,1,0,0,Level 1
307,52,,,,,5,5228,23,23,8,0,3,2,1,93,,7,40,0,2,1,4,44,4,,Medium,Normal,,1,1,0,Level 1
308,22,,,,,3,13648,88,16,1,7,3,2,3,77,,4,35,17,2,1,3,29,1,,,Low,,1,0,0,Level 3
309,37,,,,,4,7948,76,24,10,0,2,2,1,47,,7,43,4,2,3,3,31,4,,High,Normal,,1,0,0,Level 2
310,44,,,,,4,6099,81,21,9,3,4,1,3,77,,3,54,19,2,4,3,25,2,,High,High,,1,0,0,Level 1
311,50,,,,,1,16158,84,14,4,9,2,4,4,77,,1,57,15,4,2,1,17,2,,,High,,1,1,1,Level 4
312,22,,,,,3,15899,92,8,6,2,1,3,1,23,,9,33,1,1,2,1,49,3,,,Low,Expert,1,0,0,Level 4
313,59,,,,,4,11793,56,10,6,2,1,5,1,81,,7,59,4,1,4,4,6,4,,Very High,High,Expert,1,1,0,Level 3
314,43,,,,,4,13256,74,27,3,9,1,2,1,1,,2,31,19,3,2,2,48,4,,,Low,,1,0,0,Level 3
315,51,,,,,5,9978,97,17,1,8,2,3,2,95,,5,44,16,4,2,1,27,4,,Very High,Normal,,1,1,0,Level 2
316,41,,,,,3,15098,62,15,6,7,2,3,4,89,,4,37,19,1,4,1,13,2,,,Normal,,1,0,1,Level 3
317,42,,,,,5,3545,70,14,10,9,2,1,3,30,,7,41,5,2,1,3,21,2,,Medium,Normal,,1,0,0,Level 1
318,21,,,,,2,8932,19,20,5,7,3,1,1,20,,2,43,16,2,1,4,10,2,,High,Normal,,1,0,0,Level 2
319,46,,,,,5,9203,93,29,4,6,3,3,1,92,,8,56,11,4,2,1,44,1,,Very High,High,,1,0,0,Level 2
320,21,,,,,2,11375,68,11,9,7,4,2,3,77,,7,47,19,3,4,1,40,1,,Very High,High,Expert,1,0,0,Level 2
321,45,,,,,2,17240,52,6,13,7,2,5,4,63,,3,58,10,3,4,2,34,4,,,High,Senior,1,0,1,Level 4
322,36,,,,,3,14462,33,4,4,9,1,2,4,48,,6,43,17,2,4,1,46,3,,,Normal,Experienced,0,0,1,Level 3
323,59,,,,,2,6303,83,29,1,5,1,4,3,46,,9,33,7,4,2,1,15,3,,High,Low,,1,1,0,Level 1
324,52,,,,,2,14827,87,5,10,7,2,4,3,0,,1,47,14,2,3,3,23,3,,,High,Experienced,1,1,0,Level 3
325,28,,,,,5,6286,85,11,13,1,4,4,1,33,,1,54,10,2,1,3,32,1,,High,High,Expert,1,0,0,Level 1
326,58,,,,,3,10489,38,12,6,6,1,2,3,31,,9,42,8,1,4,2,22,2,,Very High,Normal,,1,1,0,Level 2
327,48,,,,,3,18767,94,11,13,2,4,1,2,62,,1,46,2,4,3,3,42,4,,,High,Expert,1,0,0,Level 4
328,45,,,,,2,4711,24,18,7,7,2,3,1,62,,1,30,10,3,2,1,48,2,,Medium,Low,,1,0,0,Level 1
329,54,,,,,5,8496,99,7,1,4,3,3,1,51,,2,45,8,1,2,1,30,2,,High,Normal,Senior,1,1,0,Level 2
330,44,,,,,5,15915,35,25,9,4,1,2,3,38,,3,36,5,2,4,2,27,4,,,Normal,,1,0,0,Level 4
331,43,,,,,5,5250,29,23,10,2,4,2,3,75,,4,52,11,1,1,2,31,2,,Medium,High,,1,0,0,Level 1
332,32,,,,,5,18396,78,1,2,0,3,5,2,47,,4,37,0,2,4,4,4,1,,,Normal,New,0,0,0,Level 4
333,26,,,,,1,7383,27,16,7,1,4,4,2,2,,3,48,15,1,3,3,40,2,,High,High,,1,0,0,Level 2
334,55,,,,,2,10451,85,18,11,1,3,2,1,13,,8,43,12,4,3,1,34,2,,Very High,Normal,,1,1,0,Level 2
335,39,,,,,2,12260,54,12,8,6,2,5,1,85,,4,49,18,3,2,3,25,3,,,High,,1,0,0,Level 3
336,20,,,,,2,7677,22,11,8,1,3,5,3,25,,9,56,15,1,1,4,46,3,,High,High,Expert,1,0,0,Level 2
337,27,,,,,3,6488,52,8,1,6,1,1,3,34,,9,48,17,1,4,3,20,3,,High,High,Expert,1,0,0,Level 1
338,35,,,,,3,6212,66,1,10,0,2,4,2,86,,4,55,13,3,4,4,24,4,,High,High,New,0,0,0,Level 1
339,33,,,,,5,3916,16,16,1,1,2,3,2,3,,4,47,18,2,3,2,23,3,,Medium,High,,1,0,0,Level 1
340,31,,,,,3,14430,36,2,10,6,1,2,4,44,,3,51,7,1,3,1,45,2,,,High,New,0,0,1,Level 3
341,42,,,,,4,9269,18,21,4,6,3,1,4,25,,4,58,11,3,3,1,6,1,,Very High,High,,1,0,1,Level 2
342,34,,,,,2,15759,66,6,2,1,2,1,2,52,,5,48,10,2,2,3,13,3,,,High,Senior,1,0,0,Level 4
343,47,,,,,2,9042,21,17,10,9,2,5,3,63,,2,43,4,2,2,1,5,4,,Very High,Normal,,1,0,0,Level 2
344,53,,,,,1,11812,15,17,12,6,2,3,2,25,,6,33,15,3,2,4,1,1,,Very High,Low,,1,1,0,Level 3
345,21,,,,,1,17705,97,2,4,8,4,1,3,89,,7,46,18,3,4,4,33,3,,,High,New,0,0,0,Level 4
346,51,,,,,4,9731,72,19,6,7,1,4,3,93,,2,40,5,3,1,2,8,1,,Very High,Normal,,1,1,0,Level 2
347,42,,,,,1,14539,76,9,3,5,1,1,2,28,,8,53,8,1,2,3,42,4,,,High,Expert,1,0,0,Level 3
348,41,,,,,5,19448,80,3,10,3,2,5,3,95,,4,47,1,1,4,4,9,3,,,High,New,0,0,0,Level 4
349,44,,,,,5,6698,69,24,12,2,2,1,3,60,,4,42,4,2,4,2,17,3,,High,Normal,,1,0,0,Level 1
350,41,,,,,2,3201,27,22,3,7,1,5,3,13,,7,38,10,4,2,1,31,2,,Medium,Normal,,1,0,0,Level 1
351,41,,,,,5,7237,42,10,11,2,3,1,2,92,,9,36,15,1,3,1,31,2,,High,Normal,Expert,1,0,0,Level 2
352,25,,,,,1,19334,28,5,1,4,2,4,4,52,,7,36,7,2,2,2,6,3,,,Normal,Experienced,1,0,1,Level 4
353,34,,,,,4,5864,17,9,12,2,4,2,3,58,,5,30,1,2,1,3,44,4,,Medium,Low,Expert,1,0,0,Level 1
354,56,,,,,5,9360,30,24,5,8,1,2,3,68,,2,31,0,2,2,1,10,2,,Very High,Low,,1,1,0,Level 2
355,52,,,,,2,18326,60,14,12,6,3,1,4,29,,2,59,8,3,2,1,6,1,,,High,,1,1,1,Level 4
356,27,,,,,2,18945,17,11,7,2,3,3,4,21,,6,50,7,3,2,3,15,2,,,High,Expert,1,0,1,Level 4
357,24,,,,,1,8412,17,19,12,9,1,2,2,95,,5,40,19,3,4,2,1,4,,High,Normal,,1,0,0,Level 2
358,58,,,,,5,12349,55,23,11,6,4,1,4,80,,9,32,16,4,2,3,24,4,,,Low,,1,1,1,Level 3
359,23,,,,,1,9427,43,16,6,3,2,2,3,93,,5,37,12,2,3,2,8,3,,Very High,Normal,,1,0,0,Level 2
360,25,,,,,2,3101,54,14,12,0,1,5,2,5,,2,40,12,1,1,1,19,3,,Medium,Normal,,1,0,0,Level 1
361,51,,,,,4,3376,33,14,4,3,4,1,2,4,,1,54,17,4,2,3,30,2,,Medium,High,,1,1,0,Level 1
362,49,,,,,5,11397,34,4,6,9,1,1,4,40,,6,33,19,3,2,1,44,1,,Very High,Low,Experienced,0,0,1,Level 2
363,54,,,,,4,14916,35,8,3,7,3,2,3,99,,3,51,6,4,4,2,34,4,,,High,Expert,1,1,0,Level 3
364,59,,,,,5,18372,34,7,3,5,2,4,3,85,,6,54,6,4,2,3,44,1,,,High,Senior,1,1,0,Level 4
365,35,,,,,2,13249,61,3,7,0,3,1,1,46,,9,50,8,4,4,3,29,2,,,High,New,0,0,0,Level 3
366,32,,,,,5,6663,58,23,9,0,1,1,1,22,,6,52,12,3,3,4,2,2,,High,High,,1,0,0,Level 1
367,49,,,,,2,16478,16,22,1,3,4,4,3,76,,7,47,4,1,4,4,46,1,,,High,,1,0,0,Level 4
368,38,,,,,3,4060,57,22,4,5,1,4,4,52,,1,33,18,1,3,3,20,4,,Medium,Low,,1,0,1,Level 1
369,36,,,,,2,18701,71,14,12,3,2,4,2,39,,6,54,9,2,3,4,8,2,,,High,,1,0,0,Level 4
370,38,,,,,2,8124,33,11,14,8,1,3,2,60,,6,55,9,1,3,1,15,4,,High,High,Expert,1,0,0,Level 2
371,47,,,,,5,12081,78,26,10,1,1,3,4,79,,1,44,14,1,3,3,22,1,,,Normal,,1,0,1,Level 3
372,45,,,,,4,15690,60,19,5,5,3,4,4,13,,2,47,18,1,1,2,2,4,,,High,,1,0,1,Level 4
373,56,,,,,2,3810,55,4,2,6,2,3,1,21,,6,49,19,1,2,1,23,1,,Medium,High,Experienced,0,1,0,Level 1
374,45,,,,,5,12250,81,29,10,3,1,4,2,67,,3,38,13,2,2,2,17,1,,,Normal,,1,0,0,Level 3
375,42,,,,,2,13038,28,4,12,4,2,5,4,80,,3,38,17,1,2,3,13,3,,,Normal,Experienced,0,0,1,Level 3
376,28,,,,,1,7412,34,22,11,4,2,5,1,2,,2,44,17,4,3,4,10,4,,High,Normal,,1,0,0,Level 2
377,31,,,,,1,7398,49,29,3,1,4,1,2,66,,4,35,13,2,1,4,42,4,,High,Low,,1,0,0,Level 2
378,20,,,,,1,12317,39,25,5,4,4,1,3,72,,1,35,14,1,2,1,29,2,,,Low,,1,0,0,Level 3
379,20,,,,,1,3657,18,21,8,9,3,4,4,37,,1,31,18,4,2,2,17,3,,Medium,Low,,1,0,1,Level 1
380,53,,,,,4,3052,71,8,3,4,3,4,2,6,,8,59,15,2,1,2,11,3,,Medium,High,Expert,1,1,0,Level 1
381,51,,,,,2,15632,16,21,12,4,4,3,2,12,,8,41,2,2,2,2,32,3,,,Normal,,1,1,0,Level 3
382,44,,,,,1,3986,80,15,14,3,1,1,2,95,,9,48,3,2,3,1,45,4,,Medium,High,,1,0,0,Level 1
383,59,,,,,5,11402,35,16,3,9,1,3,1,54,,8,59,0,3,1,2,5,2,,Very High,High,,1,1,0,Level 3
384,20,,,,,1,3775,66,22,6,3,2,2,1,1,,2,46,6,1,3,1,41,1,,Medium,High,,1,0,0,Level 1
385,35,,,,,3,12106,89,22,8,6,3,4,2,36,,2,54,4,2,1,1,6,4,,,High,,1,0,0,Level 3
386,58,,,,,3,15470,92,4,1,5,4,1,3,76,,2,45,16,1,4,4,9,3,,,Normal,Experienced,0,1,0,Level 3
387,24,,,,,4,3505,95,10,7,7,1,1,3,92,,7,42,19,2,3,2,24,4,,Medium,Normal,Expert,1,0,0,Level 1
388,41,,,,,3,6298,29,26,13,0,4,3,3,76,,3,31,6,2,1,3,6,4,,High,Low,,1,0,0,Level 1
389,48,,,,,5,13429,60,5,7,9,2,5,4,49,,6,51,1,1,3,2,1,2,,,High,Experienced,1,0,1,Level 3
390,22,,,,,1,18957,45,4,3,1,4,4,1,19,,5,58,9,2,4,4,28,1,,,High,Experienced,0,0,0,Level 4
391,31,,,,,3,14105,76,2,3,1,2,4,3,48,,5,33,16,4,4,3,45,4,,,Low,New,0,0,0,Level 3
392,45,,,,,3,19148,48,18,9,1,3,4,1,10,,4,39,9,2,2,3,33,2,,,Normal,,1,0,0,Level 4
393,35,,,,,4,19644,50,8,10,2,1,5,2,49,,6,48,9,3,3,2,41,3,,,High,Expert,1,0,0,Level 4
394,56,,,,,3,4951,58,15,12,5,1,4,1,40,,3,57,8,3,4,1,19,4,,Medium,High,,1,1,0,Level 1
395,41,,,,,1,5370,77,4,11,2,1,5,4,72,,7,55,14,3,1,2,33,2,,Medium,High,Experienced,0,0,1,Level 1
396,48,,,,,2,9153,91,13,14,6,3,5,3,3,,5,55,13,3,4,1,35,2,,Very High,High,,1,0,0,Level 2
397,33,,,,,1,18300,32,14,1,2,2,3,2,42,,6,43,15,4,3,4,6,1,,,Normal,,1,0,0,Level 4
398,47,,,,,3,11279,95,9,1,5,1,4,4,78,,1,34,8,4,4,3,40,2,,Very High,Low,Expert,1,0,1,Level 2
399,24,,,,,3,14581,59,28,2,1,3,5,2,99,,9,56,0,1,2,3,35,4,,,High,,1,0,0,Level 3
400,49,,,,,3,5734,53,6,6,1,1,5,2,30,,2,40,19,4,4,3,20,2,,Medium,Normal,Senior,1,0,0,Level 1
401,24,,,,,4,5256,40,12,14,2,1,3,4,1,,5,41,6,1,2,4,8,4,,Medium,Normal,,1,0,1,Level 1
402,31,,,,,5,5969,92,28,8,7,3,4,2,11,,9,38,3,4,2,1,47,3,,Medium,Normal,,1,0,0,Level 1
403,35,,,,,1,18977,89,13,11,8,1,2,4,84,,5,34,8,1,3,4,43,3,,,Low,,1,0,1,Level 4
404,45,,,,,3,13502,38,21,10,1,1,5,3,29,,8,44,1,2,4,1,20,4,,,Normal,,1,0,0,Level 3
405,45,,,,,2,19362,72,23,13,6,4,1,2,43,,3,51,14,3,2,1,13,1,,,High,,1,0,0,Level 4
406,40,,,,,4,6277,64,6,1,0,4,3,4,86,,5,34,17,1,1,3,7,4,,High,Low,Senior,1,0,1,Level 1
407,58,,,,,5,14760,86,20,12,3,2,3,1,74,,9,38,6,4,2,2,43,2,,,Normal,,1,1,0,Level 3
408,55,,,,,3,6969,53,26,1,5,3,3,2,35,,9,44,19,3,1,2,16,4,,High,Normal,,1,1,0,Level 1
409,52,,,,,1,13909,86,25,2,6,4,4,4,24,,8,52,11,2,3,3,33,3,,,High,,1,1,1,Level 3
410,49,,,,,2,10920,45,22,12,2,4,2,1,70,,6,34,8,4,2,3,26,1,,Very High,Low,,1,0,0,Level 2
411,56,,,,,4,4488,97,19,7,2,1,1,2,49,,3,54,15,3,3,1,21,2,,Medium,High,,1,1,0,Level 1
412,42,,,,,1,13259,50,20,4,4,4,3,4,71,,6,41,11,3,3,2,11,3,,,Normal,,1,0,1,Level 3
413,29,,,,,1,13807,53,20,1,2,2,5,4,21,,9,52,10,3,1,4,47,4,,,High,,1,0,1,Level 3
414,24,,,,,4,14209,35,8,8,8,1,2,3,35,,2,47,2,4,2,2,44,3,,,High,Expert,1,0,0,Level 3
415,55,,,,,1,12323,37,5,4,1,1,2,2,2,,5,53,17,1,2,4,6,3,,,High,Experienced,1,1,0,Level 3
416,53,,,,,2,5187,68,8,7,9,2,3,1,77,,9,36,15,1,2,1,23,1,,Medium,Normal,Expert,1,1,0,Level 1
417,50,,,,,2,19654,50,13,11,6,1,1,3,26,,8,47,13,2,4,3,25,4,,,High,,1,1,0,Level 4
418,29,,,,,1,19047,29,27,8,6,2,3,3,99,,3,32,18,3,3,3,47,4,,,Low,,1,0,0,Level 4
419,38,,,,,3,12788,16,24,1,2,2,1,4,89,,2,58,0,4,2,4,16,3,,,High,,1,0,1,Level 3
420,51,,,,,1,14718,90,22,2,7,2,3,3,6,,3,53,9,1,3,4,26,4,,,High,,1,1,0,Level 3
421,20,,,,,3,15571,84,13,13,2,4,3,4,36,,7,42,9,4,3,2,26,3,,,Normal,,1,0,1,Level 3
422,24,,,,,1,19749,52,5,2,4,1,3,3,54,,8,50,10,3,1,3,5,1,,,High,Experienced,1,0,0,Level 4
423,23,,,,,5,13723,79,14,11,0,3,4,4,43,,7,47,4,3,3,1,10,1,,,High,,1,0,1,Level 3
424,35,,,,,2,3783,64,18,5,9,4,3,4,71,,7,39,3,1,1,1,12,3,,Medium,Normal,,1,0,1,Level 1
425,43,,,,,1,13403,15,15,5,3,3,2,4,59,,8,36,7,1,4,2,20,2,,,Normal,,1,0,1,Level 3
426,35,,,,,2,10138,35,1,6,1,1,5,4,58,,8,47,7,3,2,4,5,3,,Very High,High,New,0,0,1,Level 2
427,21,,,,,4,10159,71,7,2,4,2,5,3,51,,5,48,19,2,4,2,24,2,,Very High,High,Senior,1,0,0,Level 2
428,47,,,,,5,8485,33,10,8,3,3,3,1,3,,7,30,0,2,1,1,10,2,,High,Low,Expert,1,0,0,Level 2
429,51,,,,,3,15361,43,28,1,3,4,4,4,1,,9,38,12,2,1,3,9,2,,,Normal,,1,1,1,Level 3
430,46,,,,,4,19621,64,26,9,3,2,3,2,16,,8,50,7,2,4,2,13,3,,,High,,1,0,0,Level 4
431,39,,,,,5,15075,48,27,5,4,3,3,1,84,,9,54,19,3,3,3,24,3,,,High,,1,0,0,Level 3
432,43,,,,,4,13177,95,23,10,8,1,1,1,99,,5,45,10,4,2,3,19,3,,,Normal,,1,0,0,Level 3
433,31,,,,,2,10058,96,2,8,8,3,2,2,83,,4,46,2,1,1,2,22,3,,Very High,High,New,0,0,0,Level 2
434,54,,,,,5,18884,68,13,8,3,4,1,2,29,,6,55,0,4,3,1,2,4,,,High,,1,1,0,Level 4
435,52,,,,,4,17569,46,3,2,8,1,5,4,47,,6,47,4,1,4,1,1,2,,,High,New,0,1,1,Level 4
436,52,,,,,3,4462,18,27,9,7,2,4,2,1,,4,38,17,1,2,3,3,4,,Medium,Normal,,1,1,0,Level 1
437,56,,,,,5,12413,44,8,6,4,4,1,3,78,,5,43,9,4,4,4,47,2,,,Normal,Expert,1,1,0,Level 3
438,31,,,,,5,14628,32,12,3,7,2,2,3,65,,5,53,4,3,4,2,33,4,,,High,,1,0,0,Level 3
439,22,,,,,4,9296,83,4,1,6,1,2,4,26,,6,46,17,2,4,3,25,2,,Very High,High,Experienced,0,0,1,Level 2
440,20,,,,,1,4656,43,21,9,1,3,2,4,20,,1,58,8,3,1,2,23,2,,Medium,High,,1,0,1,Level 1
441,52,,,,,3,4131,26,23,3,9,4,5,3,88,,2,56,2,4,4,2,6,2,,Medium,High,,1,1,0,Level 1
442,59,,,,,3,3810,29,8,1,7,2,1,3,92,,6,39,19,2,4,1,19,3,,Medium,Normal,Expert,1,1,0,Level 1
443,29,,,,,4,3055,93,1,5,8,1,2,2,4,,5,39,11,2,4,4,45,4,,Medium,Normal,New,0,0,0,Level 1
444,48,,,,,2,6279,67,23,8,1,1,5,4,64,,6,51,13,1,4,4,49,2,,High,High,,1,0,1,Level 1
445,32,,,,,2,4533,49,3,13,1,3,4,2,24,,8,50,0,4,2,3,44,4,,Medium,High,New,0,0,0,Level 1
446,31,,,,,1,7011,66,15,13,9,4,3,4,24,,7,55,0,1,2,1,10,1,,High,High,,1,0,1,Level 1
447,50,,,,,1,17635,67,15,14,8,3,4,2,47,,1,48,0,4,1,2,37,3,,,High,,1,1,0,Level 4
448,21,,,,,4,8967,28,21,7,0,1,1,3,10,,7,58,14,1,1,3,18,1,,High,High,,1,0,0,Level 2
449,54,,,,,2,15516,32,28,5,2,3,4,2,96,,2,49,0,4,2,2,37,4,,,High,,1,1,0,Level 3
450,42,,,,,3,18624,52,12,14,2,4,5,4,18,,8,39,2,4,3,3,33,1,,,Normal,,1,0,1,Level 4
451,36,,,,,2,9609,52,1,13,5,1,1,1,17,,9,54,11,2,2,2,35,4,,Very High,High,New,0,0,0,Level 2
452,45,,,,,4,9280,69,11,2,6,2,2,2,6,,6,54,1,3,4,3,37,1,,Very High,High,Expert,1,0,0,Level 2
453,27,,,,,2,11431,25,19,2,2,1,5,3,86,,7,51,9,2,2,2,4,4,,Very High,High,,1,0,0,Level 3
454,48,,,,,5,5004,81,5,3,7,3,1,4,3,,6,42,3,1,2,3,36,3,,Medium,Normal,Experienced,1,0,1,Level 1
455,45,,,,,4,14961,67,17,6,1,3,1,2,20,,4,54,5,4,3,4,32,2,,,High,,1,0,0,Level 3
456,29,,,,,5,8434,92,2,12,2,3,5,1,40,,1,41,7,4,3,1,15,2,,High,Normal,New,0,0,0,Level 2
457,45,,,,,4,7246,58,13,13,9,3,4,2,76,,5,41,13,1,1,3,48,4,,High,Normal,,1,0,0,Level 2
458,53,,,,,3,6396,39,3,4,1,1,4,4,90,,1,59,12,4,3,2,21,2,,High,High,New,0,1,1,Level 1
459,26,,,,,4,10570,76,13,12,1,4,2,3,5,,8,57,3,2,1,3,21,2,,Very High,High,,1,0,0,Level 2
460,23,,,,,4,11544,28,8,13,5,1,1,4,76,,8,53,14,3,1,3,46,4,,Very High,High,Expert,1,0,1,Level 3
461,30,,,,,4,7561,61,21,9,2,4,4,3,62,,1,37,19,3,1,4,26,1,,High,Normal,,1,0,0,Level 2
462,48,,,,,4,4063,69,21,3,2,1,1,1,17,,5,33,0,3,3,4,11,2,,Medium,Low,,1,0,0,Level 1
463,55,,,,,1,17989,97,13,6,8,1,4,1,26,,4,50,12,3,1,4,41,1,,,High,,1,1,0,Level 4
464,44,,,,,5,4395,26,3,4,0,4,5,3,86,,6,53,17,3,2,3,28,2,,Medium,High,New,0,0,0,Level 1
465,40,,,,,4,3052,21,25,1,8,3,5,1,45,,3,32,3,4,1,2,24,1,,Medium,Low,,1,0,0,Level 1
466,55,,,,,4,5786,63,9,1,1,4,4,4,45,,6,59,13,2,1,4,15,3,,Medium,High,Expert,1,1,1,Level 1
467,29,,,,,1,17675,28,28,13,1,4,5,1,94,,7,53,13,2,2,3,30,3,,,High,,1,0,0,Level 4
468,56,,,,,2,4144,43,28,11,4,2,1,2,84,,8,44,4,4,1,3,35,2,,Medium,Normal,,1,1,0,Level 1
469,28,,,,,1,5112,61,2,13,5,2,5,4,88,,9,42,1,4,1,4,30,4,,Medium,Normal,New,0,0,1,Level 1
470,43,,,,,1,16751,28,8,11,7,3,2,1,44,,1,36,13,1,3,2,2,4,,,Normal,Expert,1,0,0,Level 4
471,54,,,,,1,3295,65,1,13,0,2,4,4,42,,2,37,15,2,1,2,27,3,,Medium,Normal,New,0,1,1,Level 1
472,54,,,,,4,17540,28,21,8,4,1,2,3,79,,9,47,15,1,4,3,9,4,,,High,,1,1,0,Level 4
473,55,,,,,1,7742,22,15,3,9,2,5,1,49,,4,30,6,1,1,3,37,4,,High,Low,,1,1,0,Level 2
474,37,,,,,1,9278,91,23,2,7,4,4,1,79,,7,41,8,1,2,4,13,4,,Very High,Normal,,1,0,0,Level 2
475,58,,,,,1,5425,79,8,1,1,1,4,1,20,,6,39,8,2,4,2,31,1,,Medium,Normal,Expert,1,1,0,Level 1
476,51,,,,,4,10219,51,8,8,9,4,1,1,32,,9,43,6,1,4,4,37,3,,Very High,Normal,Expert,1,1,0,Level 2
477,43,,,,,3,10011,82,22,14,8,1,1,1,91,,8,47,11,1,3,4,39,2,,Very High,High,,1,0,0,Level 2
478,42,,,,,3,5627,30,7,9,9,4,5,4,29,,5,40,2,1,1,2,49,4,,Medium,Normal,Senior,1,0,1,Level 1
479,51,,,,,2,7805,97,20,1,3,1,1,1,0,,1,34,15,1,2,4,23,2,,High,Low,,1,1,0,Level 2
480,56,,,,,4,19365,34,13,8,6,3,1,3,68,,6,38,8,1,3,1,7,1,,,Normal,,1,1,0,Level 4
481,31,,,,,1,17199,81,26,11,0,4,2,2,32,,3,53,13,3,2,4,7,4,,,High,,1,0,0,Level 4
482,32,,,,,1,11701,85,7,1,1,4,2,3,74,,8,52,10,2,4,2,12,4,,Very High,High,Senior,1,0,0,Level 3
483,42,,,,,1,10935,46,7,10,0,1,2,4,71,,1,49,2,1,2,1,17,2,,Very High,High,Senior,1,0,1,Level 2
484,44,,,,,3,9920,83,25,2,7,4,5,4,94,,7,41,0,2,1,4,4,2,,Very High,Normal,,1,0,1,Level 2
485,54,,,,,1,17261,99,11,12,0,3,4,2,84,,1,45,5,3,3,3,13,4,,,Normal,Expert,1,1,0,Level 4
486,49,,,,,1,4970,44,2,1,8,4,3,2,88,,3,40,18,1,1,2,39,3,,Medium,Normal,New,0,0,0,Level 1
487,36,,,,,3,4551,34,11,13,6,3,5,3,17,,5,32,17,1,1,2,16,2,,Medium,Low,Expert,1,0,0,Level 1
488,39,,,,,1,19485,72,24,13,4,2,4,1,11,,6,49,4,4,1,1,9,3,,,High,,1,0,0,Level 4
489,44,,,,,2,11083,43,25,13,0,2,1,4,11,,8,44,2,3,3,1,40,1,,Very High,Normal,,1,0,1,Level 2
490,41,,,,,5,14284,38,19,14,3,2,5,3,98,,3,37,7,1,1,1,18,1,,,Normal,,1,0,0,Level 3
491,32,,,,,2,19916,15,24,2,2,3,4,4,63,,8,53,19,4,1,1,25,3,,,High,,1,0,1,Level 4
492,38,,,,,4,3091,41,1,12,6,3,5,4,28,,7,35,8,2,1,2,14,3,,Medium,Low,New,0,0,1,Level 1
493,55,,,,,2,4819,35,29,14,0,1,1,1,77,,4,41,17,1,2,2,39,4,,Medium,Normal,,1,1,0,Level 1
494,31,,,,,2,7934,31,26,12,9,4,1,2,76,,6,49,19,4,4,1,29,2,,High,High,,1,0,0,Level 2
495,38,,,,,3,11696,46,21,2,3,3,5,4,18,,4,32,2,3,1,1,31,4,,Very High,Low,,1,0,1,Level 3
496,31,,,,,4,7936,58,17,12,4,1,5,4,83,,3,37,6,3,4,3,2,1,,High,Normal,,1,0,1,Level 2
497,28,,,,,2,9868,36,1,5,2,2,3,2,1,,2,55,18,2,4,3,12,2,,Very High,High,New,0,0,0,Level 2
498,26,,,,,5,13387,56,13,13,4,4,2,2,11,,2,47,7,4,3,1,5,1,,,High,,1,0,0,Level 3
499,47,,,,,2,12125,97,6,10,3,3,4,1,43,,6,37,19,3,1,4,44,2,,,Normal,Senior,1,0,0,Level 3
500,33,,,,,1,13838,76,5,13,4,1,1,1,73,,8,50,2,2,4,4,29,3,,,High,Experienced,1,0,0,Level 3
501,50,,,,,3,15692,62,21,3,8,1,1,2,35,,8,38,6,4,3,2,7,4,,,Normal,,1,1,0,Level 4
502,38,,,,,1,10072,22,2,13,7,3,4,2,16,,4,45,8,4,4,2,10,1,,Very High,Normal,New,0,0,0,Level 2
503,35,,,,,4,19773,16,10,1,7,2,5,3,6,,9,39,19,4,3,4,15,1,,,Normal,Expert,1,0,0,Level 4
504,24,,,,,4,11957,19,25,10,1,1,3,1,99,,5,44,8,1,1,1,33,2,,Very High,Normal,,1,0,0,Level 3
505,54,,,,,3,11539,42,28,2,2,3,4,2,17,,4,37,8,4,3,2,28,4,,Very High,Normal,,1,1,0,Level 3
506,31,,,,,2,14765,18,21,12,3,3,5,2,12,,3,44,14,3,3,2,28,1,,,Normal,,1,0,0,Level 3
507,44,,,,,4,12537,67,19,4,9,1,1,3,76,,3,57,15,4,4,1,4,3,,,High,,1,0,0,Level 3
508,40,,,,,5,18423,15,27,7,0,4,5,3,59,,3,59,3,1,2,3,11,4,,,High,,1,0,0,Level 4
509,55,,,,,3,18513,93,7,12,8,4,2,4,11,,6,48,17,2,1,3,27,2,,,High,Senior,1,1,1,Level 4
510,42,,,,,1,14197,91,22,1,1,4,3,1,78,,1,33,18,4,1,3,7,4,,,Low,,1,0,0,Level 3
511,35,,,,,5,18754,95,15,5,1,1,2,3,47,,8,41,14,1,3,4,38,2,,,Normal,,1,0,0,Level 4
512,58,,,,,3,11521,20,11,2,7,1,2,1,50,,4,57,17,4,4,2,24,1,,Very High,High,Expert,1,1,0,Level 3
513,58,,,,,5,14726,69,6,13,9,3,5,2,66,,5,38,9,4,2,1,46,3,,,Normal,Senior,1,1,0,Level 3
514,33,,,,,3,6793,66,5,12,8,3,5,2,59,,3,35,12,2,3,3,42,2,,High,Low,Experienced,1,0,0,Level 1
515,50,,,,,1,9064,91,4,8,0,3,4,2,9,,5,54,4,1,3,3,24,1,,Very High,High,Experienced,0,1,0,Level 2
516,24,,,,,2,17427,99,6,2,1,2,1,3,22,,3,44,19,3,4,4,13,2,,,Normal,Senior,1,0,0,Level 4
517,54,,,,,3,4245,38,7,4,9,2,3,2,3,,1,48,16,1,1,4,7,4,,Medium,High,Senior,1,1,0,Level 1
518,42,,,,,4,5237,76,12,6,4,4,2,1,24,,9,53,11,3,3,1,12,4,,Medium,High,,1,0,0,Level 1
519,48,,,,,1,18105,70,14,9,8,3,5,2,64,,2,54,16,4,2,2,19,4,,,High,,1,0,0,Level 4
520,30,,,,,1,15376,38,24,10,9,1,1,1,60,,6,57,3,1,3,1,32,3,,,High,,1,0,0,Level 3
521,37,,,,,5,19746,90,2,4,4,3,4,3,68,,3,30,16,4,4,3,23,1,,,Low,New,0,0,0,Level 4
522,31,,,,,4,14634,34,20,4,6,3,5,3,68,,8,56,2,2,4,1,19,3,,,High,,1,0,0,Level 3
523,28,,,,,5,19715,48,27,7,5,4,4,4,46,,1,38,3,1,3,3,32,1,,,Normal,,1,0,1,Level 4
524,29,,,,,1,15995,29,23,14,5,2,5,3,26,,8,55,16,1,1,3,19,1,,,High,,1,0,0,Level 4
525,36,,,,,3,10593,65,3,12,1,3,3,3,61,,6,40,10,1,3,4,34,1,,Very High,Normal,New,0,0,0,Level 2
526,57,,,,,4,9987,18,5,1,9,1,2,3,70,,7,41,14,2,4,4,44,3,,Very High,Normal,Experienced,1,1,0,Level 2
527,26,,,,,1,16766,67,10,5,7,4,4,1,48,,7,47,13,2,1,1,42,1,,,High,Expert,1,0,0,Level 4
528,32,,,,,4,18030,28,7,5,5,2,4,4,60,,4,41,10,1,1,3,23,3,,,Normal,Senior,1,0,1,Level 4
529,59,,,,,3,3421,79,9,13,3,3,4,3,87,,3,50,15,2,3,4,28,2,,Medium,High,Expert,1,1,0,Level 1
530,28,,,,,2,11954,47,22,1,6,2,5,2,86,,4,45,3,1,2,2,21,3,,Very High,Normal,,1,0,0,Level 3
531,46,,,,,5,3248,64,18,6,8,1,4,2,71,,7,43,4,2,4,3,24,3,,Medium,Normal,,1,0,0,Level 1
532,21,,,,,5,9324,77,25,13,6,1,5,1,29,,7,32,12,4,3,2,20,4,,Very High,Low,,1,0,0,Level 2
533,24,,,,,1,14738,64,6,13,5,3,5,3,30,,8,30,11,3,4,1,32,1,,,Low,Senior,1,0,0,Level 3
534,48,,,,,1,3482,88,10,9,1,4,3,3,15,,6,50,18,2,4,4,14,2,,Medium,High,Expert,1,0,0,Level 1
535,56,,,,,3,14667,50,12,7,2,4,5,3,91,,1,57,0,1,1,3,33,4,,,High,,1,1,0,Level 3
536,57,,,,,1,15050,92,2,2,6,4,1,3,64,,7,58,17,3,2,3,3,2,,,High,New,0,1,0,Level 3
537,38,,,,,1,14424,85,29,4,0,4,4,1,10,,2,36,1,4,2,4,48,1,,,Normal,,1,0,0,Level 3
538,27,,,,,1,15818,64,1,12,0,4,2,4,61,,7,57,10,2,2,1,34,2,,,High,New,0,0,1,Level 4
539,20,,,,,4,13139,55,28,8,2,3,4,4,37,,1,58,11,2,3,3,15,1,,,High,,1,0,1,Level 3
540,41,,,,,4,9706,84,4,1,4,2,1,1,86,,5,47,10,1,3,2,36,2,,Very High,High,Experienced,0,0,0,Level 2
541,36,,,,,2,12559,41,15,13,2,1,5,3,95,,7,31,0,3,2,3,26,3,,,Low,,1,0,0,Level 3
542,26,,,,,4,11314,44,2,6,8,3,3,4,95,,4,40,5,4,4,4,9,2,,Very High,Normal,New,0,0,1,Level 2
543,44,,,,,5,15606,46,28,3,6,1,5,1,92,,8,32,4,3,1,3,14,2,,,Low,,1,0,0,Level 3
544,23,,,,,2,4597,97,23,13,1,3,3,3,94,,6,39,19,1,4,4,9,2,,Medium,Normal,,1,0,0,Level 1
545,55,,,,,1,9388,36,27,3,9,3,2,3,58,,6,42,2,2,3,1,33,1,,Very High,Normal,,1,1,0,Level 2
546,25,,,,,5,11735,99,23,12,9,1,4,4,18,,2,53,11,3,4,4,28,1,,Very High,High,,1,0,1,Level 3
547,50,,,,,2,8576,83,3,14,2,3,5,2,8,,5,51,7,1,1,1,41,4,,High,High,New,0,1,0,Level 2
548,38,,,,,2,11206,35,27,1,2,3,3,1,95,,6,48,2,3,4,1,3,2,,Very High,High,,1,0,0,Level 2
549,58,,,,,5,4478,70,26,14,8,3,3,4,94,,2,48,5,3,2,4,23,3,,Medium,High,,1,1,1,Level 1
550,46,,,,,2,12574,98,17,8,6,3,1,2,68,,2,39,13,1,2,3,6,4,,,Normal,,1,0,0,Level 3
551,29,,,,,5,13250,45,2,5,2,3,1,2,22,,1,52,13,1,2,1,14,2,,,High,New,0,0,0,Level 3
552,45,,,,,2,5274,73,13,1,0,4,4,1,54,,3,42,12,1,1,3,8,4,,Medium,Normal,,1,0,0,Level 1
553,38,,,,,2,5161,84,8,13,3,3,3,4,84,,4,32,7,4,1,2,23,1,,Medium,Low,Expert,1,0,1,Level 1
554,58,,,,,2,19987,57,20,5,4,3,2,2,19,,4,31,10,4,4,3,47,4,,,Low,,1,1,0,Level 4
555,22,,,,,5,7043,68,19,14,8,3,3,2,12,,3,50,16,2,1,2,43,2,,High,High,,1,0,0,Level 1
556,32,,,,,2,10254,32,10,5,3,2,3,2,56,,6,37,6,3,3,1,31,1,,Very High,Normal,Expert,1,0,0,Level 2
557,47,,,,,4,16561,69,7,11,9,3,5,3,19,,9,45,13,3,4,2,49,2,,,Normal,Senior,1,0,0,Level 4
558,39,,,,,4,14784,43,26,9,1,3,5,4,46,,7,46,7,1,3,3,17,2,,,High,,1,0,1,Level 3
559,47,,,,,4,12196,75,4,12,0,2,1,2,76,,1,46,11,2,4,2,39,2,,,High,Experienced,0,0,0,Level 3
560,27,,,,,4,9754,65,18,10,4,2,5,3,6,,7,46,7,3,1,4,10,4,,Very High,High,,1,0,0,Level 2
561,58,,,,,4,16859,90,3,3,2,1,3,1,33,,7,49,2,4,1,4,12,1,,,High,New,0,1,0,Level 4
562,20,,,,,1,17673,26,15,12,8,1,5,4,55,,2,53,2,4,1,3,22,2,,,High,,1,0,1,Level 4
563,22,,,,,2,11723,75,20,9,2,1,1,4,52,,6,37,8,4,4,1,11,1,,Very High,Normal,,1,0,1,Level 3
564,32,,,,,3,3758,85,17,8,2,1,4,3,52,,7,35,13,4,2,4,22,4,,Medium,Low,,1,0,0,Level 1
565,47,,,,,1,19389,30,24,10,1,2,2,3,80,,8,52,16,3,3,1,25,2,,,High,,1,0,0,Level 4
566,44,,,,,5,11776,26,27,2,2,1,3,3,62,,8,55,11,1,4,1,4,3,,Very High,High,,1,0,0,Level 3
567,52,,,,,1,6676,76,8,9,8,3,2,2,29,,8,37,11,1,4,1,34,1,,High,Normal,Expert,1,1,0,Level 1
568,57,,,,,3,16084,99,21,11,6,2,4,4,67,,1,52,17,2,3,3,18,2,,,High,,1,1,1,Level 4
569,25,,,,,1,5266,82,15,14,1,4,3,1,3,,5,31,9,1,2,2,15,2,,Medium,Low,,1,0,0,Level 1
570,51,,,,,2,5414,74,13,14,2,3,2,2,36,,1,58,2,4,4,3,43,4,,Medium,High,,1,1,0,Level 1
571,40,,,,,4,16176,95,14,5,7,4,4,2,38,,8,51,11,2,1,2,39,1,,,High,,1,0,0,Level 4
572,35,,,,,2,19944,42,22,8,9,1,3,3,35,,1,49,1,2,3,2,41,2,,,High,,1,0,0,Level 4
573,40,,,,,1,4318,78,4,13,7,1,4,2,14,,8,46,13,2,2,4,34,2,,Medium,High,Experienced,0,0,0,Level 1
574,30,,,,,3,5552,86,11,13,9,3,3,3,85,,9,56,8,3,4,2,22,2,,Medium,High,Expert,1,0,0,Level 1
575,56,,,,,5,8418,64,3,8,0,1,3,1,74,,7,41,0,3,1,3,4,4,,High,Normal,New,0,1,0,Level 2
576,55,,,,,2,16595,40,19,4,0,1,4,4,35,,4,55,8,2,2,4,43,2,,,High,,1,1,1,Level 4
577,54,,,,,3,9720,54,13,1,7,1,1,1,95,,8,30,15,2,3,2,9,3,,Very High,Low,,1,1,0,Level 2
578,38,,,,,5,4077,69,4,11,7,1,2,3,18,,6,34,11,3,2,4,48,2,,Medium,Low,Experienced,0,0,0,Level 1
579,39,,,,,4,5526,45,13,14,1,4,1,1,15,,8,48,9,3,4,1,40,4,,Medium,High,,1,0,0,Level 1
580,37,,,,,2,18901,97,15,9,7,3,5,2,73,,3,42,13,4,1,2,7,2,,,Normal,,1,0,0,Level 4
581,33,,,,,2,3721,85,6,6,0,1,2,2,80,,3,59,6,1,3,4,23,3,,Medium,High,Senior,1,0,0,Level 1
582,34,,,,,4,12436,19,18,2,4,4,3,3,42,,2,54,12,1,3,3,41,4,,,High,,1,0,0,Level 3
583,50,,,,,4,8801,27,22,4,9,2,2,1,5,,9,49,18,3,4,1,11,2,,High,High,,1,1,0,Level 2
584,20,,,,,1,4345,32,8,11,4,3,2,2,96,,2,30,16,4,3,3,2,4,,Medium,Low,Expert,1,0,0,Level 1
585,22,,,,,5,3745,96,9,10,7,3,5,2,83,,4,52,11,2,4,4,42,3,,Medium,High,Expert,1,0,0,Level 1
586,35,,,,,3,16326,64,29,5,7,2,1,1,13,,4,39,2,3,3,4,15,4,,,Normal,,1,0,0,Level 4
587,42,,,,,4,11124,98,20,6,9,1,3,4,27,,3,51,1,4,2,2,34,4,,Very High,High,,1,0,1,Level 2
588,30,,,,,1,8599,50,21,5,3,3,2,2,5,,6,33,11,4,2,3,36,2,,High,Low,,1,0,0,Level 2
589,31,,,,,5,3877,66,24,13,1,2,1,4,18,,9,55,8,2,3,2,13,1,,Medium,High,,1,0,1,Level 1
590,29,,,,,5,7813,47,26,9,5,2,5,1,5,,7,52,16,1,3,3,19,2,,High,High,,1,0,0,Level 2
591,51,,,,,2,13616,78,2,10,3,4,1,2,4,,1,40,2,1,2,1,43,4,,,Normal,New,0,1,0,Level 3
592,35,,,,,1,10764,85,10,11,1,2,5,1,65,,1,49,2,2,1,4,15,4,,Very High,High,Expert,1,0,0,Level 2
593,27,,,,,1,10309,83,2,2,8,3,2,3,47,,1,35,19,3,3,2,49,1,,Very High,Low,New,0,0,0,Level 2
594,57,,,,,2,13891,87,9,11,8,2,3,2,69,,5,32,18,2,3,3,46,4,,,Low,Expert,1,1,0,Level 3
595,31,,,,,3,12654,44,27,12,6,2,1,4,13,,2,34,16,4,1,1,41,4,,,Low,,1,0,1,Level 3
596,43,,,,,4,4364,82,22,12,1,2,5,2,77,,6,41,6,3,3,4,42,1,,Medium,Normal,,1,0,0,Level 1
597,47,,,,,2,19348,36,26,3,2,3,3,1,93,,6,30,1,4,2,1,33,3,,,Low,,1,0,0,Level 4
598,27,,,,,4,18538,73,9,10,8,2,2,3,44,,7,57,16,3,1,3,17,2,,,High,Expert,1,0,0,Level 4
599,47,,,,,1,17289,22,13,11,7,4,1,2,39,,3,42,9,4,3,1,2,1,,,Normal,,1,0,0,Level 4
600,55,,,,,2,7261,80,10,3,9,3,4,1,87,,5,40,12,3,1,4,6,1,,High,Normal,Expert,1,1,0,Level 2
601,45,,,,,3,7082,51,7,13,1,4,3,3,29,,5,43,12,4,2,4,10,3,,High,Normal,Senior,1,0,0,Level 1
602,27,,,,,4,6419,70,13,3,4,4,1,1,74,,1,55,10,2,1,4,22,1,,High,High,,1,0,0,Level 1
603,47,,,,,4,6037,75,5,13,1,3,5,1,77,,9,43,12,1,1,1,49,1,,High,Normal,Experienced,1,0,0,Level 1
604,47,,,,,4,17501,79,12,6,0,2,4,3,21,,7,51,17,4,2,2,43,3,,,High,,1,0,0,Level 4
605,56,,,,,1,16397,56,9,8,8,1,3,1,2,,4,54,4,4,3,2,19,3,,,High,Expert,1,1,0,Level 4
606,55,,,,,4,15164,63,9,5,6,3,4,2,28,,9,43,2,4,1,2,41,3,,,Normal,Expert,1,1,0,Level 3
607,46,,,,,5,18180,82,18,11,3,2,3,2,47,,3,59,6,2,2,1,31,3,,,High,,1,0,0,Level 4
608,36,,,,,4,15838,23,24,6,2,3,2,4,7,,4,32,6,4,1,1,4,3,,,Low,,1,0,1,Level 4
609,28,,,,,1,19982,22,8,1,2,2,5,3,48,,2,43,8,1,4,2,14,3,,,Normal,Expert,1,0,0,Level 4
610,52,,,,,2,6743,72,18,10,6,2,5,2,6,,3,30,19,3,2,1,32,1,,High,Low,,1,1,0,Level 1
611,39,,,,,4,11608,68,10,3,9,1,2,3,23,,7,38,10,2,4,3,25,1,,Very High,Normal,Expert,1,0,0,Level 3
612,32,,,,,4,14625,99,23,4,8,3,3,1,4,,3,51,10,1,4,1,38,2,,,High,,1,0,0,Level 3
613,47,,,,,2,18505,62,1,11,6,3,3,3,83,,2,38,19,4,2,1,5,1,,,Normal,New,0,0,0,Level 4
614,48,,,,,5,17027,68,21,7,1,3,5,4,63,,1,48,16,3,2,4,9,3,,,High,,1,0,1,Level 4
615,32,,,,,1,9210,42,21,11,5,4,1,2,4,,4,35,3,1,4,3,4,2,,Very High,Low,,1,0,0,Level 2
616,54,,,,,2,4082,80,10,12,7,3,3,2,48,,8,32,2,2,4,4,13,1,,Medium,Low,Expert,1,1,0,Level 1
617,25,,,,,1,3587,95,5,13,6,4,2,3,69,,8,37,12,3,1,1,42,3,,Medium,Normal,Experienced,1,0,0,Level 1
618,37,,,,,2,13999,45,18,5,1,4,5,4,91,,8,35,19,1,4,3,8,2,,,Low,,1,0,1,Level 3
619,24,,,,,3,6658,27,19,1,6,2,2,4,14,,8,38,2,2,1,2,26,4,,High,Normal,,1,0,1,Level 1
620,44,,,,,5,18845,73,13,3,8,4,2,2,58,,3,32,14,1,2,1,14,2,,,Low,,1,0,0,Level 4
621,21,,,,,3,13415,96,6,11,2,3,3,3,89,,5,44,11,1,4,1,28,1,,,Normal,Senior,1,0,0,Level 3
622,29,,,,,2,15609,45,17,2,2,1,2,4,20,,9,42,19,1,2,2,28,2,,,Normal,,1,0,1,Level 3
623,49,,,,,2,13375,47,28,6,4,3,5,4,84,,9,57,11,3,3,4,17,3,,,High,,1,0,1,Level 3
624,24,,,,,1,17763,67,22,5,8,2,1,2,8,,4,54,13,2,2,3,47,2,,,High,,1,0,0,Level 4
625,52,,,,,2,19148,50,14,3,0,2,5,4,46,,7,53,9,3,1,3,44,3,,,High,,1,1,1,Level 4
626,20,,,,,1,8913,99,6,2,6,4,4,4,40,,9,33,19,3,1,4,23,2,,High,Low,Senior,1,0,1,Level 2
627,37,,,,,1,13213,83,23,1,6,2,5,3,55,,8,44,2,3,4,3,32,2,,,Normal,,1,0,0,Level 3
628,51,,,,,2,13561,89,25,2,3,2,4,2,73,,6,30,8,3,3,4,14,3,,,Low,,1,1,0,Level 3
629,30,,,,,1,3170,48,16,5,5,4,3,2,47,,6,34,10,3,3,3,10,3,,Medium,Low,,1,0,0,Level 1
630,40,,,,,5,8019,75,9,5,0,4,4,3,61,,7,43,6,3,1,3,35,2,,High,Normal,Expert,1,0,0,Level 2
631,45,,,,,3,16729,74,4,9,9,2,1,2,88,,8,39,7,3,2,1,3,3,,,Normal,Experienced,0,0,0,Level 4
632,44,,,,,2,5108,17,18,6,3,3,3,2,84,,3,56,6,2,4,1,2,2,,Medium,High,,1,0,0,Level 1
633,41,,,,,1,18476,20,5,3,2,3,1,4,97,,4,47,18,4,2,1,47,2,,,High,Experienced,1,0,1,Level 4
634,46,,,,,1,12850,34,1,10,4,4,4,1,30,,7,50,1,2,4,2,18,1,,,High,New,0,0,0,Level 3
635,32,,,,,1,12987,18,29,11,7,2,3,1,65,,6,30,9,4,1,1,5,2,,,Low,,1,0,0,Level 3
636,52,,,,,1,9616,67,15,3,4,2,4,4,15,,3,55,11,4,4,2,31,3,,Very High,High,,1,1,1,Level 2
637,53,,,,,5,5785,85,12,3,0,3,2,4,34,,6,44,17,1,1,4,9,4,,Medium,Normal,,1,1,1,Level 1
638,54,,,,,2,3396,76,14,12,1,4,1,1,48,,2,32,16,2,2,1,5,1,,Medium,Low,,1,1,0,Level 1
639,20,,,,,2,11031,95,28,8,1,2,2,3,30,,4,43,13,1,2,3,16,2,,Very High,Normal,,1,0,0,Level 2
640,40,,,,,5,14961,52,29,9,8,2,1,3,75,,6,52,18,2,4,2,24,4,,,High,,1,0,0,Level 3
641,25,,,,,5,10764,50,21,3,9,1,1,2,53,,1,57,19,1,1,1,11,2,,Very High,High,,1,0,0,Level 2
642,47,,,,,5,11846,48,12,1,6,1,3,2,22,,3,41,14,3,2,4,16,4,,Very High,Normal,,1,0,0,Level 3
643,36,,,,,2,10644,20,26,14,3,4,2,1,16,,9,36,14,4,1,3,32,4,,Very High,Normal,,1,0,0,Level 2
644,24,,,,,4,13068,80,13,11,8,1,4,2,13,,3,49,3,1,4,2,34,1,,,High,,1,0,0,Level 3
645,50,,,,,3,17411,32,3,8,8,1,3,4,96,,6,43,6,4,2,1,5,1,,,Normal,New,0,1,1,Level 4
646,24,,,,,5,4092,41,14,10,6,2,1,3,47,,5,48,6,3,4,3,44,3,,Medium,High,,1,0,0,Level 1
647,57,,,,,5,12660,53,23,2,8,2,4,4,47,,7,33,15,3,3,1,36,1,,,Low,,1,1,1,Level 3
648,22,,,,,2,12513,65,7,7,8,4,1,4,5,,9,49,4,3,2,4,47,2,,,High,Senior,1,0,1,Level 3
649,42,,,,,2,10327,33,3,7,6,4,1,3,22,,7,42,13,3,4,3,22,3,,Very High,Normal,New,0,0,0,Level 2
650,56,,,,,3,7993,48,21,9,4,4,4,2,47,,4,43,8,4,4,1,13,2,,High,Normal,,1,1,0,Level 2
651,56,,,,,1,6079,38,9,8,8,2,5,2,48,,8,37,16,1,3,3,23,1,,High,Normal,Expert,1,1,0,Level 1
652,29,,,,,2,12700,39,4,11,2,2,4,4,60,,1,47,5,3,3,1,17,2,,,High,Experienced,0,0,1,Level 3
653,29,,,,,3,12013,90,2,9,3,1,3,3,30,,3,34,0,4,1,3,35,3,,,Low,New,0,0,0,Level 3
654,38,,,,,2,15167,84,3,1,5,3,4,2,4,,7,50,17,4,4,3,47,2,,,High,New,0,0,0,Level 3
655,36,,,,,2,5135,44,27,12,6,2,3,3,66,,2,40,6,1,3,1,49,1,,Medium,Normal,,1,0,0,Level 1
656,40,,,,,2,16654,93,1,3,9,4,2,4,37,,8,50,6,1,1,2,23,2,,,High,New,0,0,1,Level 4
657,33,,,,,4,3686,68,5,4,7,4,4,4,27,,4,53,15,4,4,2,11,4,,Medium,High,Experienced,1,0,1,Level 1
658,28,,,,,4,12166,92,9,3,3,2,2,1,30,,4,38,16,3,2,2,28,4,,,Normal,Expert,1,0,0,Level 3
659,20,,,,,5,11697,39,18,8,8,3,4,3,57,,3,30,5,2,1,3,18,1,,Very High,Low,,1,0,0,Level 3
660,32,,,,,4,18958,19,13,7,2,3,3,3,53,,8,35,4,4,2,1,19,3,,,Low,,1,0,0,Level 4
661,23,,,,,3,19457,16,19,5,2,4,2,2,16,,6,59,2,2,4,1,17,4,,,High,,1,0,0,Level 4
662,20,,,,,2,19964,94,19,5,4,4,5,1,21,,9,37,13,4,1,2,22,1,,,Normal,,1,0,0,Level 4
663,59,,,,,4,15199,77,7,4,1,4,4,3,63,,8,30,1,4,2,2,7,3,,,Low,Senior,1,1,0,Level 3
664,51,,,,,2,5433,68,28,5,0,3,3,1,12,,4,33,15,1,3,3,16,1,,Medium,Low,,1,1,0,Level 1
665,53,,,,,1,6952,52,26,12,8,4,3,1,43,,8,58,14,4,2,3,27,3,,High,High,,1,1,0,Level 1
666,47,,,,,5,10452,31,7,5,7,4,1,2,84,,9,59,9,1,2,2,2,4,,Very High,High,Senior,1,0,0,Level 2
667,50,,,,,4,5169,45,15,4,2,1,3,4,46,,6,42,5,2,1,4,20,4,,Medium,Normal,,1,1,1,Level 1
668,27,,,,,2,17086,15,27,5,4,2,3,3,84,,6,41,17,2,1,1,28,4,,,Normal,,1,0,0,Level 4
669,58,,,,,1,3822,20,17,7,7,4,4,1,5,,9,53,5,2,4,4,13,2,,Medium,High,,1,1,0,Level 1
670,45,,,,,5,14526,84,3,9,1,1,2,1,9,,9,53,5,1,3,2,21,4,,,High,New,0,0,0,Level 3
671,53,,,,,5,5139,50,17,7,6,1,4,3,57,,4,59,4,2,3,2,47,3,,Medium,High,,1,1,0,Level 1
672,22,,,,,1,13575,22,25,1,8,3,4,3,39,,6,50,3,3,4,4,42,3,,,High,,1,0,0,Level 3
673,31,,,,,4,18270,87,23,9,3,3,5,3,13,,5,33,12,3,1,3,31,4,,,Low,,1,0,0,Level 4
674,20,,,,,4,11505,24,14,3,1,1,5,4,22,,5,44,19,1,3,2,4,4,,Very High,Normal,,1,0,1,Level 3
675,24,,,,,2,5649,38,29,2,8,4,4,4,70,,9,56,9,2,2,4,30,2,,Medium,High,,1,0,1,Level 1
676,49,,,,,3,13081,77,5,12,9,4,5,3,87,,8,39,7,3,1,4,43,4,,,Normal,Experienced,1,0,0,Level 3
677,49,,,,,2,10053,54,7,10,0,3,1,1,14,,4,36,1,1,3,1,9,3,,Very High,Normal,Senior,1,0,0,Level 2
678,36,,,,,2,4489,16,19,9,5,3,3,4,86,,1,48,15,1,4,3,37,3,,Medium,High,,1,0,1,Level 1
679,42,,,,,2,4664,34,19,12,7,3,4,1,4,,2,57,4,1,2,4,36,2,,Medium,High,,1,0,0,Level 1
680,34,,,,,1,18760,95,1,12,1,1,2,2,40,,3,30,1,3,3,2,25,1,,,Low,New,0,0,0,Level 4
681,56,,,,,5,13800,47,21,11,9,1,5,3,19,,7,54,10,3,3,2,26,1,,,High,,1,1,0,Level 3
682,40,,,,,5,5532,28,23,2,6,2,1,1,51,,6,38,12,1,1,4,13,3,,Medium,Normal,,1,0,0,Level 1
683,33,,,,,3,6718,68,19,14,6,4,5,1,9,,5,58,15,4,3,4,44,4,,High,High,,1,0,0,Level 1
684,21,,,,,4,10444,69,21,10,2,3,1,3,86,,2,34,8,4,2,3,44,4,,Very High,Low,,1,0,0,Level 2
685,30,,,,,2,9209,51,26,13,9,1,1,4,26,,6,38,1,4,4,2,42,1,,Very High,Normal,,1,0,1,Level 2
686,58,,,,,1,10866,98,17,12,3,3,1,3,50,,6,54,12,2,3,2,44,3,,Very High,High,,1,1,0,Level 2
687,57,,,,,1,7015,20,23,9,7,2,4,2,59,,8,56,19,3,4,2,5,2,,High,High,,1,1,0,Level 1
688,53,,,,,2,19584,47,29,5,5,4,3,4,94,,8,44,19,4,1,3,15,3,,,Normal,,1,1,1,Level 4
689,57,,,,,1,9611,64,27,6,1,4,4,1,5,,7,33,0,3,1,3,3,1,,Very High,Low,,1,1,0,Level 2
690,53,,,,,1,11329,89,15,7,5,2,3,1,76,,9,34,9,1,4,3,24,2,,Very High,Low,,1,1,0,Level 2
691,37,,,,,2,14255,98,8,7,6,4,2,1,27,,3,53,15,4,1,3,47,2,,,High,Expert,1,0,0,Level 3
692,49,,,,,3,4075,84,8,13,7,4,5,1,15,,8,47,16,1,2,3,20,3,,Medium,High,Expert,1,0,0,Level 1
693,34,,,,,1,4475,86,1,4,7,2,4,2,16,,8,57,3,2,4,2,48,1,,Medium,High,New,0,0,0,Level 1
694,46,,,,,5,9945,97,20,13,7,2,5,3,45,,5,38,18,2,2,4,10,3,,Very High,Normal,,1,0,0,Level 2
695,53,,,,,5,7957,93,9,4,7,2,5,3,94,,1,56,10,3,4,4,27,2,,High,High,Expert,1,1,0,Level 2
696,57,,,,,5,14605,65,2,12,5,3,2,4,9,,8,47,10,4,3,4,49,4,,,High,New,0,1,1,Level 3
697,52,,,,,2,16627,80,1,5,0,4,5,3,30,,2,45,8,1,4,3,18,2,,,Normal,New,0,1,0,Level 4
698,43,,,,,5,14338,75,16,9,3,2,3,4,58,,4,36,1,3,1,1,49,3,,,Normal,,1,0,1,Level 3
699,34,,,,,4,3448,42,22,14,1,1,4,4,38,,4,33,5,4,4,4,6,4,,Medium,Low,,1,0,1,Level 1
700,49,,,,,1,3068,58,29,13,9,3,2,3,5,,3,47,0,2,1,1,20,1,,Medium,High,,1,0,0,Level 1
701,36,,,,,3,7908,96,13,10,6,3,3,4,83,,3,36,6,2,1,2,36,3,,High,Normal,,1,0,1,Level 2
702,24,,,,,5,10369,26,27,12,0,4,3,1,48,,3,35,17,2,4,1,6,2,,Very High,Low,,1,0,0,Level 2
703,48,,,,,2,16302,97,11,1,4,4,2,4,20,,7,44,5,1,3,4,3,2,,,Normal,Expert,1,0,1,Level 4
704,23,,,,,3,4740,71,1,8,9,2,2,2,15,,2,30,18,1,4,4,36,1,,Medium,Low,New,0,0,0,Level 1
705,29,,,,,2,6892,40,6,8,7,2,5,3,24,,2,33,18,1,3,3,16,1,,High,Low,Senior,1,0,0,Level 1
706,36,,,,,3,17252,39,1,7,3,3,1,3,38,,3,43,0,3,1,4,19,4,,,Normal,New,0,0,0,Level 4
707,29,,,,,3,15664,29,6,6,6,1,3,1,35,,6,52,13,4,4,2,49,4,,,High,Senior,1,0,0,Level 3
708,36,,,,,1,9043,88,9,11,4,3,3,3,33,,8,42,0,3,3,4,19,1,,Very High,Normal,Expert,1,0,0,Level 2
709,39,,,,,3,19392,91,13,3,0,2,1,3,71,,3,36,13,4,3,4,17,4,,,Normal,,1,0,0,Level 4
710,43,,,,,4,3250,94,16,13,1,2,3,1,13,,8,48,16,3,1,3,18,4,,Medium,High,,1,0,0,Level 1
711,24,,,,,4,5396,67,21,11,4,4,4,2,56,,5,34,8,1,2,1,25,3,,Medium,Low,,1,0,0,Level 1
712,53,,,,,4,3123,79,20,8,6,1,5,4,48,,8,55,10,4,3,4,36,2,,Medium,High,,1,1,1,Level 1
713,25,,,,,2,15921,68,24,7,6,1,5,1,86,,6,41,6,1,4,2,24,3,,,Normal,,1,0,0,Level 4
714,21,,,,,1,12020,92,4,8,8,4,4,2,75,,5,33,8,4,3,2,48,3,,,Low,Experienced,0,0,0,Level 3
715,32,,,,,2,18739,53,20,2,2,1,1,4,83,,4,50,10,1,3,3,27,4,,,High,,1,0,1,Level 4
716,30,,,,,5,10672,65,11,8,3,2,2,2,59,,5,46,10,3,3,1,49,1,,Very High,High,Expert,1,0,0,Level 2
717,42,,,,,4,16406,34,13,13,2,1,3,2,87,,1,37,8,4,3,2,30,1,,,Normal,,1,0,0,Level 4
718,35,,,,,1,5077,78,25,7,7,1,3,1,76,,9,56,2,4,3,1,41,4,,Medium,High,,1,0,0,Level 1
719,50,,,,,4,19979,25,1,13,8,2,2,1,32,,9,41,8,4,2,3,10,3,,,Normal,New,0,1,0,Level 4
720,30,,,,,1,6086,66,28,6,7,4,2,4,33,,4,39,7,4,4,1,31,1,,High,Normal,,1,0,1,Level 1
721,35,,,,,2,4744,99,3,9,1,3,1,3,31,,1,45,4,1,3,3,37,4,,Medium,Normal,New,0,0,0,Level 1
722,27,,,,,2,3022,68,11,12,9,4,3,1,54,,7,37,4,1,2,4,33,4,,Medium,Normal,Expert,1,0,0,Level 1
723,23,,,,,4,7972,83,20,8,0,1,2,4,28,,6,53,14,4,3,2,40,2,,High,High,,1,0,1,Level 2
724,59,,,,,3,19015,21,8,13,4,1,3,1,26,,6,54,4,4,2,4,42,2,,,High,Expert,1,1,0,Level 4
725,23,,,,,1,18020,26,1,5,1,2,4,2,76,,6,49,1,4,2,1,26,2,,,High,New,0,0,0,Level 4
726,44,,,,,5,3262,16,19,5,2,2,2,3,85,,3,44,12,2,1,2,28,2,,Medium,Normal,,1,0,0,Level 1
727,22,,,,,3,14692,35,14,9,8,1,1,3,70,,4,32,13,2,2,3,33,2,,,Low,,1,0,0,Level 3
728,51,,,,,2,18142,83,18,13,2,2,1,1,70,,1,33,0,2,3,4,16,1,,,Low,,1,1,0,Level 4
729,22,,,,,1,4585,90,6,14,0,1,3,1,92,,1,34,17,1,2,4,33,4,,Medium,Low,Senior,1,0,0,Level 1
730,46,,,,,3,19816,50,28,8,8,2,3,1,13,,7,34,2,1,2,1,16,3,,,Low,,1,0,0,Level 4
731,48,,,,,5,11751,35,9,12,1,3,1,1,1,,4,45,13,4,4,1,46,1,,Very High,Normal,Expert,1,0,0,Level 3
732,51,,,,,3,15336,67,26,4,9,4,3,2,6,,2,59,6,4,3,2,6,3,,,High,,1,1,0,Level 3
733,38,,,,,5,15881,33,29,13,5,2,1,3,80,,8,45,19,2,1,3,45,2,,,Normal,,1,0,0,Level 4
734,40,,,,,2,15515,17,9,9,6,4,5,2,32,,7,39,15,4,3,2,1,4,,,Normal,Expert,1,0,0,Level 3
735,24,,,,,1,19597,74,15,11,8,4,1,3,21,,2,34,9,1,3,2,37,1,,,Low,,1,0,0,Level 4
736,37,,,,,2,12857,95,26,13,7,3,5,3,13,,7,50,10,2,4,4,32,1,,,High,,1,0,0,Level 3
737,47,,,,,1,18513,87,5,6,5,2,4,3,53,,7,42,4,2,3,2,42,3,,,Normal,Experienced,1,0,0,Level 4
738,41,,,,,3,10921,48,19,5,3,2,4,2,0,,3,43,1,3,2,1,35,1,,Very High,Normal,,1,0,0,Level 2
739,40,,,,,2,6478,43,24,10,3,2,4,3,71,,9,39,2,3,1,4,33,1,,High,Normal,,1,0,0,Level 1
740,25,,,,,1,19248,88,9,7,3,4,2,2,40,,5,47,6,4,3,2,31,3,,,High,Expert,1,0,0,Level 4
741,20,,,,,5,5797,71,9,14,9,4,1,3,7,,8,46,1,1,1,3,32,1,,Medium,High,Expert,1,0,0,Level 1
742,24,,,,,1,15754,87,27,9,1,4,5,2,28,,8,33,2,3,3,2,32,2,,,Low,,1,0,0,Level 4
743,31,,,,,2,5391,54,17,12,6,4,5,3,80,,1,55,12,1,2,2,38,4,,Medium,High,,1,0,0,Level 1
744,45,,,,,2,12275,64,28,1,0,3,5,2,90,,5,30,5,2,2,4,19,2,,,Low,,1,0,0,Level 3
745,53,,,,,3,8761,89,15,9,4,3,1,4,44,,5,36,4,3,2,3,13,1,,High,Normal,,1,1,1,Level 2
746,33,,,,,5,16149,33,26,13,3,1,4,4,7,,3,56,10,3,4,1,21,1,,,High,,1,0,1,Level 4
747,45,,,,,1,10216,36,21,10,1,2,2,4,5,,5,57,10,1,2,4,36,1,,Very High,High,,1,0,1,Level 2
748,46,,,,,2,4950,65,29,5,8,4,1,1,50,,1,40,17,2,1,1,1,4,,Medium,Normal,,1,0,0,Level 1
749,28,,,,,1,16564,63,10,9,0,1,2,4,93,,1,40,18,3,2,1,20,3,,,Normal,Expert,1,0,1,Level 4
750,45,,,,,4,3847,66,28,5,3,3,2,4,22,,1,47,14,4,1,3,43,1,,Medium,High,,1,0,1,Level 1
751,41,,,,,5,7671,36,9,7,5,1,2,4,78,,6,47,4,4,2,4,22,1,,High,High,Expert,1,0,1,Level 2
752,49,,,,,5,11736,76,27,14,3,1,1,2,59,,6,38,7,2,3,3,1,2,,Very High,Normal,,1,0,0,Level 3
753,36,,,,,4,7153,74,19,7,9,4,4,4,40,,1,47,17,1,4,2,25,3,,High,High,,1,0,1,Level 1
754,45,,,,,5,11571,94,7,9,9,2,4,1,13,,1,54,9,1,4,2,19,1,,Very High,High,Senior,1,0,0,Level 3
755,55,,,,,4,16265,95,25,12,3,2,3,2,26,,5,45,13,1,2,3,40,4,,,Normal,,1,1,0,Level 4
756,20,,,,,1,12353,21,13,5,1,3,5,1,66,,2,47,2,4,2,1,10,2,,,High,,1,0,0,Level 3
757,27,,,,,4,3065,67,2,7,9,1,5,4,11,,3,48,3,1,3,2,48,2,,Medium,High,New,0,0,1,Level 1
758,54,,,,,3,17301,45,18,5,8,3,4,1,66,,7,43,0,2,2,1,48,1,,,Normal,,1,1,0,Level 4
759,34,,,,,4,13008,18,21,4,8,4,5,4,39,,3,41,7,4,1,3,45,3,,,Normal,,1,0,1,Level 3
760,41,,,,,1,8290,21,8,13,0,2,4,2,64,,1,41,4,2,3,4,7,3,,High,Normal,Expert,1,0,0,Level 2
761,33,,,,,5,3631,17,26,1,0,3,2,3,16,,1,39,1,2,2,4,18,3,,Medium,Normal,,1,0,0,Level 1
762,45,,,,,3,6258,39,21,11,7,2,3,3,17,,5,58,11,4,1,4,48,2,,High,High,,1,0,0,Level 1
763,47,,,,,4,10101,48,8,5,8,4,5,3,9,,9,58,19,4,4,2,41,4,,Very High,High,Expert,1,0,0,Level 2
764,42,,,,,1,10433,47,20,12,2,3,2,3,58,,3,48,9,2,3,4,14,1,,Very High,High,,1,0,0,Level 2
765,33,,,,,3,11383,52,9,4,2,2,5,3,11,,5,31,10,1,1,1,10,3,,Very High,Low,Expert,1,0,0,Level 2
766,43,,,,,3,5799,18,13,11,1,2,3,3,16,,6,35,4,3,4,2,18,4,,Medium,Low,,1,0,0,Level 1
767,21,,,,,3,4149,62,20,1,8,3,1,2,21,,7,51,0,1,2,3,30,4,,Medium,High,,1,0,0,Level 1
768,45,,,,,4,6545,88,21,10,1,3,3,1,13,,4,44,19,3,2,2,8,3,,High,Normal,,1,0,0,Level 1
769,33,,,,,1,15631,75,28,1,6,2,2,2,40,,7,48,17,1,4,3,49,4,,,High,,1,0,0,Level 3
770,26,,,,,1,3019,79,12,14,1,3,3,1,7,,3,49,14,3,3,4,37,1,,Medium,High,,1,0,0,Level 1
771,22,,,,,1,11624,95,28,5,9,4,2,4,16,,4,40,5,2,3,2,35,2,,Very High,Normal,,1,0,1,Level 3
772,42,,,,,2,3999,85,7,12,9,1,3,4,78,,7,52,6,1,4,3,16,1,,Medium,High,Senior,1,0,1,Level 1
773,37,,,,,5,5534,92,25,12,5,4,5,1,5,,3,41,5,1,2,4,49,4,,Medium,Normal,,1,0,0,Level 1
774,57,,,,,1,7425,75,21,9,2,4,3,2,70,,8,31,4,1,2,2,3,4,,High,Low,,1,1,0,Level 2
775,54,,,,,2,10474,15,23,1,0,4,3,4,49,,7,56,8,1,3,2,31,3,,Very High,High,,1,1,1,Level 2
776,34,,,,,2,9328,20,13,8,5,1,4,1,95,,5,48,11,3,2,3,23,4,,Very High,High,,1,0,0,Level 2
777,44,,,,,3,11526,88,13,13,1,1,3,4,42,,2,34,14,4,1,3,36,2,,Very High,Low,,1,0,1,Level 3
778,56,,,,,5,5553,35,4,9,6,3,5,4,8,,7,58,18,2,1,1,48,2,,Medium,High,Experienced,0,1,1,Level 1
779,47,,,,,3,9052,81,2,11,8,2,2,4,83,,2,48,15,1,1,4,22,4,,Very High,High,New,0,0,1,Level 2
780,29,,,,,5,10138,97,2,11,0,3,1,2,41,,2,48,2,2,4,1,46,4,,Very High,High,New,0,0,0,Level 2
781,58,,,,,3,13242,42,5,10,3,1,1,2,44,,4,58,19,4,4,3,33,4,,,High,Experienced,1,1,0,Level 3
782,36,,,,,4,13908,80,2,4,4,4,1,3,38,,9,38,4,3,3,1,38,2,,,Normal,New,0,0,0,Level 3
783,58,,,,,5,17275,41,15,13,8,4,1,1,65,,4,41,7,3,2,3,29,3,,,Normal,,1,1,0,Level 4
784,41,,,,,2,12748,46,2,8,2,4,2,3,63,,8,55,0,2,4,3,9,4,,,High,New,0,0,0,Level 3
785,45,,,,,2,10143,26,2,13,5,3,2,2,81,,6,42,5,3,1,1,5,2,,Very High,Normal,New,0,0,0,Level 2
786,44,,,,,5,13537,79,20,1,4,2,1,2,60,,7,39,2,1,3,2,20,2,,,Normal,,1,0,0,Level 3
787,36,,,,,3,13357,60,8,4,4,4,3,1,37,,2,48,3,4,1,2,44,4,,,High,Expert,1,0,0,Level 3
788,32,,,,,4,19068,54,23,10,1,1,3,3,65,,2,55,4,1,1,2,47,4,,,High,,1,0,0,Level 4
789,39,,,,,4,10370,23,5,2,9,3,4,3,78,,6,40,8,1,3,3,18,2,,Very High,Normal,Experienced,1,0,0,Level 2
790,44,,,,,1,13496,96,16,10,4,2,2,1,10,,3,48,7,4,2,4,28,1,,,High,,1,0,0,Level 3
791,23,,,,,5,18740,76,23,14,2,2,4,2,2,,6,32,3,2,4,3,8,4,,,Low,,1,0,0,Level 4
792,29,,,,,4,13421,30,22,4,1,3,5,2,8,,4,54,14,1,1,3,33,4,,,High,,1,0,0,Level 3
793,22,,,,,3,7303,82,24,14,5,3,2,1,42,,4,34,9,2,1,2,22,3,,High,Low,,1,0,0,Level 2
794,37,,,,,3,12070,54,14,2,0,2,1,1,86,,8,41,17,1,3,2,20,1,,,Normal,,1,0,0,Level 3
795,55,,,,,2,14904,49,8,14,5,4,1,1,62,,9,39,7,2,4,4,33,2,,,Normal,Expert,1,1,0,Level 3
796,41,,,,,4,10742,97,23,14,7,2,4,3,9,,7,33,19,4,1,3,36,1,,Very High,Low,,1,0,0,Level 2
797,53,,,,,4,18798,74,21,3,2,1,2,1,87,,9,52,10,3,2,3,9,4,,,High,,1,1,0,Level 4
798,27,,,,,3,4612,84,22,1,9,2,3,2,31,,1,59,10,1,1,4,21,2,,Medium,High,,1,0,0,Level 1
799,59,,,,,2,15670,17,11,10,6,3,2,1,67,,6,42,16,4,4,2,32,2,,,Normal,Expert,1,1,0,Level 3
800,38,,,,,4,6464,67,11,3,2,1,4,3,6,,4,50,7,4,1,3,28,3,,High,High,Expert,1,0,0,Level 1
801,56,,,,,3,12366,73,26,7,5,3,4,4,92,,2,51,4,1,3,2,15,2,,,High,,1,1,1,Level 3
802,25,,,,,2,19663,50,8,11,6,4,1,4,44,,2,52,19,4,1,1,27,4,,,High,Expert,1,0,1,Level 4
803,45,,,,,2,9215,80,23,13,2,4,1,3,45,,6,47,18,2,3,3,46,3,,Very High,High,,1,0,0,Level 2
804,53,,,,,3,5670,51,16,8,4,1,5,4,59,,4,30,7,1,4,3,16,3,,Medium,Low,,1,1,1,Level 1
805,25,,,,,2,18285,93,21,6,2,3,4,1,28,,5,57,4,3,1,3,44,3,,,High,,1,0,0,Level 4
806,56,,,,,2,10668,58,26,1,3,1,5,4,63,,9,38,10,4,3,2,31,3,,Very High,Normal,,1,1,1,Level 2
807,52,,,,,1,9302,78,8,7,4,1,5,4,72,,8,32,8,2,2,1,33,4,,Very High,Low,Expert,1,1,1,Level 2
808,41,,,,,2,8269,65,20,13,6,4,1,4,45,,4,44,8,2,3,2,28,3,,High,Normal,,1,0,1,Level 2
809,40,,,,,4,5052,20,29,12,3,3,3,2,1,,2,32,3,2,4,4,23,1,,Medium,Low,,1,0,0,Level 1
810,25,,,,,2,6066,83,22,3,3,2,1,1,2,,2,40,8,3,2,4,40,3,,High,Normal,,1,0,0,Level 1
811,25,,,,,4,14902,35,20,14,1,4,2,4,91,,3,50,13,2,4,1,22,1,,,High,,1,0,1,Level 3
812,23,,,,,3,12049,71,12,13,4,1,3,4,83,,7,38,14,1,3,4,11,4,,,Normal,,1,0,1,Level 3
813,49,,,,,2,14992,42,5,9,2,3,4,3,41,,7,44,6,3,4,4,23,1,,,Normal,Experienced,1,0,0,Level 3
814,30,,,,,3,15753,99,26,11,3,1,3,4,67,,7,50,15,2,4,2,23,1,,,High,,1,0,1,Level 4
815,49,,,,,5,10772,38,3,2,7,1,4,2,61,,3,54,15,1,4,3,20,3,,Very High,High,New,0,0,0,Level 2
816,50,,,,,2,17061,89,18,9,3,1,4,3,29,,9,36,3,2,4,1,1,3,,,Normal,,1,1,0,Level 4
817,43,,,,,3,17512,77,27,10,5,3,5,4,30,,7,37,5,4,1,1,15,1,,,Normal,,1,0,1,Level 4
818,28,,,,,5,8886,36,1,12,2,4,2,3,40,,9,39,16,2,4,1,18,4,,High,Normal,New,0,0,0,Level 2
819,22,,,,,4,15419,48,19,2,0,2,1,3,21,,9,51,11,2,2,2,24,1,,,High,,1,0,0,Level 3
820,50,,,,,4,11968,51,13,2,3,1,5,1,72,,7,58,14,1,4,2,29,4,,Very High,High,,1,1,0,Level 3
821,59,,,,,4,18651,55,11,12,5,2,5,4,8,,5,52,2,3,1,4,47,1,,,High,Expert,1,1,1,Level 4
822,56,,,,,4,15631,95,1,4,8,4,2,3,30,,8,40,18,2,3,2,23,2,,,Normal,New,0,1,0,Level 3
823,55,,,,,4,10313,93,22,2,4,1,1,4,15,,3,36,10,2,3,1,40,3,,Very High,Normal,,1,1,1,Level 2
824,43,,,,,1,4555,57,27,7,6,3,5,1,34,,6,40,4,3,1,1,44,1,,Medium,Normal,,1,0,0,Level 1
825,50,,,,,3,19961,36,18,3,0,1,3,1,21,,8,50,1,3,4,4,32,3,,,High,,1,1,0,Level 4
826,25,,,,,5,8516,29,19,11,7,1,1,1,51,,3,51,14,4,4,1,30,4,,High,High,,1,0,0,Level 2
827,21,,,,,5,8693,35,13,14,3,1,2,3,58,,9,49,9,2,3,2,41,4,,High,High,,1,0,0,Level 2
828,39,,,,,2,17235,66,8,13,7,1,3,3,94,,2,36,13,2,4,1,7,1,,,Normal,Expert,1,0,0,Level 4
829,47,,,,,3,3045,18,21,13,8,4,3,3,12,,1,47,1,4,1,2,25,3,,Medium,High,,1,0,0,Level 1
830,30,,,,,1,13126,61,28,4,2,4,5,2,91,,6,40,12,3,3,1,29,4,,,Normal,,1,0,0,Level 3
831,23,,,,,1,8724,32,18,1,3,3,2,2,50,,6,52,18,2,2,4,25,3,,High,High,,1,0,0,Level 2
832,34,,,,,3,3980,85,2,10,5,1,2,2,38,,4,55,0,4,4,2,19,1,,Medium,High,New,0,0,0,Level 1
833,25,,,,,4,6294,94,19,4,2,3,5,4,58,,2,35,5,2,4,2,44,2,,High,Low,,1,0,1,Level 1
834,49,,,,,4,10729,49,19,4,8,1,1,2,38,,3,41,12,1,3,2,21,4,,Very High,Normal,,1,0,0,Level 2
835,57,,,,,3,14916,90,24,4,2,3,4,4,70,,2,58,3,4,4,2,24,3,,,High,,1,1,1,Level 3
836,21,,,,,5,19641,21,5,11,6,1,5,2,88,,4,52,13,3,1,2,38,4,,,High,Experienced,1,0,0,Level 4
837,34,,,,,4,7043,55,8,9,6,4,3,3,47,,8,39,8,3,4,4,33,1,,High,Normal,Expert,1,0,0,Level 1
838,30,,,,,2,13202,24,20,3,4,1,4,3,64,,2,30,11,3,1,1,45,3,,,Low,,1,0,0,Level 3
839,27,,,,,1,13785,76,25,13,5,1,1,4,49,,7,46,3,4,2,1,26,3,,,High,,1,0,1,Level 3
840,45,,,,,4,9951,79,3,7,0,4,1,3,45,,4,57,1,1,1,1,40,3,,Very High,High,New,0,0,0,Level 2
841,24,,,,,5,19636,26,2,4,2,3,1,1,34,,6,44,8,4,2,2,13,3,,,Normal,New,0,0,0,Level 4
842,25,,,,,4,12404,42,6,11,2,2,4,4,62,,1,45,12,4,4,4,2,4,,,Normal,Senior,1,0,1,Level 3
843,45,,,,,4,9296,72,27,12,1,4,5,1,74,,1,43,5,4,1,2,43,2,,Very High,Normal,,1,0,0,Level 2
844,23,,,,,1,17026,70,16,1,0,3,2,3,97,,7,30,1,2,4,2,1,4,,,Low,,1,0,0,Level 4
845,38,,,,,2,3270,32,15,10,8,1,5,4,81,,7,45,2,4,4,3,34,1,,Medium,Normal,,1,0,1,Level 1
846,39,,,,,2,13371,79,4,3,3,2,5,3,30,,7,32,11,2,2,4,20,1,,,Low,Experienced,0,0,0,Level 3
847,52,,,,,5,12036,71,2,9,7,3,4,3,59,,3,30,19,1,3,2,1,3,,,Low,New,0,1,0,Level 3
848,39,,,,,3,15507,64,14,10,6,3,3,3,15,,6,40,15,3,1,1,41,1,,,Normal,,1,0,0,Level 3
849,31,,,,,3,6623,95,6,12,5,1,4,1,50,,8,32,19,3,4,2,26,4,,High,Low,Senior,1,0,0,Level 1
850,20,,,,,3,12294,59,20,6,0,1,3,1,93,,8,45,6,4,1,4,20,2,,,Normal,,1,0,0,Level 3
851,45,,,,,5,3750,76,26,8,2,3,4,3,54,,8,56,10,4,4,2,18,2,,Medium,High,,1,0,0,Level 1
852,33,,,,,4,13559,79,27,9,4,1,3,3,36,,7,32,6,1,1,1,40,2,,,Low,,1,0,0,Level 3
853,57,,,,,2,11014,69,20,8,0,2,2,3,24,,4,30,11,4,3,4,36,1,,Very High,Low,,1,1,0,Level 2
854,56,,,,,2,12964,52,29,5,0,1,2,4,27,,5,37,17,1,1,2,30,3,,,Normal,,1,1,1,Level 3
855,30,,,,,4,17129,18,26,6,9,2,1,2,23,,6,57,0,2,2,2,28,1,,,High,,1,0,0,Level 4
856,55,,,,,2,14462,29,4,10,8,2,1,4,97,,1,48,9,1,1,2,18,3,,,High,Experienced,0,1,1,Level 3
857,32,,,,,2,18278,35,20,2,0,1,3,3,20,,2,57,7,4,1,2,29,4,,,High,,1,0,0,Level 4
858,22,,,,,3,15392,35,24,12,3,3,5,4,10,,6,49,15,1,2,3,34,2,,,High,,1,0,1,Level 3
859,52,,,,,3,11698,65,1,13,7,2,1,3,52,,3,42,13,1,4,3,42,3,,Very High,Normal,New,0,1,0,Level 3
860,25,,,,,1,3328,92,25,11,8,1,4,3,90,,3,41,8,1,2,3,26,2,,Medium,Normal,,1,0,0,Level 1
861,29,,,,,1,17643,49,14,9,5,4,2,2,72,,4,59,1,2,1,1,27,3,,,High,,1,0,0,Level 4
862,24,,,,,2,13895,18,3,6,7,2,1,2,15,,1,39,11,2,4,4,31,1,,,Normal,New,0,0,0,Level 3
863,42,,,,,3,18386,46,21,8,5,3,1,3,10,,5,48,4,2,4,2,29,3,,,High,,1,0,0,Level 4
864,29,,,,,1,9316,26,21,7,7,3,1,2,13,,8,57,3,1,4,1,13,3,,Very High,High,,1,0,0,Level 2
865,21,,,,,1,13962,68,4,12,6,3,4,2,42,,8,50,19,4,3,4,36,2,,,High,Experienced,0,0,0,Level 3
866,32,,,,,3,15131,44,20,13,8,4,4,4,78,,7,42,0,2,4,2,49,1,,,Normal,,1,0,1,Level 3
867,59,,,,,1,6093,23,23,10,8,2,1,1,85,,7,36,6,2,2,3,33,1,,High,Normal,,1,1,0,Level 1
868,21,,,,,4,9953,33,14,2,1,4,5,3,41,,4,44,4,4,4,2,7,3,,Very High,Normal,,1,0,0,Level 2
869,39,,,,,4,16856,94,20,14,4,4,5,1,85,,9,44,12,3,4,3,26,1,,,Normal,,1,0,0,Level 4
870,20,,,,,3,9190,44,26,2,1,4,4,3,88,,6,55,8,2,2,1,33,3,,Very High,High,,1,0,0,Level 2
871,56,,,,,3,12823,79,19,13,5,4,4,4,85,,2,50,16,4,4,3,19,4,,,High,,1,1,1,Level 3
872,28,,,,,1,14598,59,27,5,3,2,2,3,66,,5,48,9,4,2,3,2,4,,,High,,1,0,0,Level 3
873,36,,,,,2,13029,37,9,3,7,2,5,2,29,,7,34,12,4,1,3,48,2,,,Low,Expert,1,0,0,Level 3
874,28,,,,,5,7935,90,14,1,9,3,1,3,64,,8,55,1,1,1,2,35,2,,High,High,,1,0,0,Level 2
875,30,,,,,4,12752,19,4,10,3,4,3,2,44,,7,48,8,3,4,4,22,1,,,High,Experienced,0,0,0,Level 3
876,34,,,,,4,19270,98,4,11,5,4,2,4,2,,3,54,9,4,2,1,24,1,,,High,Experienced,0,0,1,Level 4
877,43,,,,,3,9713,81,26,13,0,1,2,2,46,,5,48,17,4,4,1,33,3,,Very High,High,,1,0,0,Level 2
878,57,,,,,2,11235,80,12,3,3,2,1,4,80,,9,49,2,4,2,4,2,3,,Very High,High,,1,1,1,Level 2
879,54,,,,,3,15884,57,8,7,3,1,1,1,96,,6,54,3,2,2,2,7,2,,,High,Expert,1,1,0,Level 4
880,49,,,,,1,19237,98,28,10,5,2,4,4,76,,4,59,10,3,4,4,30,4,,,High,,1,0,1,Level 4
881,50,,,,,2,4027,16,16,9,7,4,5,2,60,,6,57,4,4,4,4,36,1,,Medium,High,,1,1,0,Level 1
882,24,,,,,1,12024,62,11,11,3,1,4,1,55,,1,49,14,3,1,3,7,1,,,High,Expert,1,0,0,Level 3
883,33,,,,,4,14585,72,7,13,3,2,5,2,7,,3,45,8,3,3,4,9,4,,,Normal,Senior,1,0,0,Level 3
884,30,,,,,3,17092,54,20,4,2,1,5,4,31,,4,41,9,4,3,4,24,4,,,Normal,,1,0,1,Level 4
885,28,,,,,3,15659,67,14,8,7,1,3,1,56,,7,55,13,1,1,4,24,1,,,High,,1,0,0,Level 3
886,53,,,,,5,10800,73,24,6,5,3,2,4,25,,2,31,16,3,4,4,43,4,,Very High,Low,,1,1,1,Level 2
887,31,,,,,2,10672,82,10,4,3,3,3,3,69,,7,56,4,3,2,3,25,1,,Very High,High,Expert,1,0,0,Level 2
888,54,,,,,4,8432,77,2,3,4,4,1,3,75,,8,55,18,2,2,4,43,1,,High,High,New,0,1,0,Level 2
889,54,,,,,5,12461,50,29,5,1,4,3,2,7,,8,35,1,2,1,1,4,2,,,Low,,1,1,0,Level 3
890,20,,,,,5,11043,54,13,3,8,4,3,3,92,,7,34,14,4,3,3,3,4,,Very High,Low,,1,0,0,Level 2
891,59,,,,,3,8192,20,9,8,7,2,2,3,19,,8,34,19,3,1,4,17,1,,High,Low,Expert,1,1,0,Level 2
892,41,,,,,2,10695,28,18,11,1,4,3,3,12,,8,59,19,3,2,2,46,2,,Very High,High,,1,0,0,Level 2
893,48,,,,,3,6061,93,10,12,7,1,2,2,44,,1,57,12,1,3,4,13,2,,High,High,Expert,1,0,0,Level 1
894,27,,,,,2,10028,47,14,6,5,3,2,4,7,,1,51,9,1,3,4,34,1,,Very High,High,,1,0,1,Level 2
895,30,,,,,5,15853,33,3,11,0,1,2,3,17,,7,40,8,2,1,1,35,1,,,Normal,New,0,0,0,Level 4
896,56,,,,,1,15589,90,29,6,9,1,2,3,25,,8,43,8,4,1,3,9,2,,,Normal,,1,1,0,Level 3
897,33,,,,,4,19287,57,22,7,3,3,3,4,83,,9,51,5,2,2,3,12,2,,,High,,1,0,1,Level 4
898,49,,,,,5,10657,68,7,12,4,3,4,3,32,,5,42,14,1,2,1,35,4,,Very High,Normal,Senior,1,0,0,Level 2
899,54,,,,,3,4724,87,25,14,1,4,4,1,7,,2,54,14,3,4,4,21,3,,Medium,High,,1,1,0,Level 1
900,40,,,,,4,12125,97,24,7,9,2,1,4,75,,7,55,12,3,2,2,39,2,,,High,,1,0,1,Level 3
901,56,,,,,5,3554,75,11,8,4,4,2,4,65,,4,41,0,1,4,2,34,2,,Medium,Normal,Expert,1,1,1,Level 1
902,24,,,,,2,4284,27,6,5,0,4,4,4,15,,5,31,19,1,4,3,37,1,,Medium,Low,Senior,1,0,1,Level 1
903,38,,,,,3,15260,56,15,13,1,2,1,3,42,,1,48,9,3,2,2,16,4,,,High,,1,0,0,Level 3
904,33,,,,,5,18929,32,15,5,0,1,3,3,10,,4,33,1,3,2,4,42,3,,,Low,,1,0,0,Level 4
905,45,,,,,2,14812,86,8,6,1,4,1,1,80,,5,49,9,2,2,1,28,3,,,High,Expert,1,0,0,Level 3
906,23,,,,,2,17058,79,27,4,1,3,4,2,93,,9,31,6,3,1,3,22,4,,,Low,,1,0,0,Level 4
907,44,,,,,2,9158,62,29,2,6,4,1,2,43,,5,57,7,4,2,3,6,4,,Very High,High,,1,0,0,Level 2
908,44,,,,,4,15386,98,27,14,6,4,1,4,7,,5,33,11,1,3,2,36,4,,,Low,,1,0,1,Level 3
909,37,,,,,3,3216,50,21,2,6,1,1,1,86,,8,38,15,1,1,4,40,4,,Medium,Normal,,1,0,0,Level 1
910,59,,,,,2,9553,95,26,2,1,4,4,1,73,,4,37,12,2,3,1,22,4,,Very High,Normal,,1,1,0,Level 2
911,27,,,,,5,11382,59,26,2,2,1,2,2,69,,7,41,8,3,2,1,9,4,,Very High,Normal,,1,0,0,Level 2
912,58,,,,,2,7712,24,13,5,1,4,3,3,64,,5,55,19,3,1,1,44,2,,High,High,,1,1,0,Level 2
913,59,,,,,3,10194,23,12,2,4,1,2,4,74,,5,36,10,3,4,4,27,4,,Very High,Normal,,1,1,1,Level 2
914,33,,,,,4,4205,60,12,7,2,2,5,2,86,,6,50,8,4,2,1,30,2,,Medium,High,,1,0,0,Level 1
915,51,,,,,2,5642,31,9,11,9,3,2,2,66,,8,59,15,4,2,4,23,4,,Medium,High,Expert,1,1,0,Level 1
916,57,,,,,5,14422,81,20,4,5,1,3,4,77,,7,41,3,1,3,2,45,4,,,Normal,,1,1,1,Level 3
917,52,,,,,3,15817,47,17,10,5,3,1,2,76,,8,48,13,3,2,1,34,1,,,High,,1,1,0,Level 4
918,42,,,,,2,6355,79,15,5,4,4,2,4,19,,3,41,7,4,1,1,10,3,,High,Normal,,1,0,1,Level 1
919,34,,,,,4,18863,34,13,2,1,4,4,1,98,,9,41,19,2,1,4,16,3,,,Normal,,1,0,0,Level 4
920,52,,,,,1,16526,80,14,12,7,1,5,3,48,,5,33,6,3,1,1,41,1,,,Low,,1,1,0,Level 4
921,44,,,,,5,5164,30,8,1,5,2,1,3,14,,7,46,11,3,4,1,28,2,,Medium,High,Expert,1,0,0,Level 1
922,36,,,,,2,3099,87,21,9,1,3,1,4,4,,1,56,6,3,1,4,12,1,,Medium,High,,1,0,1,Level 1
923,52,,,,,2,19983,28,13,6,0,1,1,3,52,,1,51,9,4,4,1,12,1,,,High,,1,1,0,Level 4
924,21,,,,,1,9438,15,25,13,5,1,2,3,40,,7,47,10,4,3,2,25,3,,Very High,High,,1,0,0,Level 2
925,33,,,,,3,18536,49,3,5,1,3,4,2,84,,6,51,6,2,2,4,13,2,,,High,New,0,0,0,Level 4
926,59,,,,,1,18491,96,25,5,3,1,3,3,48,,3,44,10,4,3,1,48,2,,,Normal,,1,1,0,Level 4
927,59,,,,,3,15083,15,8,2,3,3,5,3,74,,5,33,19,4,4,1,40,2,,,Low,Expert,1,1,0,Level 3
928,58,,,,,2,8842,57,6,8,8,4,4,3,70,,5,51,13,4,1,1,34,1,,High,High,Senior,1,1,0,Level 2
929,25,,,,,1,18939,83,11,4,9,3,2,3,75,,7,55,14,2,3,1,16,3,,,High,Expert,1,0,0,Level 4
930,25,,,,,2,13432,89,10,4,9,2,5,1,67,,2,45,19,3,2,1,45,4,,,Normal,Expert,1,0,0,Level 3
931,22,,,,,1,10742,69,26,8,6,3,4,4,22,,6,37,11,4,3,4,28,3,,Very High,Normal,,1,0,1,Level 2
932,26,,,,,2,6910,30,27,4,8,4,3,1,25,,7,54,19,1,4,4,26,4,,High,High,,1,0,0,Level 1
933,27,,,,,2,14773,81,8,1,5,3,3,4,47,,5,45,18,1,1,1,24,2,,,Normal,Expert,1,0,1,Level 3
934,34,,,,,2,12368,77,8,4,0,3,1,3,59,,1,33,0,3,4,3,34,2,,,Low,Expert,1,0,0,Level 3
935,48,,,,,4,16334,86,23,13,9,1,1,3,65,,4,30,16,4,4,3,11,1,,,Low,,1,0,0,Level 4
936,52,,,,,1,14632,36,7,10,7,3,3,3,15,,2,54,1,1,2,3,36,3,,,High,Senior,1,1,0,Level 3
937,49,,,,,4,17645,70,19,1,3,4,1,1,97,,2,44,5,4,3,3,48,1,,,Normal,,1,0,0,Level 4
938,58,,,,,2,16932,66,23,6,9,4,1,2,74,,1,59,11,4,3,2,2,2,,,High,,1,1,0,Level 4
939,46,,,,,5,18760,95,12,2,7,2,3,3,86,,5,43,0,4,1,2,45,2,,,Normal,,1,0,0,Level 4
940,55,,,,,3,4376,41,3,11,2,3,5,1,50,,1,35,14,3,2,2,49,4,,Medium,Low,New,0,1,0,Level 1
941,48,,,,,1,15353,78,11,13,5,1,3,4,22,,4,42,17,1,1,2,13,2,,,Normal,Expert,1,0,1,Level 3
942,57,,,,,1,14916,59,13,9,3,4,1,2,50,,5,50,12,4,2,4,33,2,,,High,,1,1,0,Level 3
943,52,,,,,3,11371,81,16,13,9,2,5,1,54,,1,50,4,4,4,3,36,2,,Very High,High,,1,1,0,Level 2
944,56,,,,,4,3725,40,9,10,3,3,1,3,93,,3,40,0,3,4,3,45,1,,Medium,Normal,Expert,1,1,0,Level 1
945,46,,,,,3,9269,27,27,4,1,1,2,2,44,,7,46,1,1,2,2,35,3,,Very High,High,,1,0,0,Level 2
946,52,,,,,5,19465,95,16,11,3,3,1,3,83,,2,39,3,3,3,1,46,1,,,Normal,,1,1,0,Level 4
947,23,,,,,2,14210,44,5,13,0,3,4,1,79,,5,34,15,1,4,1,46,1,,,Low,Experienced,1,0,0,Level 3
948,41,,,,,3,17773,92,27,8,0,2,4,1,10,,9,52,9,2,1,2,43,4,,,High,,1,0,0,Level 4
949,21,,,,,3,16255,44,8,11,4,4,1,1,45,,7,45,10,3,4,1,13,1,,,Normal,Expert,1,0,0,Level 4
950,29,,,,,2,9673,58,12,2,0,3,1,2,94,,2,48,19,2,2,2,48,2,,Very High,High,,1,0,0,Level 2
951,24,,,,,1,17222,62,3,5,2,3,2,4,87,,8,41,13,2,4,2,48,2,,,Normal,New,0,0,1,Level 4
952,29,,,,,5,9142,23,3,12,2,2,5,2,57,,2,58,16,3,1,2,22,4,,Very High,High,New,0,0,0,Level 2
953,52,,,,,3,5981,62,13,11,9,1,5,4,25,,3,33,17,2,3,2,25,2,,Medium,Low,,1,1,1,Level 1
954,57,,,,,3,15844,70,3,8,3,3,2,4,65,,4,57,0,2,2,2,11,2,,,High,New,0,1,1,Level 4
955,32,,,,,1,6446,82,29,1,0,4,3,1,56,,6,59,14,2,4,4,27,2,,High,High,,1,0,0,Level 1
956,50,,,,,5,5288,20,24,6,6,3,1,4,78,,8,41,6,4,4,1,1,4,,Medium,Normal,,1,1,1,Level 1
957,55,,,,,2,11239,79,9,2,3,3,1,2,44,,8,50,9,2,3,2,46,3,,Very High,High,Expert,1,1,0,Level 2
958,43,,,,,2,18470,81,29,5,6,4,4,1,21,,8,54,0,2,2,2,42,2,,,High,,1,0,0,Level 4
959,34,,,,,4,7008,35,23,1,4,2,4,1,25,,7,48,8,3,3,2,20,4,,High,High,,1,0,0,Level 1
960,48,,,,,5,18954,92,1,12,0,3,3,1,48,,2,32,3,3,2,4,7,2,,,Low,New,0,0,0,Level 4
961,27,,,,,5,10271,44,6,4,3,4,5,2,67,,9,37,19,1,3,3,20,4,,Very High,Normal,Senior,1,0,0,Level 2
962,24,,,,,3,8193,71,19,3,4,4,5,2,5,,5,38,1,2,1,2,19,4,,High,Normal,,1,0,0,Level 2
963,48,,,,,4,10734,69,16,10,3,1,5,4,21,,8,34,7,2,1,4,42,1,,Very High,Low,,1,0,1,Level 2
964,23,,,,,2,17337,16,1,14,6,2,1,3,37,,4,54,12,3,1,1,3,2,,,High,New,0,0,0,Level 4
965,31,,,,,5,6540,62,10,5,0,4,4,2,22,,8,43,17,4,1,1,5,2,,High,Normal,Expert,1,0,0,Level 1
966,21,,,,,5,12225,36,2,8,8,3,1,3,63,,2,49,5,1,2,3,6,3,,,High,New,0,0,0,Level 3
967,46,,,,,1,10425,27,29,9,5,2,3,3,88,,4,44,14,2,1,4,16,2,,Very High,Normal,,1,0,0,Level 2
968,50,,,,,2,8752,57,28,5,7,4,2,4,66,,1,59,7,4,1,2,21,1,,High,High,,1,1,1,Level 2
969,55,,,,,1,5774,89,3,9,7,2,2,1,19,,6,53,12,2,1,4,10,2,,Medium,High,New,0,1,0,Level 1
970,55,,,,,4,3475,88,7,10,8,3,5,2,32,,2,53,4,4,3,1,45,1,,Medium,High,Senior,1,1,0,Level 1
971,45,,,,,5,13931,63,6,4,4,1,4,4,19,,4,57,12,1,1,4,49,4,,,High,Senior,1,0,1,Level 3
972,46,,,,,4,13017,51,15,12,7,3,3,4,69,,9,52,8,3,3,4,8,2,,,High,,1,0,1,Level 3
973,24,,,,,1,14948,49,2,5,7,2,1,2,75,,5,36,3,2,2,1,37,4,,,Normal,New,0,0,0,Level 3
974,39,,,,,2,8023,33,28,13,5,3,3,4,43,,4,34,18,1,4,1,46,4,,High,Low,,1,0,1,Level 2
975,30,,,,,5,8581,42,21,11,9,4,3,3,82,,9,48,9,2,4,3,15,1,,High,High,,1,0,0,Level 2
976,29,,,,,2,8485,71,17,9,7,2,3,1,24,,1,46,8,4,3,4,24,4,,High,High,,1,0,0,Level 2
977,59,,,,,4,6566,75,19,11,4,3,4,4,48,,3,44,8,1,1,1,48,4,,High,Normal,,1,1,1,Level 1
978,57,,,,,3,16525,57,14,9,9,3,3,4,81,,9,46,14,1,2,2,42,2,,,High,,1,1,1,Level 4
979,25,,,,,2,16246,74,17,2,7,3,2,4,14,,2,44,5,3,2,1,5,4,,,Normal,,1,0,1,Level 4
980,27,,,,,2,5357,24,19,5,9,1,5,4,26,,7,54,6,4,2,2,42,4,,Medium,High,,1,0,1,Level 1
981,42,,,,,2,13277,93,2,14,2,1,3,1,87,,1,56,12,2,3,2,43,2,,,High,New,0,0,0,Level 3
982,45,,,,,5,8000,81,16,8,3,1,1,1,20,,8,46,3,3,2,2,12,2,,High,High,,1,0,0,Level 2
983,31,,,,,4,8214,38,20,1,2,1,2,1,78,,4,30,0,3,1,4,29,4,,High,Low,,1,0,0,Level 2
984,45,,,,,4,16859,88,21,4,4,3,3,3,25,,2,42,8,3,2,3,18,3,,,Normal,,1,0,0,Level 4
985,32,,,,,5,14734,58,16,8,4,1,4,2,9,,8,48,2,1,2,1,48,3,,,High,,1,0,0,Level 3
986,59,,,,,2,12792,44,3,10,4,3,3,2,66,,6,30,2,2,4,4,37,2,,,Low,New,0,1,0,Level 3
987,37,,,,,2,11098,59,26,12,1,4,5,4,92,,8,47,3,3,4,2,44,1,,Very High,High,,1,0,1,Level 2
988,44,,,,,3,13428,74,14,2,8,4,2,1,37,,5,50,8,2,4,3,3,2,,,High,,1,0,0,Level 3
989,52,,,,,2,12878,67,21,1,6,4,5,4,54,,1,30,9,2,1,4,44,3,,,Low,,1,1,1,Level 3
990,59,,,,,1,15315,39,27,12,7,2,5,4,68,,5,43,17,1,2,2,45,3,,,Normal,,1,1,1,Level 3
991,31,,,,,2,18012,90,7,6,1,4,4,2,87,,5,50,17,3,2,4,27,3,,,High,Senior,1,0,0,Level 4
992,55,,,,,3,5001,18,10,6,9,2,3,3,68,,1,44,2,2,4,1,46,1,,Medium,Normal,Expert,1,1,0,Level 1
993,23,,,,,1,11326,98,29,1,9,1,5,4,31,,3,41,19,1,1,2,22,2,,Very High,Normal,,1,0,1,Level 2
994,24,,,,,3,4789,88,9,3,6,4,2,4,89,,7,45,1,1,4,1,6,2,,Medium,Normal,Expert,1,0,1,Level 1
995,56,,,,,3,13734,45,8,10,2,4,3,3,47,,7,54,4,1,1,1,41,4,,,High,Expert,1,1,0,Level 3
996,27,,,,,4,16011,33,15,13,4,4,5,2,26,,9,38,18,1,3,1,36,2,,,Normal,,1,0,0,Level 4
997,47,,,,,5,14543,16,12,12,6,1,1,4,75,,5,30,3,3,4,4,19,3,,,Low,,1,0,1,Level 3
998,50,,,,,3,18374,18,28,8,8,4,1,4,31,,8,40,17,3,3,1,48,3,,,Normal,,1,1,1,Level 4
999,28,,,,,2,10062,93,6,14,9,4,1,3,35,,8,50,16,2,4,1,40,2,,Very High,High,Senior,1,0,0,Level 2
1000,48,,,,,4,14866,52,15,9,0,3,5,1,54,,8,59,11,4,1,2,26,2,,,High,,1,0,0,Level 3
1001,33,,,,,1,13219,47,15,12,5,3,4,3,69,,9,54,10,4,3,4,18,2,,,High,,1,0,0,Level 3
1002,59,,,,,5,12019,32,25,8,5,2,5,3,12,,2,30,17,2,1,1,41,2,,,Low,,1,1,0,Level 3
1003,41,,,,,4,10986,46,8,1,1,3,2,2,49,,6,42,9,4,3,3,37,2,,Very High,Normal,Expert,1,0,0,Level 2
1004,30,,,,,3,12535,91,12,11,9,1,1,4,94,,9,40,1,4,3,1,30,2,,,Normal,,1,0,1,Level 3
1005,42,,,,,4,9396,94,20,13,8,1,5,3,17,,1,39,5,4,3,2,4,2,,Very High,Normal,,1,0,0,Level 2
1006,20,,,,,2,8576,47,27,4,4,4,1,3,28,,3,37,9,3,2,3,48,2,,High,Normal,,1,0,0,Level 2
1007,56,,,,,2,16788,48,2,12,8,3,2,4,9,,5,37,9,1,4,2,18,2,,,Normal,New,0,1,1,Level 4
1008,40,,,,,2,12562,65,9,9,3,2,4,4,38,,7,57,5,2,2,4,16,1,,,High,Expert,1,0,1,Level 3
1009,45,,,,,5,11677,77,22,1,4,2,4,3,2,,4,43,16,4,2,4,28,4,,Very High,Normal,,1,0,0,Level 3
1010,55,,,,,4,3362,92,26,12,4,2,4,1,81,,4,53,6,1,1,4,42,4,,Medium,High,,1,1,0,Level 1
1011,42,,,,,4,11133,61,8,14,4,4,1,1,47,,7,34,12,4,3,3,33,1,,Very High,Low,Expert,1,0,0,Level 2
1012,20,,,,,3,6801,80,8,11,8,1,5,4,92,,9,34,11,4,1,3,12,4,,High,Low,Expert,1,0,1,Level 1
1013,59,,,,,1,3211,27,4,4,0,4,3,2,41,,8,55,2,3,1,2,2,2,,Medium,High,Experienced,0,1,0,Level 1
1014,34,,,,,2,7796,66,26,10,7,1,2,4,46,,3,46,13,4,3,1,20,1,,High,High,,1,0,1,Level 2
1015,40,,,,,1,11014,66,5,7,6,4,1,1,25,,4,53,4,3,3,2,15,3,,Very High,High,Experienced,1,0,0,Level 2
1016,28,,,,,1,5661,57,17,14,0,1,2,3,31,,1,47,7,2,3,4,44,3,,Medium,High,,1,0,0,Level 1
1017,28,,,,,2,15430,75,25,7,1,2,1,2,26,,6,59,16,1,3,1,39,1,,,High,,1,0,0,Level 3
1018,29,,,,,2,14548,95,7,7,0,1,4,4,74,,8,38,10,4,1,3,24,4,,,Normal,Senior,1,0,1,Level 3
1019,45,,,,,3,17159,17,1,10,3,3,2,3,69,,1,38,2,3,2,3,34,2,,,Normal,New,0,0,0,Level 4
1020,54,,,,,5,10744,82,27,4,9,3,3,1,94,,6,38,8,3,2,2,2,4,,Very High,Normal,,1,1,0,Level 2
1021,44,,,,,2,12925,73,10,8,8,2,4,3,7,,7,44,14,1,1,4,34,4,,,Normal,Expert,1,0,0,Level 3
1022,45,,,,,1,4551,68,26,3,0,2,4,2,87,,3,40,18,4,2,4,28,4,,Medium,Normal,,1,0,0,Level 1
1023,30,,,,,3,12525,83,14,14,2,4,3,4,17,,5,37,19,1,2,2,19,4,,,Normal,,1,0,1,Level 3
1024,57,,,,,4,12056,16,19,9,6,3,3,1,72,,6,36,19,2,3,1,48,4,,,Normal,,1,1,0,Level 3
1025,21,,,,,3,7617,82,9,6,3,2,4,1,21,,7,44,1,3,3,3,32,2,,High,Normal,Expert,1,0,0,Level 2
1026,26,,,,,2,4543,58,11,7,5,4,3,2,62,,4,55,11,1,2,1,32,1,,Medium,High,Expert,1,0,0,Level 1
1027,37,,,,,2,8721,52,27,9,6,4,4,4,49,,6,32,8,1,3,1,29,3,,High,Low,,1,0,1,Level 2
1028,46,,,,,5,11175,74,12,4,5,3,5,2,73,,9,40,9,1,2,4,36,3,,Very High,Normal,,1,0,0,Level 2
1029,53,,,,,3,15527,41,1,5,7,1,1,4,0,,5,39,13,2,1,1,2,1,,,Normal,New,0,1,1,Level 3
1030,46,,,,,2,7320,29,22,1,1,4,5,2,2,,2,45,18,3,2,4,44,1,,High,Normal,,1,0,0,Level 2
1031,36,,,,,1,13668,53,21,10,0,3,1,3,89,,9,31,17,3,3,2,40,2,,,Low,,1,0,0,Level 3
1032,43,,,,,1,11593,52,20,8,6,4,1,4,55,,6,38,13,2,3,1,38,1,,Very High,Normal,,1,0,1,Level 3
1033,44,,,,,3,17849,68,17,2,2,4,5,1,6,,5,42,3,4,3,3,39,1,,,Normal,,1,0,0,Level 4
1034,26,,,,,5,14263,77,23,5,3,2,1,3,26,,1,42,0,1,4,2,1,4,,,Normal,,1,0,0,Level 3
1035,25,,,,,3,6856,72,1,5,6,2,1,3,14,,6,51,6,4,1,4,24,4,,High,High,New,0,0,0,Level 1
1036,43,,,,,5,14893,76,1,10,1,2,4,3,86,,8,49,7,1,1,2,9,3,,,High,New,0,0,0,Level 3
1037,52,,,,,1,12999,92,18,4,6,3,1,1,84,,7,54,12,1,4,2,19,2,,,High,,1,1,0,Level 3
1038,48,,,,,2,12581,32,9,4,3,4,3,4,76,,5,55,11,1,2,2,22,1,,,High,Expert,1,0,1,Level 3
1039,41,,,,,4,8292,43,17,12,8,3,1,2,31,,5,51,16,1,3,2,48,2,,High,High,,1,0,0,Level 2
1040,45,,,,,2,19368,85,24,2,0,4,2,1,48,,2,59,6,4,4,1,31,1,,,High,,1,0,0,Level 4
1041,47,,,,,1,14424,71,13,13,2,4,4,3,83,,8,43,17,1,4,3,25,4,,,Normal,,1,0,0,Level 3
1042,40,,,,,1,18076,38,17,3,7,2,4,2,68,,7,50,18,2,1,1,12,1,,,High,,1,0,0,Level 4
1043,26,,,,,2,8222,52,11,10,6,2,1,1,31,,1,33,10,3,4,3,11,4,,High,Low,Expert,1,0,0,Level 2
1044,36,,,,,2,4312,20,17,2,1,4,2,2,52,,7,53,5,3,3,1,23,4,,Medium,High,,1,0,0,Level 1
1045,39,,,,,1,8932,34,9,1,4,4,2,3,27,,4,42,9,3,4,1,6,2,,High,Normal,Expert,1,0,0,Level 2
1046,39,,,,,2,11440,56,24,4,6,1,4,2,91,,6,32,12,3,2,2,15,1,,Very High,Low,,1,0,0,Level 3
1047,41,,,,,4,6384,88,14,9,4,1,5,3,75,,7,36,5,1,1,3,19,2,,High,Normal,,1,0,0,Level 1
1048,47,,,,,4,16885,36,1,14,9,4,2,2,69,,6,30,12,4,3,2,9,1,,,Low,New,0,0,0,Level 4
1049,59,,,,,3,6704,47,23,6,0,3,1,3,89,,6,35,8,2,2,3,28,4,,High,Low,,1,1,0,Level 1
1050,26,,,,,4,16527,60,8,8,4,1,3,2,80,,5,38,13,2,3,2,30,4,,,Normal,Expert,1,0,0,Level 4
1051,20,,,,,1,8628,68,2,2,9,4,5,1,35,,4,51,11,3,2,3,26,3,,High,High,New,0,0,0,Level 2
1052,51,,,,,1,13183,56,4,14,2,4,1,3,61,,2,43,18,3,2,4,46,4,,,Normal,Experienced,0,1,0,Level 3
1053,32,,,,,3,17871,65,18,2,0,1,1,4,9,,1,43,1,1,3,1,20,3,,,Normal,,1,0,1,Level 4
1054,49,,,,,5,11692,82,13,2,9,4,5,2,89,,4,32,6,1,2,2,45,1,,Very High,Low,,1,0,0,Level 3
1055,42,,,,,3,12353,99,14,11,3,3,3,4,79,,1,49,15,4,2,2,36,2,,,High,,1,0,1,Level 3
1056,38,,,,,5,18171,70,22,8,6,1,5,4,95,,9,39,19,1,2,2,30,3,,,Normal,,1,0,1,Level 4
1057,51,,,,,5,5294,91,21,1,6,3,4,4,79,,1,43,6,4,1,4,34,3,,Medium,Normal,,1,1,1,Level 1
1058,49,,,,,2,18019,56,11,5,1,4,1,1,13,,5,39,15,1,2,3,18,2,,,Normal,Expert,1,0,0,Level 4
1059,48,,,,,4,6914,27,11,12,1,2,4,2,24,,2,40,6,4,1,3,3,3,,High,Normal,Expert,1,0,0,Level 1
1060,48,,,,,5,19282,68,21,4,0,4,4,4,64,,6,43,10,1,2,2,3,4,,,Normal,,1,0,1,Level 4
1061,49,,,,,2,19358,26,28,11,1,1,4,1,38,,8,40,13,2,2,1,27,2,,,Normal,,1,0,0,Level 4
1062,35,,,,,3,13635,49,8,1,8,3,3,2,42,,2,59,6,3,4,1,25,1,,,High,Expert,1,0,0,Level 3
1063,59,,,,,3,6131,97,12,12,8,4,1,4,79,,7,54,10,4,2,4,12,4,,High,High,,1,1,1,Level 1
1064,38,,,,,5,16891,23,29,10,6,3,4,1,96,,4,58,12,2,3,4,44,3,,,High,,1,0,0,Level 4
1065,37,,,,,2,14760,27,1,7,2,3,4,1,85,,4,37,0,3,3,3,21,2,,,Normal,New,0,0,0,Level 3
1066,20,,,,,1,6798,36,26,1,7,1,4,2,91,,6,41,8,3,4,3,42,4,,High,Normal,,1,0,0,Level 1
1067,33,,,,,4,17572,54,16,6,3,3,2,2,49,,8,49,19,1,3,4,47,4,,,High,,1,0,0,Level 4
1068,21,,,,,5,14481,50,18,12,4,3,1,1,22,,7,52,19,1,1,4,28,4,,,High,,1,0,0,Level 3
1069,47,,,,,1,19209,55,1,1,9,1,4,3,1,,6,59,3,3,4,2,45,2,,,High,New,0,0,0,Level 4
1070,49,,,,,4,17019,21,20,11,4,3,3,1,14,,5,42,4,3,2,2,24,4,,,Normal,,1,0,0,Level 4
1071,57,,,,,1,14413,69,18,13,1,4,2,2,43,,6,59,0,1,3,2,13,2,,,High,,1,1,0,Level 3
1072,23,,,,,2,15788,89,10,13,8,4,2,1,43,,7,55,19,2,2,1,12,2,,,High,Expert,1,0,0,Level 4
1073,20,,,,,5,13009,93,11,9,5,3,5,1,62,,9,41,11,1,2,3,11,2,,,Normal,Expert,1,0,0,Level 3
1074,27,,,,,1,19244,27,23,3,5,1,3,3,36,,2,46,3,3,2,2,20,3,,,High,,1,0,0,Level 4
1075,48,,,,,1,7267,34,16,12,0,1,5,3,4,,2,56,0,3,2,2,32,2,,High,High,,1,0,0,Level 2
1076,58,,,,,1,12149,72,28,2,1,4,2,2,31,,9,42,9,1,1,2,31,3,,,Normal,,1,1,0,Level 3
1077,22,,,,,5,10237,37,5,7,3,2,5,3,86,,6,39,6,4,3,4,24,3,,Very High,Normal,Experienced,1,0,0,Level 2
1078,51,,,,,2,5984,67,21,1,7,2,5,4,22,,9,35,7,1,1,4,14,3,,Medium,Low,,1,1,1,Level 1
1079,29,,,,,2,7473,51,1,7,7,3,5,1,96,,8,37,7,1,2,2,45,1,,High,Normal,New,0,0,0,Level 2
1080,29,,,,,1,10179,34,18,9,8,2,4,2,69,,8,43,19,2,4,3,32,1,,Very High,Normal,,1,0,0,Level 2
1081,38,,,,,2,12966,33,21,4,0,3,2,2,47,,5,58,7,3,3,1,23,1,,,High,,1,0,0,Level 3
1082,53,,,,,4,3417,32,7,10,7,3,5,2,32,,9,42,2,4,4,3,40,3,,Medium,Normal,Senior,1,1,0,Level 1
1083,52,,,,,2,3982,82,1,2,3,2,3,3,19,,2,50,6,1,3,4,19,4,,Medium,High,New,0,1,0,Level 1
1084,42,,,,,1,12425,75,23,4,4,4,4,1,1,,9,46,10,2,3,2,15,1,,,High,,1,0,0,Level 3
1085,47,,,,,4,7542,86,27,9,9,4,2,3,83,,9,36,6,2,4,1,14,2,,High,Normal,,1,0,0,Level 2
1086,51,,,,,5,15285,60,28,8,4,1,2,1,86,,3,47,5,1,2,3,19,2,,,High,,1,1,0,Level 3
1087,26,,,,,3,19216,62,2,12,6,1,1,2,89,,9,40,17,4,1,4,13,2,,,Normal,New,0,0,0,Level 4
1088,48,,,,,2,16492,34,2,5,2,4,2,2,53,,6,46,18,3,3,2,8,4,,,High,New,0,0,0,Level 4
1089,27,,,,,4,10632,86,25,8,4,2,5,1,25,,3,41,10,4,4,3,46,1,,Very High,Normal,,1,0,0,Level 2
1090,20,,,,,3,18387,83,16,7,6,4,1,2,1,,2,58,7,2,2,2,4,4,,,High,,1,0,0,Level 4
1091,22,,,,,5,10105,48,8,4,5,4,2,4,65,,5,33,14,1,2,1,31,1,,Very High,Low,Expert,1,0,1,Level 2
1092,43,,,,,3,8375,21,10,3,1,4,4,1,96,,2,53,13,2,2,2,2,3,,High,High,Expert,1,0,0,Level 2
1093,42,,,,,5,5471,64,20,1,7,3,2,3,73,,8,50,12,3,2,1,30,2,,Medium,High,,1,0,0,Level 1
1094,27,,,,,1,9234,67,16,14,8,1,4,1,27,,8,42,7,4,2,1,36,2,,Very High,Normal,,1,0,0,Level 2
1095,56,,,,,1,16082,87,5,14,8,3,2,4,14,,7,55,2,2,3,1,19,1,,,High,Experienced,1,1,1,Level 4
1096,22,,,,,5,9288,25,25,3,8,1,2,4,81,,9,59,11,2,1,4,48,2,,Very High,High,,1,0,1,Level 2
1097,52,,,,,3,17787,90,4,8,1,2,5,4,90,,5,56,2,3,3,2,19,2,,,High,Experienced,0,1,1,Level 4
1098,47,,,,,2,12701,22,26,9,9,4,2,3,51,,1,46,2,2,1,1,46,3,,,High,,1,0,0,Level 3
1099,27,,,,,3,14864,46,13,9,2,2,5,2,38,,2,30,19,2,4,3,28,4,,,Low,,1,0,0,Level 3
1100,53,,,,,3,15178,77,28,5,3,4,1,4,75,,9,40,10,3,1,3,19,2,,,Normal,,1,1,1,Level 3
1101,54,,,,,2,15388,69,8,4,1,4,2,2,13,,2,44,0,3,3,3,23,1,,,Normal,Expert,1,1,0,Level 3
1102,51,,,,,3,14049,73,13,6,5,2,5,1,30,,3,42,15,2,1,3,44,1,,,Normal,,1,1,0,Level 3
1103,43,,,,,3,13872,77,5,12,6,3,4,1,72,,5,41,3,2,4,3,21,4,,,Normal,Experienced,1,0,0,Level 3
1104,33,,,,,4,4778,31,17,14,8,2,1,1,45,,8,36,9,3,2,4,27,1,,Medium,Normal,,1,0,0,Level 1
1105,51,,,,,5,14116,40,15,7,0,2,1,2,39,,7,35,11,3,4,2,42,2,,,Low,,1,1,0,Level 3
1106,35,,,,,1,3272,65,7,14,6,2,4,1,58,,3,39,17,3,1,3,45,3,,Medium,Normal,Senior,1,0,0,Level 1
1107,23,,,,,5,4501,47,10,6,4,3,1,1,25,,5,30,19,2,4,1,30,4,,Medium,Low,Expert,1,0,0,Level 1
1108,56,,,,,3,13297,40,27,5,2,4,4,3,90,,1,38,10,2,4,4,43,2,,,Normal,,1,1,0,Level 3
1109,40,,,,,2,16270,36,27,13,4,4,3,2,15,,9,50,19,2,2,1,33,2,,,High,,1,0,0,Level 4
1110,33,,,,,2,6576,81,3,2,5,3,5,1,1,,7,41,15,3,3,2,3,1,,High,Normal,New,0,0,0,Level 1
1111,50,,,,,1,10628,92,23,3,3,3,2,4,80,,3,30,19,3,4,1,21,4,,Very High,Low,,1,1,1,Level 2
1112,37,,,,,1,15332,96,24,9,9,1,1,3,92,,3,52,14,1,1,3,41,1,,,High,,1,0,0,Level 3
1113,26,,,,,1,17626,77,16,7,8,4,3,1,95,,2,48,4,1,4,2,34,1,,,High,,1,0,0,Level 4
1114,29,,,,,2,4281,31,20,10,0,4,4,2,62,,1,31,18,1,3,4,14,2,,Medium,Low,,1,0,0,Level 1
1115,26,,,,,3,19130,55,27,12,9,3,2,1,24,,4,41,16,3,4,4,1,4,,,Normal,,1,0,0,Level 4
1116,52,,,,,1,7335,90,15,2,5,4,4,1,66,,9,51,3,1,3,4,15,1,,High,High,,1,1,0,Level 2
1117,42,,,,,1,14676,53,6,12,9,4,4,2,40,,5,39,18,1,3,3,3,1,,,Normal,Senior,1,0,0,Level 3
1118,40,,,,,2,13657,47,10,13,1,2,4,3,54,,7,47,0,2,2,4,48,4,,,High,Expert,1,0,0,Level 3
1119,38,,,,,3,5254,46,7,1,6,1,1,2,98,,7,51,3,2,4,3,5,4,,Medium,High,Senior,1,0,0,Level 1
1120,38,,,,,1,4575,35,24,1,8,3,3,3,2,,4,37,10,4,4,2,28,1,,Medium,Normal,,1,0,0,Level 1
1121,55,,,,,3,12561,67,19,1,5,4,1,4,26,,7,35,14,3,2,4,31,3,,,Low,,1,1,1,Level 3
1122,48,,,,,4,15094,78,23,14,9,3,2,4,13,,7,39,10,4,3,1,10,2,,,Normal,,1,0,1,Level 3
1123,37,,,,,1,11759,92,5,6,8,3,3,2,32,,7,40,6,2,3,3,46,1,,Very High,Normal,Experienced,1,0,0,Level 3
1124,21,,,,,1,15447,80,7,5,7,4,2,4,84,,5,43,19,2,1,1,5,2,,,Normal,Senior,1,0,1,Level 3
1125,20,,,,,2,17145,63,22,7,4,1,1,1,9,,5,48,1,4,1,4,15,3,,,High,,1,0,0,Level 4
1126,24,,,,,4,17760,85,29,12,7,2,5,4,52,,2,37,13,4,2,1,31,3,,,Normal,,1,0,1,Level 4
1127,39,,,,,4,15188,93,21,5,4,2,5,2,80,,5,32,5,2,1,4,40,2,,,Low,,1,0,0,Level 3
1128,30,,,,,4,6187,45,3,9,7,1,3,2,70,,2,31,4,1,4,3,19,3,,High,Low,New,0,0,0,Level 1
1129,21,,,,,5,19982,55,26,1,6,2,5,2,90,,2,48,0,1,1,2,28,1,,,High,,1,0,0,Level 4
1130,22,,,,,2,16618,86,2,9,4,3,4,2,94,,9,34,4,1,1,4,28,3,,,Low,New,0,0,0,Level 4
1131,42,,,,,2,11235,85,19,12,7,1,5,3,39,,3,53,12,2,2,2,12,4,,Very High,High,,1,0,0,Level 2
1132,31,,,,,1,17930,50,2,4,5,2,5,3,97,,6,39,9,4,2,2,19,3,,,Normal,New,0,0,0,Level 4
1133,39,,,,,2,16299,88,19,10,6,1,4,2,23,,7,58,14,1,4,1,21,3,,,High,,1,0,0,Level 4
1134,24,,,,,1,17034,53,18,7,4,4,4,4,9,,4,30,18,2,4,3,3,2,,,Low,,1,0,1,Level 4
1135,56,,,,,1,9152,55,1,2,7,4,2,3,48,,6,45,11,3,2,4,4,1,,Very High,Normal,New,0,1,0,Level 2
1136,57,,,,,5,19356,55,9,3,7,4,1,2,27,,7,44,2,2,1,4,49,1,,,Normal,Expert,1,1,0,Level 4
1137,49,,,,,2,4883,19,26,4,0,3,3,1,32,,6,35,11,1,2,2,46,3,,Medium,Low,,1,0,0,Level 1
1138,28,,,,,2,9870,99,21,5,7,2,4,2,46,,4,41,7,1,4,3,3,2,,Very High,Normal,,1,0,0,Level 2
1139,53,,,,,5,5162,20,16,12,9,2,3,4,12,,4,38,11,1,4,4,29,4,,Medium,Normal,,1,1,1,Level 1
1140,54,,,,,5,18861,76,25,2,7,3,2,2,43,,3,53,13,2,4,2,39,4,,,High,,1,1,0,Level 4
1141,41,,,,,2,15675,30,8,7,6,2,5,2,92,,5,47,6,4,3,1,10,1,,,High,Expert,1,0,0,Level 3
1142,43,,,,,2,9582,94,23,6,5,2,1,1,26,,1,53,10,2,1,1,35,1,,Very High,High,,1,0,0,Level 2
1143,36,,,,,1,9043,33,28,9,9,2,1,1,74,,7,35,2,2,1,1,42,3,,Very High,Low,,1,0,0,Level 2
1144,29,,,,,3,16630,97,22,7,2,3,4,1,73,,9,50,18,3,3,3,3,4,,,High,,1,0,0,Level 4
1145,49,,,,,1,5982,51,11,10,6,1,5,3,28,,3,58,3,1,4,4,16,4,,Medium,High,Expert,1,0,0,Level 1
1146,42,,,,,4,6515,78,16,10,3,1,1,4,77,,8,41,8,4,2,4,38,4,,High,Normal,,1,0,1,Level 1
1147,51,,,,,4,10827,73,20,14,7,2,3,1,84,,5,59,11,3,3,4,30,4,,Very High,High,,1,1,0,Level 2
1148,36,,,,,3,19411,83,26,2,4,4,5,1,39,,2,47,14,2,3,2,26,2,,,High,,1,0,0,Level 4
1149,36,,,,,5,3635,87,10,3,2,1,4,1,88,,1,31,6,3,3,4,1,3,,Medium,Low,Expert,1,0,0,Level 1
1150,33,,,,,4,16709,99,23,3,5,4,3,1,6,,9,45,19,1,3,2,16,4,,,Normal,,1,0,0,Level 4
1151,28,,,,,5,13316,21,16,8,5,3,1,4,78,,5,44,14,1,4,3,19,2,,,Normal,,1,0,1,Level 3
1152,59,,,,,5,3586,56,13,8,5,2,3,3,71,,4,40,9,4,4,1,12,4,,Medium,Normal,,1,1,0,Level 1
1153,21,,,,,1,6622,39,7,3,7,3,5,4,85,,1,51,15,2,4,4,5,3,,High,High,Senior,1,0,1,Level 1
1154,44,,,,,5,15521,70,1,8,0,2,3,3,76,,1,31,18,1,4,1,24,1,,,Low,New,0,0,0,Level 3
1155,58,,,,,3,15201,61,14,5,9,2,4,4,38,,9,30,3,3,3,2,22,4,,,Low,,1,1,1,Level 3
1156,28,,,,,1,6470,99,9,11,0,2,1,3,24,,3,34,10,3,1,3,11,4,,High,Low,Expert,1,0,0,Level 1
1157,41,,,,,3,9900,91,14,13,9,4,3,4,27,,6,36,18,3,3,3,26,2,,Very High,Normal,,1,0,1,Level 2
1158,23,,,,,5,11582,64,4,4,6,1,3,4,50,,4,34,12,1,4,2,21,4,,Very High,Low,Experienced,0,0,1,Level 3
1159,45,,,,,4,13135,99,23,12,2,2,2,1,79,,9,32,12,4,3,1,45,2,,,Low,,1,0,0,Level 3
1160,48,,,,,5,9132,88,9,11,7,3,5,4,70,,3,31,7,4,1,3,49,1,,Very High,Low,Expert,1,0,1,Level 2
1161,53,,,,,3,5637,47,2,4,2,2,4,4,48,,9,57,17,4,4,2,9,3,,Medium,High,New,0,1,1,Level 1
1162,42,,,,,2,8967,40,29,4,5,4,1,4,56,,7,48,3,4,4,3,25,4,,High,High,,1,0,1,Level 2
1163,56,,,,,2,9258,31,24,1,0,1,3,3,69,,3,51,5,1,3,3,31,1,,Very High,High,,1,1,0,Level 2
1164,30,,,,,4,10906,35,11,11,1,2,2,4,14,,7,53,14,4,4,2,45,1,,Very High,High,Expert,1,0,1,Level 2
1165,25,,,,,3,16439,16,20,7,6,1,5,2,98,,1,51,19,1,3,3,3,1,,,High,,1,0,0,Level 4
1166,37,,,,,4,17453,93,14,11,5,4,4,3,1,,1,59,13,2,1,3,25,1,,,High,,1,0,0,Level 4
1167,40,,,,,1,6538,58,4,10,0,1,2,4,11,,3,54,4,1,1,3,38,2,,High,High,Experienced,0,0,1,Level 1
1168,55,,,,,5,18191,80,3,10,9,2,5,3,77,,6,59,8,4,2,2,25,3,,,High,New,0,1,0,Level 4
1169,57,,,,,1,5747,85,10,4,6,4,1,3,52,,6,54,7,2,3,1,28,3,,Medium,High,Expert,1,1,0,Level 1
1170,53,,,,,2,14726,50,20,2,3,1,4,1,59,,6,32,11,4,2,1,9,1,,,Low,,1,1,0,Level 3
1171,36,,,,,5,12123,60,25,1,0,2,1,4,65,,2,36,4,4,3,1,31,2,,,Normal,,1,0,1,Level 3
1172,56,,,,,1,17558,64,1,3,8,4,5,1,42,,5,53,1,1,4,3,23,2,,,High,New,0,1,0,Level 4
1173,44,,,,,2,11065,81,9,1,2,1,3,3,33,,3,32,11,2,2,4,9,2,,Very High,Low,Expert,1,0,0,Level 2
1174,57,,,,,1,16304,17,13,11,8,2,3,1,27,,1,43,0,1,2,1,19,1,,,Normal,,1,1,0,Level 4
1175,31,,,,,5,5865,47,11,5,6,2,3,2,4,,7,44,8,3,4,3,2,4,,Medium,Normal,Expert,1,0,0,Level 1
1176,42,,,,,1,14860,59,10,6,7,4,1,2,34,,3,50,0,2,4,3,35,4,,,High,Expert,1,0,0,Level 3
1177,41,,,,,5,10026,39,25,11,6,4,1,3,15,,6,32,14,4,4,1,9,4,,Very High,Low,,1,0,0,Level 2
1178,40,,,,,1,14325,51,1,6,9,2,1,4,37,,3,52,1,3,4,2,30,3,,,High,New,0,0,1,Level 3
1179,46,,,,,4,12163,50,13,6,8,2,3,2,98,,1,50,2,3,1,4,19,3,,,High,,1,0,0,Level 3
1180,50,,,,,1,4146,49,9,7,2,4,5,4,45,,2,30,7,1,1,3,32,1,,Medium,Low,Expert,1,1,1,Level 1
1181,25,,,,,1,15240,33,22,1,7,4,3,3,43,,7,30,5,3,4,3,21,3,,,Low,,1,0,0,Level 3
1182,46,,,,,4,15789,59,8,4,1,2,5,2,43,,5,38,8,4,3,1,3,1,,,Normal,Expert,1,0,0,Level 4
1183,59,,,,,2,14532,97,13,10,3,4,5,4,4,,6,34,11,2,4,2,23,3,,,Low,,1,1,1,Level 3
1184,53,,,,,5,3892,32,24,10,9,3,5,3,45,,3,56,19,4,2,2,24,3,,Medium,High,,1,1,0,Level 1
1185,31,,,,,3,6623,41,8,9,3,1,4,1,45,,9,55,7,2,1,2,34,2,,High,High,Expert,1,0,0,Level 1
1186,26,,,,,2,11038,45,27,10,5,2,1,1,76,,3,31,3,1,1,3,45,2,,Very High,Low,,1,0,0,Level 2
1187,29,,,,,5,3359,53,24,12,2,3,5,1,64,,4,41,14,4,4,1,17,1,,Medium,Normal,,1,0,0,Level 1
1188,36,,,,,1,18607,81,28,2,0,2,5,3,28,,1,49,12,3,4,2,25,2,,,High,,1,0,0,Level 4
1189,45,,,,,2,19674,36,17,13,9,1,5,3,1,,2,43,10,1,4,3,2,1,,,Normal,,1,0,0,Level 4
1190,40,,,,,1,17371,66,1,8,7,4,1,2,62,,1,34,12,1,3,3,34,1,,,Low,New,0,0,0,Level 4
1191,47,,,,,2,14218,24,23,11,8,3,4,1,80,,5,40,12,3,3,3,42,4,,,Normal,,1,0,0,Level 3
1192,21,,,,,2,18786,22,27,7,6,4,1,1,35,,1,54,19,4,2,4,48,1,,,High,,1,0,0,Level 4
1193,20,,,,,3,9335,48,12,7,8,3,3,3,37,,4,47,6,4,4,4,45,3,,Very High,High,,1,0,0,Level 2
1194,55,,,,,4,14739,67,29,13,5,1,1,3,87,,5,33,12,3,4,3,40,1,,,Low,,1,1,0,Level 3
1195,45,,,,,2,13596,32,12,3,2,2,1,2,17,,8,53,3,4,4,2,31,1,,,High,,1,0,0,Level 3
1196,48,,,,,1,3479,26,25,13,8,4,2,3,7,,4,45,15,4,2,1,21,4,,Medium,Normal,,1,0,0,Level 1
1197,40,,,,,3,7892,78,11,2,0,3,2,2,27,,2,32,3,2,3,1,11,2,,High,Low,Expert,1,0,0,Level 2
1198,30,,,,,2,8192,71,26,2,0,3,4,2,3,,7,47,6,4,2,1,41,3,,High,High,,1,0,0,Level 2
1199,59,,,,,4,10097,16,24,12,1,3,1,1,37,,9,48,5,3,3,2,34,3,,Very High,High,,1,1,0,Level 2
1200,30,,,,,1,4099,31,11,13,3,1,2,1,81,,3,45,0,3,2,4,5,4,,Medium,Normal,Expert,1,0,0,Level 1
1201,55,,,,,3,14954,66,29,3,2,2,1,3,63,,8,36,10,2,3,2,10,3,,,Normal,,1,1,0,Level 3
1202,58,,,,,5,17302,90,16,14,0,2,5,4,71,,1,59,15,4,4,2,38,3,,,High,,1,1,1,Level 4
1203,59,,,,,4,16649,85,5,3,6,1,2,2,57,,9,38,12,4,4,1,24,4,,,Normal,Experienced,1,1,0,Level 4
1204,54,,,,,5,14569,93,24,10,3,4,2,2,62,,3,50,16,2,1,4,46,4,,,High,,1,1,0,Level 3
1205,53,,,,,5,7744,16,9,2,0,2,2,2,19,,7,55,19,1,2,4,23,1,,High,High,Expert,1,1,0,Level 2
1206,43,,,,,3,13401,41,23,7,5,1,1,2,59,,8,31,15,4,4,1,16,4,,,Low,,1,0,0,Level 3
1207,41,,,,,3,12551,40,27,2,5,3,5,4,34,,4,40,11,1,2,1,12,4,,,Normal,,1,0,1,Level 3
1208,24,,,,,3,7974,39,10,6,0,3,1,1,80,,2,43,18,1,1,1,16,4,,High,Normal,Expert,1,0,0,Level 2
1209,52,,,,,5,9114,26,11,13,6,4,2,3,36,,1,56,16,4,4,3,34,3,,Very High,High,Expert,1,1,0,Level 2
1210,55,,,,,1,14013,31,29,11,7,3,5,2,74,,5,52,10,3,3,4,14,3,,,High,,1,1,0,Level 3
1211,39,,,,,3,15517,79,3,5,4,1,2,4,62,,8,32,13,1,2,3,21,1,,,Low,New,0,0,1,Level 3
1212,38,,,,,4,11894,54,25,7,9,1,4,3,34,,1,36,0,3,4,3,1,1,,Very High,Normal,,1,0,0,Level 3
1213,54,,,,,3,19501,19,21,11,6,3,5,3,51,,6,35,2,4,4,4,38,1,,,Low,,1,1,0,Level 4
1214,36,,,,,3,13292,42,11,11,7,1,4,1,17,,9,30,13,2,3,1,31,4,,,Low,Expert,1,0,0,Level 3
1215,53,,,,,3,7667,86,8,7,6,3,3,3,56,,8,43,12,1,1,3,44,2,,High,Normal,Expert,1,1,0,Level 2
1216,28,,,,,5,13152,66,27,8,2,3,2,1,19,,8,39,19,2,1,2,39,2,,,Normal,,1,0,0,Level 3
1217,45,,,,,1,7618,28,1,4,9,4,3,2,58,,5,58,9,1,3,2,36,3,,High,High,New,0,0,0,Level 2
1218,21,,,,,3,18500,20,17,10,9,1,1,4,67,,9,34,2,3,4,4,33,2,,,Low,,1,0,1,Level 4
1219,28,,,,,5,10658,32,16,13,1,1,4,4,25,,7,42,9,4,4,3,31,3,,Very High,Normal,,1,0,1,Level 2
1220,28,,,,,4,12559,51,16,5,8,3,3,3,12,,7,56,9,4,4,3,20,4,,,High,,1,0,0,Level 3
1221,59,,,,,1,11290,88,3,10,4,4,3,2,20,,5,44,3,4,1,2,33,4,,Very High,Normal,New,0,1,0,Level 2
1222,36,,,,,5,17808,78,15,13,8,4,2,2,87,,9,30,6,1,3,1,28,1,,,Low,,1,0,0,Level 4
1223,20,,,,,2,4046,49,2,4,3,3,5,1,94,,4,52,7,3,2,4,30,4,,Medium,High,New,0,0,0,Level 1
1224,44,,,,,4,17956,31,21,13,0,2,2,4,99,,6,40,14,4,2,3,46,4,,,Normal,,1,0,1,Level 4
1225,59,,,,,4,8382,24,11,7,7,4,2,1,54,,4,51,7,2,3,4,20,3,,High,High,Expert,1,1,0,Level 2
1226,44,,,,,2,18007,65,9,3,4,3,1,2,41,,1,42,5,1,1,4,6,1,,,Normal,Expert,1,0,0,Level 4
1227,58,,,,,5,5169,95,29,10,3,1,4,2,82,,1,38,9,2,4,3,11,3,,Medium,Normal,,1,1,0,Level 1
1228,54,,,,,5,8419,66,25,2,8,2,1,4,96,,9,40,4,4,3,1,23,4,,High,Normal,,1,1,1,Level 2
1229,22,,,,,4,3562,78,24,4,8,3,5,3,98,,2,41,2,1,2,2,5,2,,Medium,Normal,,1,0,0,Level 1
1230,56,,,,,5,9460,47,5,14,1,3,3,4,22,,7,49,12,3,3,1,36,4,,Very High,High,Experienced,1,1,1,Level 2
1231,49,,,,,2,8938,31,3,5,0,3,4,2,69,,4,38,10,2,4,3,19,1,,High,Normal,New,0,0,0,Level 2
1232,57,,,,,5,11211,96,22,11,7,1,1,3,43,,8,50,6,3,1,4,35,4,,Very High,High,,1,1,0,Level 2
1233,53,,,,,4,12515,63,8,1,8,2,1,2,25,,1,42,15,3,3,3,7,1,,,Normal,Expert,1,1,0,Level 3
1234,31,,,,,5,6541,21,6,3,3,3,5,3,64,,1,34,14,3,4,3,34,3,,High,Low,Senior,1,0,0,Level 1
1235,38,,,,,1,6157,79,7,8,0,4,3,1,75,,5,34,9,1,1,3,21,1,,High,Low,Senior,1,0,0,Level 1
1236,56,,,,,2,14932,76,12,11,6,1,3,1,50,,1,58,5,1,4,4,25,4,,,High,,1,1,0,Level 3
1237,36,,,,,2,9548,89,28,5,4,2,4,3,73,,1,59,6,1,2,2,1,2,,Very High,High,,1,0,0,Level 2
1238,29,,,,,3,9836,24,29,1,4,4,4,3,89,,9,39,11,3,2,4,33,4,,Very High,Normal,,1,0,0,Level 2
1239,31,,,,,5,10177,45,23,4,4,3,2,3,26,,6,34,17,4,4,4,39,1,,Very High,Low,,1,0,0,Level 2
1240,35,,,,,2,4314,39,7,8,9,2,5,2,36,,9,40,12,1,1,1,2,4,,Medium,Normal,Senior,1,0,0,Level 1
1241,43,,,,,5,11429,71,9,13,8,4,4,4,39,,3,52,12,4,4,2,44,2,,Very High,High,Expert,1,0,1,Level 3
1242,38,,,,,1,11376,79,9,8,6,4,5,4,26,,5,46,13,4,2,4,16,1,,Very High,High,Expert,1,0,1,Level 2
1243,27,,,,,4,10887,57,1,2,1,3,4,2,64,,6,59,15,4,2,3,47,2,,Very High,High,New,0,0,0,Level 2
1244,50,,,,,4,4785,17,3,9,9,2,5,1,59,,9,55,17,2,1,4,1,2,,Medium,High,New,0,1,0,Level 1
1245,40,,,,,3,12640,69,5,10,8,1,2,3,55,,8,52,15,2,3,2,39,4,,,High,Experienced,1,0,0,Level 3
1246,36,,,,,3,11029,62,11,1,3,3,1,4,77,,7,36,11,3,3,1,33,2,,Very High,Normal,Expert,1,0,1,Level 2
1247,42,,,,,2,10490,79,4,10,4,1,1,1,51,,6,34,12,4,4,4,41,3,,Very High,Low,Experienced,0,0,0,Level 2
1248,56,,,,,2,7577,85,12,8,1,2,3,3,52,,8,32,5,4,2,2,9,1,,High,Low,,1,1,0,Level 2
1249,35,,,,,2,17936,74,1,8,2,4,2,3,13,,4,36,16,4,1,3,34,2,,,Normal,New,0,0,0,Level 4
1250,25,,,,,1,3361,28,1,13,4,3,1,1,31,,7,34,18,4,3,4,22,1,,Medium,Low,New,0,0,0,Level 1
1251,27,,,,,3,8865,95,13,6,0,3,2,4,95,,1,33,7,4,2,1,17,4,,High,Low,,1,0,1,Level 2
1252,44,,,,,3,6141,28,20,1,0,1,4,3,82,,3,38,16,4,1,2,14,4,,High,Normal,,1,0,0,Level 1
1253,37,,,,,4,16242,23,5,12,0,4,3,3,71,,6,49,3,4,4,1,17,1,,,High,Experienced,1,0,0,Level 4
1254,44,,,,,3,19676,99,20,13,6,3,2,4,34,,3,34,7,2,3,4,11,2,,,Low,,1,0,1,Level 4
1255,31,,,,,3,9030,59,2,9,9,4,4,4,48,,7,41,1,1,4,4,46,2,,Very High,Normal,New,0,0,1,Level 2
1256,34,,,,,1,8405,16,21,10,3,3,4,3,13,,8,35,5,2,4,2,25,2,,High,Low,,1,0,0,Level 2
1257,45,,,,,2,19743,46,26,3,3,1,3,1,58,,8,59,7,2,2,4,37,2,,,High,,1,0,0,Level 4
1258,45,,,,,1,4609,22,19,14,2,2,5,3,4,,1,40,10,2,2,3,38,1,,Medium,Normal,,1,0,0,Level 1
1259,51,,,,,5,13763,50,7,1,1,1,3,1,94,,4,35,13,4,1,2,20,4,,,Low,Senior,1,1,0,Level 3
1260,29,,,,,4,4360,51,16,7,3,1,4,4,31,,5,47,2,1,2,1,9,2,,Medium,High,,1,0,1,Level 1
1261,35,,,,,4,3623,29,4,14,1,4,2,2,87,,9,40,11,1,1,2,31,1,,Medium,Normal,Experienced,0,0,0,Level 1
1262,26,,,,,4,4565,48,18,13,6,2,1,1,21,,2,48,2,3,2,1,7,4,,Medium,High,,1,0,0,Level 1
1263,36,,,,,2,4920,35,11,10,9,4,1,3,60,,2,37,3,1,4,4,43,1,,Medium,Normal,Expert,1,0,0,Level 1
1264,42,,,,,2,19148,23,24,5,5,3,4,1,20,,6,38,18,4,2,1,38,3,,,Normal,,1,0,0,Level 4
1265,45,,,,,2,11766,54,16,2,5,3,2,4,32,,1,35,15,2,2,2,11,1,,Very High,Low,,1,0,1,Level 3
1266,40,,,,,4,5001,40,29,13,1,4,3,4,78,,2,46,18,4,2,3,49,3,,Medium,High,,1,0,1,Level 1
1267,41,,,,,4,3396,36,10,1,4,2,1,1,50,,2,41,4,3,4,3,45,1,,Medium,Normal,Expert,1,0,0,Level 1
1268,26,,,,,4,13900,27,2,6,9,4,4,1,47,,9,42,6,3,3,3,32,3,,,Normal,New,0,0,0,Level 3
1269,33,,,,,5,7497,39,27,1,7,3,5,2,14,,8,57,17,4,1,2,8,1,,High,High,,1,0,0,Level 2
1270,34,,,,,5,4511,85,23,6,1,2,1,4,2,,8,31,2,3,4,2,14,1,,Medium,Low,,1,0,1,Level 1
1271,26,,,,,4,13285,29,24,1,7,1,1,3,93,,6,58,8,1,2,4,11,2,,,High,,1,0,0,Level 3
1272,28,,,,,2,15441,90,10,7,8,3,4,2,56,,8,48,13,4,4,3,35,1,,,High,Expert,1,0,0,Level 3
1273,27,,,,,2,5692,59,3,7,2,3,5,2,55,,6,56,18,4,3,4,9,4,,Medium,High,New,0,0,0,Level 1
1274,42,,,,,5,17622,35,22,10,3,4,4,2,61,,3,47,5,4,3,3,6,1,,,High,,1,0,0,Level 4
1275,48,,,,,5,5032,54,12,4,7,4,1,4,17,,5,34,14,2,1,1,31,3,,Medium,Low,,1,0,1,Level 1
1276,37,,,,,4,9988,61,20,7,1,2,4,2,71,,2,55,15,3,3,1,48,3,,Very High,High,,1,0,0,Level 2
1277,50,,,,,4,12546,75,28,13,1,2,1,3,82,,9,35,10,4,1,4,26,3,,,Low,,1,1,0,Level 3
1278,49,,,,,2,10639,28,2,8,0,1,2,4,55,,7,49,1,4,3,2,10,3,,Very High,High,New,0,0,1,Level 2
1279,58,,,,,3,18993,86,8,8,1,2,4,4,47,,1,55,3,1,3,4,23,2,,,High,Expert,1,1,1,Level 4
1280,54,,,,,2,14927,81,18,12,8,2,3,1,90,,5,59,5,2,1,3,47,2,,,High,,1,1,0,Level 3
1281,37,,,,,2,7252,90,9,12,4,4,4,2,4,,4,46,11,3,4,1,37,3,,High,High,Expert,1,0,0,Level 2
1282,58,,,,,4,14931,61,25,12,3,2,2,4,89,,7,55,13,3,3,3,11,4,,,High,,1,1,1,Level 3
1283,36,,,,,3,7709,30,11,3,1,4,1,3,13,,8,45,3,1,4,2,28,3,,High,Normal,Expert,1,0,0,Level 2
1284,33,,,,,3,13668,85,24,14,1,4,2,2,40,,7,36,14,1,4,2,45,1,,,Normal,,1,0,0,Level 3
1285,50,,,,,4,8077,32,26,14,5,4,2,1,59,,4,58,10,4,1,2,3,3,,High,High,,1,1,0,Level 2
1286,43,,,,,1,4275,59,3,8,6,3,4,2,49,,2,37,19,1,1,4,48,1,,Medium,Normal,New,0,0,0,Level 1
1287,54,,,,,4,3058,37,8,13,3,4,3,3,62,,5,33,15,2,4,3,38,4,,Medium,Low,Expert,1,1,0,Level 1
1288,53,,,,,5,17092,40,5,3,6,4,3,1,64,,3,38,6,2,3,1,36,1,,,Normal,Experienced,1,1,0,Level 4
1289,22,,,,,3,6671,80,15,13,0,4,4,1,31,,1,59,11,4,3,2,46,4,,High,High,,1,0,0,Level 1
1290,56,,,,,4,4342,16,10,11,7,4,3,4,90,,6,45,19,4,1,3,5,1,,Medium,Normal,Expert,1,1,1,Level 1
1291,59,,,,,2,7752,36,14,5,2,3,3,1,17,,3,49,13,4,4,2,21,1,,High,High,,1,1,0,Level 2
1292,45,,,,,2,7932,52,5,1,6,3,3,4,17,,6,48,0,4,4,3,48,2,,High,High,Experienced,1,0,1,Level 2
1293,42,,,,,2,4023,56,18,12,6,3,5,4,40,,4,43,13,1,2,2,8,4,,Medium,Normal,,1,0,1,Level 1
1294,58,,,,,4,9965,42,12,7,2,3,2,3,74,,6,46,4,3,3,1,46,1,,Very High,High,,1,1,0,Level 2
1295,34,,,,,1,11589,77,3,14,4,3,1,2,69,,5,47,19,3,1,3,49,3,,Very High,High,New,0,0,0,Level 3
1296,23,,,,,5,12160,31,8,10,1,1,5,2,50,,1,43,17,1,1,3,14,4,,,Normal,Expert,1,0,0,Level 3
1297,48,,,,,2,3461,96,14,8,8,3,1,3,92,,7,57,4,2,4,4,46,2,,Medium,High,,1,0,0,Level 1
1298,41,,,,,4,13389,73,1,4,4,2,4,3,35,,2,31,17,1,4,1,18,3,,,Low,New,0,0,0,Level 3
1299,44,,,,,1,3592,16,4,7,3,3,5,1,4,,1,31,2,3,3,4,16,2,,Medium,Low,Experienced,0,0,0,Level 1
1300,32,,,,,3,8696,93,22,7,9,2,2,2,33,,5,37,15,3,3,4,2,2,,High,Normal,,1,0,0,Level 2
1301,37,,,,,3,4442,93,25,6,2,2,1,2,14,,6,57,9,4,2,4,40,4,,Medium,High,,1,0,0,Level 1
1302,52,,,,,5,5806,64,8,14,0,4,5,2,8,,2,31,17,2,3,4,2,2,,Medium,Low,Expert,1,1,0,Level 1
1303,35,,,,,4,18220,29,26,5,6,1,4,2,96,,9,30,17,3,4,4,23,1,,,Low,,1,0,0,Level 4
1304,21,,,,,4,6325,32,21,10,2,2,1,3,80,,6,57,0,3,2,2,31,2,,High,High,,1,0,0,Level 1
1305,54,,,,,2,9647,91,13,4,9,2,2,3,10,,2,50,12,2,2,3,41,3,,Very High,High,,1,1,0,Level 2
1306,53,,,,,1,11993,52,16,5,0,1,2,1,41,,2,51,2,1,2,3,1,3,,Very High,High,,1,1,0,Level 3
1307,49,,,,,5,11072,22,16,7,9,2,1,1,62,,3,39,12,2,3,1,33,4,,Very High,Normal,,1,0,0,Level 2
1308,32,,,,,1,18153,94,23,8,9,1,2,3,40,,6,45,1,4,3,4,31,1,,,Normal,,1,0,0,Level 4
1309,32,,,,,5,13549,34,24,4,7,2,1,4,60,,8,56,9,1,2,2,2,3,,,High,,1,0,1,Level 3
1310,37,,,,,4,14449,74,28,5,7,3,4,2,29,,1,59,5,2,1,2,15,4,,,High,,1,0,0,Level 3
1311,51,,,,,4,14487,40,9,11,2,2,1,4,12,,2,41,19,3,4,3,36,2,,,Normal,Expert,1,1,1,Level 3
1312,51,,,,,5,10589,49,19,6,9,3,1,1,74,,3,48,7,4,1,2,36,4,,Very High,High,,1,1,0,Level 2
1313,54,,,,,1,11787,95,27,11,2,1,1,4,6,,3,51,1,4,4,3,27,1,,Very High,High,,1,1,1,Level 3
1314,58,,,,,3,5047,40,8,9,1,3,1,4,57,,5,34,10,2,3,4,49,3,,Medium,Low,Expert,1,1,1,Level 1
1315,48,,,,,3,11218,32,19,10,7,4,5,3,41,,7,51,16,3,3,1,17,2,,Very High,High,,1,0,0,Level 2
1316,48,,,,,2,5428,58,1,6,8,3,2,2,63,,6,42,11,4,4,1,40,4,,Medium,Normal,New,0,0,0,Level 1
1317,35,,,,,2,8439,21,13,7,3,2,2,3,44,,7,48,4,2,2,3,8,1,,High,High,,1,0,0,Level 2
1318,29,,,,,1,3130,49,13,8,3,3,3,3,84,,1,49,5,2,4,4,27,3,,Medium,High,,1,0,0,Level 1
1319,49,,,,,4,5332,26,4,3,4,1,5,1,70,,7,32,18,1,2,2,22,1,,Medium,Low,Experienced,0,0,0,Level 1
1320,44,,,,,1,3736,58,23,5,2,4,2,4,21,,4,54,17,3,3,1,24,4,,Medium,High,,1,0,1,Level 1
1321,58,,,,,5,6847,55,25,4,4,1,5,3,95,,5,47,3,3,1,2,36,3,,High,High,,1,1,0,Level 1
1322,39,,,,,3,3232,68,10,1,3,2,1,3,3,,6,43,10,4,2,3,14,2,,Medium,Normal,Expert,1,0,0,Level 1
1323,24,,,,,2,19605,15,23,12,7,2,1,1,78,,3,34,13,4,2,3,15,2,,,Low,,1,0,0,Level 4
1324,20,,,,,1,8755,39,26,4,4,1,2,3,38,,5,44,16,1,3,1,39,4,,High,Normal,,1,0,0,Level 2
1325,49,,,,,1,3935,94,11,2,6,4,4,1,84,,3,50,10,2,2,2,30,2,,Medium,High,Expert,1,0,0,Level 1
1326,22,,,,,5,8733,29,14,4,3,1,2,4,40,,8,34,6,1,4,2,40,4,,High,Low,,1,0,1,Level 2
1327,33,,,,,4,10567,89,5,2,1,4,4,3,40,,7,46,1,1,2,4,31,4,,Very High,High,Experienced,1,0,0,Level 2
1328,49,,,,,4,4343,17,13,13,7,2,1,4,40,,2,36,2,2,4,1,49,1,,Medium,Normal,,1,0,1,Level 1
1329,23,,,,,3,13503,59,15,12,3,2,3,3,27,,7,54,17,1,1,3,23,4,,,High,,1,0,0,Level 3
1330,37,,,,,2,3364,59,17,4,8,4,1,4,42,,8,54,2,2,1,1,15,2,,Medium,High,,1,0,1,Level 1
1331,56,,,,,4,16700,65,16,4,5,2,5,2,63,,5,40,18,3,3,3,13,1,,,Normal,,1,1,0,Level 4
1332,44,,,,,4,13981,56,1,13,7,2,1,1,5,,4,40,4,2,3,3,21,2,,,Normal,New,0,0,0,Level 3
1333,20,,,,,4,12442,53,12,11,8,2,1,2,65,,1,47,4,3,1,3,11,2,,,High,,1,0,0,Level 3
1334,34,,,,,1,11647,34,25,3,8,1,5,2,30,,6,44,18,4,4,2,45,2,,Very High,Normal,,1,0,0,Level 3
1335,28,,,,,4,16616,93,20,5,8,2,1,4,90,,1,32,3,3,1,4,31,3,,,Low,,1,0,1,Level 4
1336,34,,,,,5,17840,32,19,9,6,3,2,2,8,,5,59,13,3,3,3,47,3,,,High,,1,0,0,Level 4
1337,43,,,,,3,15615,53,27,1,2,1,1,4,0,,8,42,0,3,2,2,5,2,,,Normal,,1,0,1,Level 3
1338,23,,,,,4,14924,43,21,7,7,3,5,4,14,,6,54,5,1,3,4,1,3,,,High,,1,0,1,Level 3
1339,31,,,,,2,12010,34,23,10,6,2,1,2,22,,7,36,3,1,1,1,40,1,,,Normal,,1,0,0,Level 3
1340,56,,,,,1,17796,56,7,13,8,4,5,4,16,,3,43,4,1,2,4,48,2,,,Normal,Senior,1,1,1,Level 4
1341,56,,,,,5,6514,93,5,14,4,4,4,1,57,,9,34,0,3,3,4,40,4,,High,Low,Experienced,1,1,0,Level 1
1342,25,,,,,3,18586,26,8,1,3,1,5,3,70,,6,46,9,3,4,3,1,2,,,High,Expert,1,0,0,Level 4
1343,58,,,,,1,18886,70,21,10,1,2,3,2,66,,2,48,2,3,4,3,35,1,,,High,,1,1,0,Level 4
1344,43,,,,,5,11156,26,26,12,6,2,2,1,97,,4,47,3,4,1,3,31,4,,Very High,High,,1,0,0,Level 2
1345,30,,,,,1,4714,67,4,12,5,2,1,4,52,,7,49,17,2,1,1,35,1,,Medium,High,Experienced,0,0,1,Level 1
1346,32,,,,,3,3515,22,14,1,5,1,2,3,82,,5,45,13,4,2,2,35,3,,Medium,Normal,,1,0,0,Level 1
1347,53,,,,,3,17753,72,6,14,9,1,1,3,29,,9,38,6,2,3,4,11,1,,,Normal,Senior,1,1,0,Level 4
1348,44,,,,,4,8220,38,19,2,7,3,4,2,9,,5,51,0,1,2,4,9,1,,High,High,,1,0,0,Level 2
1349,26,,,,,2,12620,75,4,10,0,1,2,1,54,,3,45,12,3,4,2,32,2,,,Normal,Experienced,0,0,0,Level 3
1350,23,,,,,4,8249,15,24,6,0,4,1,2,41,,8,54,19,2,1,1,36,2,,High,High,,1,0,0,Level 2
1351,27,,,,,1,14782,92,26,11,3,2,4,4,47,,1,42,5,3,2,1,11,1,,,Normal,,1,0,1,Level 3
1352,39,,,,,4,11010,84,10,14,7,3,3,3,81,,8,47,8,3,3,3,38,4,,Very High,High,Expert,1,0,0,Level 2
1353,48,,,,,3,15322,59,19,9,4,1,1,3,22,,2,31,4,1,1,2,31,3,,,Low,,1,0,0,Level 3
1354,29,,,,,3,9142,23,27,3,8,3,4,1,86,,4,47,4,3,3,2,18,1,,Very High,High,,1,0,0,Level 2
1355,53,,,,,3,14665,15,29,5,2,2,3,4,3,,8,49,11,3,4,3,46,4,,,High,,1,1,1,Level 3
1356,45,,,,,4,8878,87,10,8,5,1,3,3,98,,8,58,19,1,2,4,43,3,,High,High,Expert,1,0,0,Level 2
1357,22,,,,,5,13807,38,13,10,5,2,3,4,72,,5,55,19,4,1,1,46,1,,,High,,1,0,1,Level 3
1358,25,,,,,4,8071,74,3,6,3,2,1,3,74,,6,42,7,1,3,4,24,3,,High,Normal,New,0,0,0,Level 2
1359,24,,,,,4,8942,96,22,3,1,4,4,4,64,,5,48,3,3,2,4,39,1,,High,High,,1,0,1,Level 2
1360,24,,,,,4,12468,62,8,2,5,3,1,4,9,,6,39,12,4,4,1,3,3,,,Normal,Expert,1,0,1,Level 3
1361,42,,,,,4,7659,53,10,13,9,4,5,4,94,,9,51,3,4,3,2,46,4,,High,High,Expert,1,0,1,Level 2
1362,28,,,,,3,5962,32,2,3,2,4,2,4,13,,3,41,15,1,1,2,29,2,,Medium,Normal,New,0,0,1,Level 1
1363,54,,,,,2,12086,66,1,6,7,3,4,1,91,,8,53,12,3,4,4,26,3,,,High,New,0,1,0,Level 3
1364,39,,,,,4,15627,16,10,5,1,3,4,4,35,,7,49,9,4,2,4,20,1,,,High,Expert,1,0,1,Level 3
1365,54,,,,,4,5410,50,13,8,2,3,1,2,87,,5,51,17,4,3,2,16,3,,Medium,High,,1,1,0,Level 1
1366,37,,,,,2,19563,62,1,10,8,3,5,1,27,,1,56,12,4,2,4,45,4,,,High,New,0,0,0,Level 4
1367,36,,,,,4,3588,49,23,2,1,4,4,1,58,,2,45,15,3,3,3,19,1,,Medium,Normal,,1,0,0,Level 1
1368,43,,,,,2,6225,84,2,14,9,1,5,2,3,,7,52,15,1,1,3,32,4,,High,High,New,0,0,0,Level 1
1369,22,,,,,3,14228,95,25,12,0,3,2,3,77,,4,48,18,2,1,3,7,3,,,High,,1,0,0,Level 3
1370,51,,,,,5,7764,86,10,2,2,1,4,4,68,,7,57,14,4,2,2,45,3,,High,High,Expert,1,1,1,Level 2
1371,54,,,,,4,10087,56,4,4,9,1,5,1,95,,8,38,13,3,2,2,29,2,,Very High,Normal,Experienced,0,1,0,Level 2
1372,57,,,,,5,7464,88,7,13,5,2,5,2,16,,3,57,17,3,3,1,14,1,,High,High,Senior,1,1,0,Level 2
1373,32,,,,,4,5706,94,5,9,7,1,5,1,97,,1,58,14,2,3,2,13,2,,Medium,High,Experienced,1,0,0,Level 1
1374,44,,,,,1,16389,52,21,5,9,2,5,1,36,,9,59,0,3,1,3,40,3,,,High,,1,0,0,Level 4
1375,28,,,,,1,15158,40,16,7,4,4,1,4,61,,2,33,0,2,3,1,36,2,,,Low,,1,0,1,Level 3
1376,23,,,,,3,10166,45,7,7,1,2,4,2,89,,4,41,16,2,3,3,1,2,,Very High,Normal,Senior,1,0,0,Level 2
1377,33,,,,,5,15646,66,9,6,7,3,1,2,30,,1,53,10,2,3,1,2,4,,,High,Expert,1,0,0,Level 3
1378,56,,,,,5,4640,74,20,12,1,3,5,3,91,,1,32,5,2,1,2,13,4,,Medium,Low,,1,1,0,Level 1
1379,53,,,,,2,17367,22,25,6,3,3,3,2,27,,7,32,15,1,2,2,41,2,,,Low,,1,1,0,Level 4
1380,30,,,,,2,11253,75,9,9,8,1,4,2,92,,2,53,3,3,4,4,48,1,,Very High,High,Expert,1,0,0,Level 2
1381,22,,,,,4,16408,49,11,4,6,3,1,4,52,,5,45,17,4,2,3,25,2,,,Normal,Expert,1,0,1,Level 4
1382,47,,,,,2,14641,48,24,2,2,2,5,4,35,,7,54,13,1,1,1,22,4,,,High,,1,0,1,Level 3
1383,48,,,,,2,15739,24,17,7,0,3,5,2,25,,7,32,8,1,2,2,45,3,,,Low,,1,0,0,Level 4
1384,28,,,,,5,6286,54,26,6,5,3,4,3,85,,4,49,2,2,2,3,9,3,,High,High,,1,0,0,Level 1
1385,22,,,,,1,18443,66,11,4,8,2,2,3,98,,5,54,13,3,1,4,49,3,,,High,Expert,1,0,0,Level 4
1386,44,,,,,5,17741,26,27,1,3,1,4,3,27,,7,34,7,1,2,1,8,4,,,Low,,1,0,0,Level 4
1387,53,,,,,2,18341,41,9,4,6,1,1,3,60,,8,46,13,3,4,2,42,4,,,High,Expert,1,1,0,Level 4
1388,31,,,,,4,4692,33,19,6,2,1,2,3,21,,3,45,15,3,1,4,44,3,,Medium,Normal,,1,0,0,Level 1
1389,28,,,,,1,18848,71,8,11,0,2,4,1,49,,1,56,6,2,4,4,8,3,,,High,Expert,1,0,0,Level 4
1390,34,,,,,2,19740,68,5,3,4,4,4,3,34,,9,54,15,2,4,4,25,1,,,High,Experienced,1,0,0,Level 4
1391,59,,,,,2,17466,29,6,13,0,2,4,4,81,,2,33,1,4,3,1,16,2,,,Low,Senior,1,1,1,Level 4
1392,44,,,,,4,19979,51,19,13,1,1,3,2,68,,6,30,14,4,4,2,30,4,,,Low,,1,0,0,Level 4
1393,24,,,,,4,17260,75,11,1,6,4,4,4,92,,8,54,0,2,3,1,33,4,,,High,Expert,1,0,1,Level 4
1394,30,,,,,2,18288,32,23,12,0,4,1,2,10,,7,47,11,2,4,2,23,1,,,High,,1,0,0,Level 4
1395,53,,,,,2,7966,58,2,2,5,3,5,2,87,,3,38,15,3,3,4,7,3,,High,Normal,New,0,1,0,Level 2
1396,43,,,,,5,14364,98,29,6,6,2,1,4,37,,5,38,6,2,2,4,42,1,,,Normal,,1,0,1,Level 3
1397,34,,,,,3,13023,35,3,1,3,1,4,4,58,,5,37,15,2,2,3,45,2,,,Normal,New,0,0,1,Level 3
1398,57,,,,,4,6953,43,2,6,3,1,2,4,44,,2,42,8,1,2,1,17,2,,High,Normal,New,0,1,1,Level 1
1399,27,,,,,4,9230,29,13,1,1,1,3,3,43,,4,31,13,3,1,3,40,3,,Very High,Low,,1,0,0,Level 2
1400,24,,,,,5,5570,82,11,1,4,4,3,2,24,,8,34,10,4,1,4,30,3,,Medium,Low,Expert,1,0,0,Level 1
1401,45,,,,,1,19476,78,25,6,6,1,3,3,15,,2,55,0,4,3,3,28,3,,,High,,1,0,0,Level 4
1402,37,,,,,1,13392,28,11,13,3,4,2,2,19,,6,59,3,1,2,3,46,2,,,High,Expert,1,0,0,Level 3
1403,25,,,,,1,15641,51,13,1,7,3,2,1,53,,1,54,17,3,2,3,11,3,,,High,,1,0,0,Level 3
1404,56,,,,,4,10741,68,19,12,7,4,2,3,12,,2,57,10,3,2,2,21,2,,Very High,High,,1,1,0,Level 2
1405,32,,,,,3,4896,73,24,9,6,3,2,2,34,,3,50,12,1,3,2,7,2,,Medium,High,,1,0,0,Level 1
1406,47,,,,,3,5964,73,22,2,2,2,1,2,11,,2,48,15,2,4,2,22,3,,Medium,High,,1,0,0,Level 1
1407,24,,,,,5,12302,99,13,9,9,2,5,2,62,,5,53,18,2,1,2,49,4,,,High,,1,0,0,Level 3
1408,32,,,,,1,9354,69,1,5,8,4,2,2,3,,8,59,9,3,2,1,29,2,,Very High,High,New,0,0,0,Level 2
1409,36,,,,,1,15002,57,27,5,7,1,5,1,35,,9,48,14,2,1,1,48,2,,,High,,1,0,0,Level 3
1410,59,,,,,2,5918,66,13,10,9,3,4,4,93,,1,31,18,3,2,1,7,1,,Medium,Low,,1,1,1,Level 1
1411,51,,,,,5,16387,53,6,8,0,2,5,1,92,,3,47,11,1,3,4,48,3,,,High,Senior,1,1,0,Level 4
1412,48,,,,,5,17339,91,8,1,8,3,4,4,81,,6,56,0,2,2,4,8,1,,,High,Expert,1,0,1,Level 4
1413,22,,,,,4,11622,33,26,9,6,4,3,3,92,,6,45,5,2,4,2,11,3,,Very High,Normal,,1,0,0,Level 3
1414,59,,,,,4,13651,70,19,14,9,2,4,1,8,,7,41,5,3,3,2,9,3,,,Normal,,1,1,0,Level 3
1415,53,,,,,5,9112,50,23,1,9,4,1,4,73,,6,46,9,1,2,3,46,1,,Very High,High,,1,1,1,Level 2
1416,59,,,,,3,5082,66,14,5,3,4,4,3,9,,2,36,18,4,3,1,31,4,,Medium,Normal,,1,1,0,Level 1
1417,46,,,,,5,16553,58,6,8,4,1,3,3,52,,3,35,15,2,3,3,20,3,,,Low,Senior,1,0,0,Level 4
1418,32,,,,,3,6727,60,17,1,6,1,3,1,7,,2,58,9,2,1,3,36,2,,High,High,,1,0,0,Level 1
1419,52,,,,,4,8003,54,2,5,7,2,5,4,58,,4,33,3,2,1,4,47,1,,High,Low,New,0,1,1,Level 2
1420,25,,,,,5,5858,94,16,13,3,4,5,4,18,,9,43,16,1,1,4,42,2,,Medium,Normal,,1,0,1,Level 1
1421,43,,,,,3,11475,67,27,12,6,3,3,3,43,,1,50,17,1,3,4,8,3,,Very High,High,,1,0,0,Level 3
1422,38,,,,,2,3726,71,5,3,5,3,4,3,43,,9,45,3,3,1,2,25,1,,Medium,Normal,Experienced,1,0,0,Level 1
1423,35,,,,,2,19720,33,23,8,8,4,4,4,33,,2,51,18,2,3,2,29,1,,,High,,1,0,1,Level 4
1424,59,,,,,5,9083,92,20,13,3,4,2,4,52,,1,42,19,3,2,3,42,3,,Very High,Normal,,1,1,1,Level 2
1425,47,,,,,1,11758,58,6,3,3,1,1,1,2,,3,30,2,3,3,2,20,4,,Very High,Low,Senior,1,0,0,Level 3
1426,52,,,,,5,9226,34,2,12,2,1,4,4,86,,1,30,7,2,1,1,24,3,,Very High,Low,New,0,1,1,Level 2
1427,32,,,,,4,16987,58,5,8,7,3,3,1,1,,7,50,13,4,1,2,30,2,,,High,Experienced,1,0,0,Level 4
1428,44,,,,,4,13557,57,10,11,7,3,1,4,59,,2,52,15,4,3,1,27,1,,,High,Expert,1,0,1,Level 3
1429,55,,,,,2,7970,21,19,11,3,4,5,4,45,,9,30,11,1,1,1,48,1,,High,Low,,1,1,1,Level 2
1430,46,,,,,3,9822,56,1,2,2,1,3,4,14,,2,30,9,3,1,4,22,3,,Very High,Low,New,0,0,1,Level 2
1431,57,,,,,2,4790,76,6,10,5,2,3,2,98,,8,41,1,1,4,3,30,2,,Medium,Normal,Senior,1,1,0,Level 1
1432,26,,,,,3,5881,16,25,14,8,2,5,2,6,,6,50,5,2,3,1,6,2,,Medium,High,,1,0,0,Level 1
1433,24,,,,,5,8543,91,16,3,7,3,4,2,60,,6,53,13,3,4,4,3,2,,High,High,,1,0,0,Level 2
1434,50,,,,,1,10130,60,10,13,6,3,5,1,34,,4,56,5,2,1,2,42,4,,Very High,High,Expert,1,1,0,Level 2
1435,42,,,,,4,17134,52,8,1,6,2,3,3,34,,1,49,15,1,1,3,49,2,,,High,Expert,1,0,0,Level 4
1436,29,,,,,5,5861,15,20,1,4,1,4,1,68,,8,46,3,3,3,3,48,2,,Medium,High,,1,0,0,Level 1
1437,51,,,,,2,17339,61,24,4,1,1,5,3,48,,7,48,16,1,1,4,43,3,,,High,,1,1,0,Level 4
1438,49,,,,,5,11254,27,27,5,8,1,4,3,82,,6,49,13,3,3,4,5,2,,Very High,High,,1,0,0,Level 2
1439,58,,,,,1,12205,74,21,14,2,4,1,4,94,,5,49,2,2,1,4,31,3,,,High,,1,1,1,Level 3
1440,50,,,,,3,9133,95,19,3,8,4,4,3,1,,2,51,1,2,1,4,16,3,,Very High,High,,1,1,0,Level 2
1441,37,,,,,1,6325,78,20,2,9,2,3,1,33,,1,38,6,3,2,3,33,2,,High,Normal,,1,0,0,Level 1
1442,55,,,,,2,6698,82,7,1,1,1,5,4,12,,7,58,8,1,1,4,36,3,,High,High,Senior,1,1,1,Level 1
1443,21,,,,,1,8973,69,15,3,0,2,4,2,63,,4,47,19,4,1,3,5,1,,High,High,,1,0,0,Level 2
1444,33,,,,,4,9210,45,5,1,9,4,2,3,34,,2,44,2,2,4,3,11,2,,Very High,Normal,Experienced,1,0,0,Level 2
1445,32,,,,,1,6357,28,4,10,6,4,5,4,97,,3,39,6,3,3,3,13,4,,High,Normal,Experienced,0,0,1,Level 1
1446,48,,,,,5,19515,99,19,10,0,2,5,2,77,,2,56,0,2,1,4,29,3,,,High,,1,0,0,Level 4
1447,31,,,,,3,8167,19,19,6,7,4,2,4,34,,9,31,16,4,1,2,3,4,,High,Low,,1,0,1,Level 2
1448,58,,,,,4,18914,68,10,13,2,4,4,2,25,,4,45,13,2,2,2,26,1,,,Normal,Expert,1,1,0,Level 4
1449,21,,,,,4,10084,67,22,11,2,3,1,4,43,,1,45,2,2,2,3,26,4,,Very High,Normal,,1,0,1,Level 2
1450,51,,,,,4,3992,51,8,3,8,2,3,2,6,,5,43,2,3,1,1,40,1,,Medium,Normal,Expert,1,1,0,Level 1
1451,32,,,,,2,8772,71,20,12,0,2,1,2,99,,7,34,16,3,1,1,41,3,,High,Low,,1,0,0,Level 2
1452,46,,,,,2,5596,17,1,4,6,3,3,2,38,,1,34,15,2,2,3,24,2,,Medium,Low,New,0,0,0,Level 1
1453,36,,,,,5,19029,91,20,8,1,4,3,3,84,,4,45,0,2,4,2,6,1,,,Normal,,1,0,0,Level 4
1454,59,,,,,3,5949,25,28,10,2,4,5,3,78,,9,45,1,2,1,2,20,2,,Medium,Normal,,1,1,0,Level 1
1455,50,,,,,1,8590,56,21,5,9,3,3,3,12,,3,48,1,2,3,3,6,1,,High,High,,1,1,0,Level 2
1456,53,,,,,5,10237,69,24,11,7,2,5,1,83,,8,54,2,4,1,1,25,1,,Very High,High,,1,1,0,Level 2
1457,43,,,,,2,15629,52,13,5,2,4,2,4,97,,8,35,9,1,1,2,29,4,,,Low,,1,0,1,Level 3
1458,54,,,,,5,3065,38,7,8,1,3,3,4,89,,9,54,2,3,2,4,3,1,,Medium,High,Senior,1,1,1,Level 1
1459,25,,,,,3,15894,23,2,10,6,1,2,1,3,,7,40,15,2,1,4,43,4,,,Normal,New,0,0,0,Level 4
1460,38,,,,,5,6764,27,9,10,2,1,1,1,97,,5,52,12,2,4,2,1,3,,High,High,Expert,1,0,0,Level 1
1461,49,,,,,4,14333,32,19,12,7,2,5,2,83,,4,31,16,2,3,1,28,4,,,Low,,1,0,0,Level 3
1462,26,,,,,1,14524,24,9,14,3,3,5,4,18,,6,55,1,4,3,3,28,4,,,High,Expert,1,0,1,Level 3
1463,29,,,,,2,13771,26,17,12,5,3,4,4,30,,3,45,4,2,2,4,26,2,,,Normal,,1,0,1,Level 3
1464,51,,,,,2,4419,61,25,11,7,1,3,3,82,,8,40,18,4,2,3,45,1,,Medium,Normal,,1,1,0,Level 1
1465,53,,,,,3,8477,97,23,13,3,2,4,2,42,,4,44,11,4,1,1,38,3,,High,Normal,,1,1,0,Level 2
1466,47,,,,,3,15645,97,18,10,4,2,4,1,63,,2,57,1,2,1,3,5,3,,,High,,1,0,0,Level 3
1467,34,,,,,3,4415,24,10,4,2,4,2,4,1,,5,44,1,3,3,2,6,2,,Medium,Normal,Expert,1,0,1,Level 1
1468,49,,,,,2,11567,15,23,13,3,2,5,4,89,,8,40,1,1,3,1,14,1,,Very High,Normal,,1,0,1,Level 3
1469,56,,,,,4,8424,71,1,8,9,1,2,2,21,,6,46,1,2,1,1,38,3,,High,High,New,0,1,0,Level 2
1470,48,,,,,1,9207,85,11,10,7,3,5,2,80,,9,37,14,1,3,1,1,2,,Very High,Normal,Expert,1,0,0,Level 2
1471,41,,,,,3,11369,25,19,5,6,2,5,2,87,,6,55,9,2,2,1,28,3,,Very High,High,,1,0,0,Level 2
1472,23,,,,,2,19618,67,23,6,5,3,4,1,75,,3,49,5,3,3,1,30,4,,,High,,1,0,0,Level 4
1473,39,,,,,4,3761,18,19,1,4,1,2,2,21,,1,52,18,1,2,1,12,4,,Medium,High,,1,0,0,Level 1
1474,51,,,,,3,6878,75,2,9,8,4,2,3,83,,8,49,12,2,1,3,38,2,,High,High,New,0,1,0,Level 1
1475,55,,,,,3,4282,99,5,4,3,4,5,2,66,,8,47,18,4,3,2,25,1,,Medium,High,Experienced,1,1,0,Level 1
1476,23,,,,,1,18826,24,3,1,2,2,2,2,14,,7,57,15,2,4,2,29,4,,,High,New,0,0,0,Level 4
1477,46,,,,,1,6613,19,13,7,5,3,3,1,42,,7,36,6,3,2,4,2,1,,High,Normal,,1,0,0,Level 1
1478,36,,,,,5,7446,75,25,10,1,3,2,2,13,,4,36,18,3,1,2,36,1,,High,Normal,,1,0,0,Level 2
1479,31,,,,,3,7636,90,7,4,8,1,1,3,73,,2,57,0,2,4,1,36,3,,High,High,Senior,1,0,0,Level 2
1480,41,,,,,5,6383,44,11,5,5,4,2,3,19,,7,48,18,3,4,4,38,2,,High,High,Expert,1,0,0,Level 1
1481,36,,,,,2,10275,71,17,11,2,1,3,1,22,,3,48,16,4,2,1,47,2,,Very High,High,,1,0,0,Level 2
1482,29,,,,,1,3029,47,1,7,1,2,2,4,53,,1,42,18,4,1,2,44,2,,Medium,Normal,New,0,0,1,Level 1
1483,20,,,,,4,19692,51,22,7,8,1,3,4,72,,1,47,4,2,3,4,38,3,,,High,,1,0,1,Level 4
1484,41,,,,,3,12701,96,4,9,9,3,1,1,61,,8,42,4,4,3,2,48,4,,,Normal,Experienced,0,0,0,Level 3
1485,45,,,,,3,19520,82,1,9,2,2,4,2,61,,7,56,2,1,2,3,22,3,,,High,New,0,0,0,Level 4
1486,37,,,,,5,12646,37,9,7,5,2,5,2,63,,1,45,10,1,3,1,29,4,,,Normal,Expert,1,0,0,Level 3
1487,33,,,,,1,5603,84,18,12,8,4,5,2,73,,4,54,10,1,4,3,3,2,,Medium,High,,1,0,0,Level 1
1488,48,,,,,5,5480,21,17,10,2,1,5,4,52,,4,32,6,4,1,4,16,2,,Medium,Low,,1,0,1,Level 1
1489,31,,,,,3,12038,33,19,9,8,1,1,2,60,,4,42,14,1,3,1,31,4,,,Normal,,1,0,0,Level 3
1490,55,,,,,1,12421,29,15,5,1,2,1,2,52,,6,59,3,3,1,1,21,4,,,High,,1,1,0,Level 3
1491,54,,,,,3,19330,46,10,2,3,2,3,2,2,,4,33,18,2,3,2,33,2,,,Low,Expert,1,1,0,Level 4
1492,31,,,,,1,5796,93,12,9,9,1,1,2,11,,2,31,1,2,4,2,23,4,,Medium,Low,,1,0,0,Level 1
1493,26,,,,,3,4127,73,16,6,2,1,4,3,19,,1,52,9,1,4,1,8,1,,Medium,High,,1,0,0,Level 1
1494,48,,,,,4,9502,84,12,6,6,4,3,3,24,,6,52,1,4,3,4,46,4,,Very High,High,,1,0,0,Level 2
1495,30,,,,,5,16139,84,1,9,3,3,4,1,88,,6,30,6,2,3,3,28,2,,,Low,New,0,0,0,Level 4
1496,52,,,,,1,18724,20,13,13,3,2,4,1,27,,7,48,11,2,4,2,4,1,,,High,,1,1,0,Level 4
1497,25,,,,,5,15842,90,4,1,0,3,2,1,15,,7,38,2,3,4,3,32,3,,,Normal,Experienced,0,0,0,Level 4
1498,34,,,,,1,13597,80,20,2,9,2,5,2,50,,8,41,14,2,3,2,14,1,,,Normal,,1,0,0,Level 3
1499,51,,,,,1,4287,18,22,11,2,1,4,3,39,,4,46,11,4,2,1,33,4,,Medium,High,,1,1,0,Level 1
1500,30,,,,,1,16664,84,12,3,4,1,5,2,20,,9,52,14,1,4,2,24,3,,,High,,1,0,0,Level 4
1501,42,,,,,3,6929,71,19,1,4,1,3,4,70,,1,38,11,3,2,1,7,3,,High,Normal,,1,0,1,Level 1
1502,45,,,,,2,6263,75,29,4,3,3,5,2,75,,1,37,12,3,2,2,2,1,,High,Normal,,1,0,0,Level 1
1503,53,,,,,3,4927,70,15,2,6,3,1,4,98,,1,45,10,1,4,2,19,2,,Medium,Normal,,1,1,1,Level 1
1504,53,,,,,2,13291,28,9,3,9,3,5,3,81,,2,46,7,1,1,3,33,4,,,High,Expert,1,1,0,Level 3
1505,48,,,,,3,16590,97,22,12,9,3,1,4,81,,2,50,6,2,1,1,45,2,,,High,,1,0,1,Level 4
1506,23,,,,,2,15675,21,7,8,3,1,2,2,10,,3,32,16,4,2,3,15,1,,,Low,Senior,1,0,0,Level 3
1507,36,,,,,1,8971,68,6,11,6,3,2,1,31,,8,35,10,1,2,1,42,3,,High,Low,Senior,1,0,0,Level 2
1508,54,,,,,1,17656,96,9,4,5,3,4,4,96,,5,31,7,1,2,2,31,3,,,Low,Expert,1,1,1,Level 4
1509,32,,,,,2,11286,72,18,9,5,1,1,4,46,,1,53,9,4,3,3,6,4,,Very High,High,,1,0,1,Level 2
1510,58,,,,,2,3129,75,27,6,4,4,1,4,44,,3,45,2,2,2,1,3,4,,Medium,Normal,,1,1,1,Level 1
1511,34,,,,,5,10272,86,8,12,7,3,5,4,96,,5,58,3,2,2,2,3,3,,Very High,High,Expert,1,0,1,Level 2
1512,48,,,,,1,10088,42,21,1,8,2,2,2,78,,9,34,17,4,4,3,48,2,,Very High,Low,,1,0,0,Level 2
1513,48,,,,,3,6268,99,18,6,8,1,1,3,17,,5,52,19,1,2,3,21,1,,High,High,,1,0,0,Level 1
1514,30,,,,,5,13499,69,13,7,5,4,3,1,85,,6,37,6,1,2,4,38,3,,,Normal,,1,0,0,Level 3
1515,51,,,,,2,3986,88,7,12,4,3,2,4,5,,2,32,10,2,4,1,21,2,,Medium,Low,Senior,1,1,1,Level 1
1516,21,,,,,3,6110,67,12,4,0,3,4,2,58,,6,55,17,1,4,2,13,2,,High,High,,1,0,0,Level 1
1517,33,,,,,4,5600,97,5,8,2,3,4,2,85,,5,30,4,3,1,4,34,1,,Medium,Low,Experienced,1,0,0,Level 1
1518,39,,,,,4,18680,58,16,12,7,1,2,2,5,,4,39,4,1,1,1,34,2,,,Normal,,1,0,0,Level 4
1519,41,,,,,4,5169,42,8,10,0,3,1,1,14,,9,53,6,2,1,2,18,1,,Medium,High,Expert,1,0,0,Level 1
1520,30,,,,,3,4167,60,26,3,0,4,4,4,93,,8,48,12,3,3,4,48,4,,Medium,High,,1,0,1,Level 1
1521,46,,,,,2,5594,63,27,7,7,4,2,1,60,,7,37,8,2,1,2,46,1,,Medium,Normal,,1,0,0,Level 1
1522,22,,,,,3,17735,81,22,7,6,4,5,1,29,,4,54,18,1,1,2,14,1,,,High,,1,0,0,Level 4
1523,36,,,,,5,6104,41,7,4,1,3,1,4,45,,3,36,16,4,2,3,2,3,,High,Normal,Senior,1,0,1,Level 1
1524,47,,,,,5,10326,95,27,1,5,3,2,2,95,,1,34,11,3,3,3,14,1,,Very High,Low,,1,0,0,Level 2
1525,48,,,,,4,3405,93,28,12,8,1,5,3,83,,3,41,11,4,2,3,39,1,,Medium,Normal,,1,0,0,Level 1
1526,40,,,,,2,5411,53,1,10,7,1,3,3,16,,2,45,2,1,3,3,39,1,,Medium,Normal,New,0,0,0,Level 1
1527,35,,,,,5,14003,98,2,10,5,2,4,3,92,,5,50,10,3,2,3,11,2,,,High,New,0,0,0,Level 3
1528,56,,,,,1,15838,41,9,6,1,4,2,3,74,,8,39,5,4,1,1,2,4,,,Normal,Expert,1,1,0,Level 4
1529,39,,,,,1,11322,49,15,10,2,3,1,2,83,,4,47,7,1,4,3,4,4,,Very High,High,,1,0,0,Level 2
1530,25,,,,,4,14247,61,7,12,2,2,5,1,83,,7,58,5,2,4,2,38,1,,,High,Senior,1,0,0,Level 3
1531,38,,,,,4,13509,66,7,12,8,1,2,4,7,,9,37,0,3,3,4,2,3,,,Normal,Senior,1,0,1,Level 3
1532,24,,,,,4,8800,83,20,12,8,2,2,2,49,,4,49,10,4,1,2,11,4,,High,High,,1,0,0,Level 2
1533,22,,,,,5,14143,80,13,7,4,1,5,1,16,,5,45,11,1,2,3,15,1,,,Normal,,1,0,0,Level 3
1534,20,,,,,2,7882,55,29,3,4,2,2,2,56,,9,31,11,1,2,1,14,2,,High,Low,,1,0,0,Level 2
1535,57,,,,,4,4933,64,4,12,7,1,1,2,57,,2,50,4,3,1,2,35,4,,Medium,High,Experienced,0,1,0,Level 1
1536,34,,,,,3,5979,59,19,5,2,2,4,4,75,,2,31,13,1,3,3,46,2,,Medium,Low,,1,0,1,Level 1
1537,53,,,,,4,4346,34,10,8,8,3,1,4,95,,2,53,5,3,4,2,3,1,,Medium,High,Expert,1,1,1,Level 1
1538,54,,,,,5,14992,85,4,7,4,4,1,4,85,,1,53,18,4,2,4,3,1,,,High,Experienced,0,1,1,Level 3
1539,44,,,,,2,5636,50,12,2,8,4,4,1,26,,6,58,15,4,1,2,46,2,,Medium,High,,1,0,0,Level 1
1540,43,,,,,4,3346,86,26,4,9,4,2,1,57,,1,43,11,3,1,1,48,1,,Medium,Normal,,1,0,0,Level 1
1541,31,,,,,1,16001,84,22,7,8,2,5,4,50,,5,43,6,1,2,4,17,4,,,Normal,,1,0,1,Level 4
1542,37,,,,,4,19199,38,27,14,3,3,5,2,46,,4,39,12,4,1,3,45,1,,,Normal,,1,0,0,Level 4
1543,34,,,,,4,15934,50,3,11,1,3,3,1,56,,1,57,13,2,4,1,22,4,,,High,New,0,0,0,Level 4
1544,35,,,,,2,13608,19,26,9,6,4,1,1,49,,8,39,8,2,4,4,34,4,,,Normal,,1,0,0,Level 3
1545,46,,,,,3,8000,98,8,7,0,4,4,4,89,,5,40,1,4,2,3,44,2,,High,Normal,Expert,1,0,1,Level 2
1546,27,,,,,4,11251,34,17,8,6,4,5,2,30,,6,41,2,2,1,2,30,2,,Very High,Normal,,1,0,0,Level 2
1547,44,,,,,4,17394,67,6,10,0,4,4,4,28,,7,39,4,2,1,4,14,4,,,Normal,Senior,1,0,1,Level 4
1548,36,,,,,5,18783,54,13,12,4,2,5,3,94,,8,53,4,3,4,4,4,4,,,High,,1,0,0,Level 4
1549,48,,,,,2,7326,64,18,12,0,1,4,2,23,,3,44,11,2,1,4,28,3,,High,Normal,,1,0,0,Level 2
1550,27,,,,,5,6766,88,16,9,7,4,1,2,62,,6,55,17,3,1,2,37,3,,High,High,,1,0,0,Level 1
1551,34,,,,,4,3447,81,11,11,0,3,3,4,67,,9,36,19,1,4,4,36,1,,Medium,Normal,Expert,1,0,1,Level 1
1552,46,,,,,4,10793,49,14,13,5,2,3,2,77,,4,40,0,1,2,1,35,4,,Very High,Normal,,1,0,0,Level 2
1553,26,,,,,1,5415,78,1,1,0,2,1,4,76,,8,49,11,1,3,4,38,2,,Medium,High,New,0,0,1,Level 1
1554,22,,,,,5,7078,51,12,3,1,4,2,2,22,,3,52,4,1,2,1,4,4,,High,High,,1,0,0,Level 1
1555,48,,,,,2,15841,59,20,6,3,3,2,3,7,,1,43,6,4,4,3,44,4,,,Normal,,1,0,0,Level 4
1556,43,,,,,4,8148,52,28,8,7,1,4,1,12,,2,40,4,2,2,3,48,1,,High,Normal,,1,0,0,Level 2
1557,22,,,,,1,6035,99,29,11,2,3,1,3,0,,5,43,0,3,1,3,48,2,,High,Normal,,1,0,0,Level 1
1558,39,,,,,1,5324,41,6,14,7,4,1,1,62,,7,58,18,4,4,2,47,1,,Medium,High,Senior,1,0,0,Level 1
1559,34,,,,,3,8825,79,7,7,6,4,4,3,26,,6,40,8,2,4,2,12,4,,High,Normal,Senior,1,0,0,Level 2
1560,44,,,,,2,10819,87,11,12,5,2,4,2,80,,9,58,16,3,3,3,15,2,,Very High,High,Expert,1,0,0,Level 2
1561,49,,,,,1,11480,17,1,6,9,2,5,4,40,,4,36,6,2,4,2,2,3,,Very High,Normal,New,0,0,1,Level 3
1562,33,,,,,2,10936,73,3,4,0,3,3,3,8,,7,41,8,1,1,1,49,3,,Very High,Normal,New,0,0,0,Level 2
1563,26,,,,,4,9595,44,22,8,5,1,5,4,26,,4,46,19,4,2,4,33,4,,Very High,High,,1,0,1,Level 2
1564,36,,,,,3,17363,30,13,10,5,3,4,3,89,,3,36,15,1,2,2,15,3,,,Normal,,1,0,0,Level 4
1565,39,,,,,2,15989,43,29,4,9,3,4,2,20,,6,42,18,2,2,2,48,3,,,Normal,,1,0,0,Level 4
1566,55,,,,,3,18092,84,6,6,7,3,4,3,45,,5,55,14,2,3,1,37,4,,,High,Senior,1,1,0,Level 4
1567,28,,,,,2,8492,92,10,14,5,1,5,1,47,,8,47,13,1,4,1,22,2,,High,High,Expert,1,0,0,Level 2
1568,57,,,,,2,17138,88,22,12,1,3,3,2,67,,2,59,3,1,4,2,19,4,,,High,,1,1,0,Level 4
1569,41,,,,,5,9704,38,7,3,9,4,4,1,13,,4,56,3,4,1,3,44,4,,Very High,High,Senior,1,0,0,Level 2
1570,21,,,,,3,3203,21,11,12,2,4,2,4,41,,8,52,11,1,4,4,26,1,,Medium,High,Expert,1,0,1,Level 1
1571,43,,,,,2,9522,63,23,12,1,3,3,1,58,,1,56,2,4,4,3,44,4,,Very High,High,,1,0,0,Level 2
1572,27,,,,,5,16295,77,28,7,2,2,2,2,74,,3,55,14,1,3,4,4,1,,,High,,1,0,0,Level 4
1573,30,,,,,5,6257,60,26,12,0,2,2,1,61,,7,38,10,3,1,1,32,4,,High,Normal,,1,0,0,Level 1
1574,32,,,,,3,13753,62,15,6,6,1,3,1,3,,2,33,10,2,2,4,21,2,,,Low,,1,0,0,Level 3
1575,36,,,,,4,11737,39,24,7,4,4,2,4,58,,7,37,7,4,1,4,44,3,,Very High,Normal,,1,0,1,Level 3
1576,27,,,,,3,15569,57,11,5,8,1,1,2,33,,6,35,10,4,2,2,40,2,,,Low,Expert,1,0,0,Level 3
1577,40,,,,,2,12536,69,18,5,6,2,5,4,4,,7,48,10,4,1,2,9,3,,,High,,1,0,1,Level 3
1578,37,,,,,4,3519,48,26,2,0,3,4,4,31,,8,52,11,1,1,3,45,1,,Medium,High,,1,0,1,Level 1
1579,49,,,,,3,11000,79,1,6,0,1,1,2,79,,6,41,9,1,3,3,33,3,,Very High,Normal,New,0,0,0,Level 2
1580,37,,,,,3,18241,42,26,1,1,1,4,3,91,,6,51,11,2,3,4,21,2,,,High,,1,0,0,Level 4
1581,50,,,,,3,15967,55,14,7,6,1,4,2,65,,7,42,0,4,3,1,32,3,,,Normal,,1,1,0,Level 4
1582,57,,,,,3,14806,43,29,3,6,2,1,3,34,,2,54,4,3,4,2,11,2,,,High,,1,1,0,Level 3
1583,51,,,,,4,16246,46,23,2,8,3,4,2,7,,3,48,0,1,3,3,6,2,,,High,,1,1,0,Level 4
1584,30,,,,,2,9467,83,12,11,2,1,3,1,56,,1,31,9,2,2,1,10,3,,Very High,Low,,1,0,0,Level 2
1585,44,,,,,5,9071,48,1,7,2,4,5,4,24,,8,35,0,1,2,3,2,4,,Very High,Low,New,0,0,1,Level 2
1586,52,,,,,3,17347,73,18,9,7,2,4,1,22,,3,38,6,4,3,1,44,2,,,Normal,,1,1,0,Level 4
1587,57,,,,,5,4822,75,17,1,5,2,5,2,35,,3,41,18,2,3,3,40,2,,Medium,Normal,,1,1,0,Level 1
1588,27,,,,,5,18382,66,14,6,2,2,2,3,24,,1,44,0,2,3,3,34,1,,,Normal,,1,0,0,Level 4
1589,30,,,,,5,4184,77,12,8,7,1,4,2,16,,6,34,0,2,4,1,39,1,,Medium,Low,,1,0,0,Level 1
1590,41,,,,,3,17599,40,28,2,2,2,2,3,62,,3,35,15,1,3,1,8,3,,,Low,,1,0,0,Level 4
1591,43,,,,,3,19763,91,1,5,5,2,5,4,63,,4,47,0,4,4,2,42,4,,,High,New,0,0,1,Level 4
1592,36,,,,,3,17760,26,19,13,0,3,1,2,89,,1,39,2,2,2,2,26,4,,,Normal,,1,0,0,Level 4
1593,31,,,,,3,11807,36,4,13,3,2,5,3,36,,2,50,1,3,4,1,38,2,,Very High,High,Experienced,0,0,0,Level 3
1594,51,,,,,1,3435,87,5,12,5,1,3,2,84,,1,49,17,4,1,1,31,2,,Medium,High,Experienced,1,1,0,Level 1
1595,34,,,,,2,8017,70,5,4,4,2,3,1,4,,6,40,7,3,2,2,41,1,,High,Normal,Experienced,1,0,0,Level 2
1596,35,,,,,1,4547,20,2,10,3,3,5,3,23,,9,38,17,3,2,1,30,4,,Medium,Normal,New,0,0,0,Level 1
1597,41,,,,,4,11643,50,11,12,9,2,5,3,73,,9,33,8,2,4,3,43,1,,Very High,Low,Expert,1,0,0,Level 3
1598,47,,,,,1,18773,88,3,3,0,1,2,1,65,,7,37,11,2,3,1,19,1,,,Normal,New,0,0,0,Level 4
1599,39,,,,,1,7355,73,8,10,3,4,2,4,89,,6,40,6,2,4,4,16,3,,High,Normal,Expert,1,0,1,Level 2
1600,52,,,,,1,18157,73,2,8,0,2,4,2,72,,1,53,4,2,1,1,2,2,,,High,New,0,1,0,Level 4
1601,29,,,,,2,18710,82,4,2,9,1,2,4,47,,3,58,2,4,4,2,33,4,,,High,Experienced,0,0,1,Level 4
1602,59,,,,,5,3711,66,7,1,3,2,1,2,29,,7,57,9,1,2,4,21,2,,Medium,High,Senior,1,1,0,Level 1
1603,51,,,,,4,14881,82,25,1,2,2,1,2,38,,5,38,9,4,4,4,46,3,,,Normal,,1,1,0,Level 3
1604,52,,,,,4,10439,91,19,10,6,1,2,2,99,,9,31,19,4,4,1,33,1,,Very High,Low,,1,1,0,Level 2
1605,21,,,,,2,17521,94,19,5,5,2,5,3,62,,7,38,2,2,4,1,28,4,,,Normal,,1,0,0,Level 4
1606,52,,,,,1,9020,65,7,9,5,1,5,2,95,,3,57,12,4,3,4,49,1,,Very High,High,Senior,1,1,0,Level 2
1607,52,,,,,5,11358,82,8,4,9,4,1,2,56,,1,35,1,4,4,2,12,1,,Very High,Low,Expert,1,1,0,Level 2
1608,32,,,,,3,9286,40,14,7,2,2,5,1,71,,7,36,9,3,2,2,19,1,,Very High,Normal,,1,0,0,Level 2
1609,49,,,,,2,7588,87,4,2,5,4,3,1,60,,8,33,11,2,1,2,4,4,,High,Low,Experienced,0,0,0,Level 2
1610,52,,,,,5,10511,55,14,3,2,1,5,3,2,,3,48,19,3,2,4,13,3,,Very High,High,,1,1,0,Level 2
1611,32,,,,,2,8457,89,1,10,6,2,1,4,3,,8,35,16,2,3,3,22,1,,High,Low,New,0,0,1,Level 2
1612,45,,,,,2,4108,19,5,11,1,2,4,3,88,,6,30,0,2,3,3,23,3,,Medium,Low,Experienced,1,0,0,Level 1
1613,41,,,,,3,14130,67,11,9,8,2,2,4,48,,1,53,10,2,1,4,33,1,,,High,Expert,1,0,1,Level 3
1614,58,,,,,5,12526,52,15,5,9,3,2,1,90,,1,41,15,3,3,4,8,1,,,Normal,,1,1,0,Level 3
1615,21,,,,,1,8826,67,20,6,1,2,4,4,15,,1,54,14,1,1,1,19,1,,High,High,,1,0,1,Level 2
1616,57,,,,,5,4719,70,14,3,0,3,3,2,22,,3,57,4,1,1,4,14,1,,Medium,High,,1,1,0,Level 1
1617,58,,,,,5,5860,33,27,13,3,4,3,3,25,,2,48,16,3,3,2,22,2,,Medium,High,,1,1,0,Level 1
1618,45,,,,,1,12162,79,24,6,7,1,4,1,78,,1,47,1,4,3,1,40,1,,,High,,1,0,0,Level 3
1619,34,,,,,3,14704,83,13,11,6,3,5,1,25,,6,33,10,2,2,3,17,1,,,Low,,1,0,0,Level 3
1620,53,,,,,5,3066,67,7,13,5,2,1,1,24,,4,52,7,4,2,3,35,2,,Medium,High,Senior,1,1,0,Level 1
1621,59,,,,,1,6605,33,18,11,9,2,3,4,41,,2,48,14,4,2,1,46,1,,High,High,,1,1,1,Level 1
1622,30,,,,,2,19724,80,6,10,6,3,3,3,74,,5,33,12,1,2,3,18,4,,,Low,Senior,1,0,0,Level 4
1623,22,,,,,2,19485,62,20,8,3,3,4,3,76,,2,37,12,1,4,2,22,2,,,Normal,,1,0,0,Level 4
1624,25,,,,,1,14577,80,7,14,7,3,4,2,43,,1,43,16,3,1,2,14,4,,,Normal,Senior,1,0,0,Level 3
1625,28,,,,,2,19284,87,9,10,3,4,3,4,0,,3,30,9,2,3,3,29,2,,,Low,Expert,1,0,1,Level 4
1626,25,,,,,5,16239,32,23,1,9,2,5,3,35,,3,31,6,3,1,2,7,2,,,Low,,1,0,0,Level 4
1627,28,,,,,1,4133,94,2,10,7,1,2,4,94,,8,39,19,2,1,2,29,1,,Medium,Normal,New,0,0,1,Level 1
1628,58,,,,,5,16743,53,8,8,4,3,2,1,21,,7,42,3,4,3,1,20,3,,,Normal,Expert,1,1,0,Level 4
1629,50,,,,,4,13918,87,6,8,8,1,2,2,99,,3,50,5,4,2,3,25,4,,,High,Senior,1,1,0,Level 3
1630,51,,,,,3,8149,65,9,7,6,3,2,2,4,,3,36,9,2,2,4,36,1,,High,Normal,Expert,1,1,0,Level 2
1631,31,,,,,3,18832,37,7,4,9,3,3,3,18,,7,36,15,1,1,2,13,4,,,Normal,Senior,1,0,0,Level 4
1632,27,,,,,3,8091,47,5,1,9,4,3,3,94,,2,50,19,3,1,1,38,3,,High,High,Experienced,1,0,0,Level 2
1633,27,,,,,1,19768,74,24,10,5,3,2,3,86,,7,30,12,4,2,4,9,4,,,Low,,1,0,0,Level 4
1634,47,,,,,4,3008,73,23,2,1,1,2,3,60,,2,44,12,1,2,1,26,2,,Medium,Normal,,1,0,0,Level 1
1635,39,,,,,3,16263,40,17,12,5,2,5,4,85,,2,46,8,3,1,2,18,3,,,High,,1,0,1,Level 4
1636,26,,,,,5,3978,31,27,13,0,2,5,4,56,,3,51,16,4,4,4,10,3,,Medium,High,,1,0,1,Level 1
1637,30,,,,,3,14368,67,21,10,1,4,5,2,94,,7,53,5,2,1,3,18,4,,,High,,1,0,0,Level 3
1638,39,,,,,4,6744,92,7,3,4,2,1,1,20,,7,53,11,1,3,4,40,2,,High,High,Senior,1,0,0,Level 1
1639,35,,,,,5,9930,91,16,5,6,2,5,2,66,,2,46,7,4,1,2,24,4,,Very High,High,,1,0,0,Level 2
1640,23,,,,,5,4788,57,26,3,0,3,5,1,52,,2,50,4,4,4,2,7,3,,Medium,High,,1,0,0,Level 1
1641,25,,,,,1,13199,62,23,14,1,4,3,1,59,,3,57,18,1,2,1,19,2,,,High,,1,0,0,Level 3
1642,41,,,,,1,11304,96,11,13,3,1,2,3,60,,8,49,14,2,4,1,22,3,,Very High,High,Expert,1,0,0,Level 2
1643,45,,,,,2,18067,34,14,8,8,3,5,1,74,,2,31,17,3,4,1,13,4,,,Low,,1,0,0,Level 4
1644,22,,,,,4,6766,49,3,6,7,4,5,4,11,,4,38,19,4,2,1,1,2,,High,Normal,New,0,0,1,Level 1
1645,33,,,,,5,9155,47,21,3,9,4,5,2,41,,6,54,11,4,4,4,3,2,,Very High,High,,1,0,0,Level 2
1646,30,,,,,4,14734,95,8,2,8,2,3,3,88,,5,41,4,2,3,4,43,1,,,Normal,Expert,1,0,0,Level 3
1647,37,,,,,3,4363,90,15,14,3,2,1,4,47,,3,48,10,2,4,2,42,4,,Medium,High,,1,0,1,Level 1
1648,31,,,,,3,14111,16,25,3,6,4,4,2,84,,3,42,19,4,3,3,42,4,,,Normal,,1,0,0,Level 3
1649,42,,,,,2,13485,48,9,2,2,3,2,2,70,,8,48,8,1,2,2,2,2,,,High,Expert,1,0,0,Level 3
1650,31,,,,,5,18609,90,16,12,7,3,3,3,94,,4,39,5,2,3,1,14,4,,,Normal,,1,0,0,Level 4
1651,32,,,,,5,9652,46,26,3,6,2,3,4,74,,3,36,8,4,1,3,16,4,,Very High,Normal,,1,0,1,Level 2
1652,44,,,,,2,6375,35,21,9,7,3,3,1,64,,4,41,7,4,4,1,45,1,,High,Normal,,1,0,0,Level 1
1653,38,,,,,3,15151,19,18,1,8,2,5,4,77,,9,57,19,4,4,2,10,2,,,High,,1,0,1,Level 3
1654,55,,,,,5,19251,42,8,3,5,1,3,2,46,,3,39,4,3,3,2,12,4,,,Normal,Expert,1,1,0,Level 4
1655,27,,,,,4,8632,62,7,7,3,1,4,1,22,,5,31,12,2,4,1,45,2,,High,Low,Senior,1,0,0,Level 2
1656,48,,,,,5,6432,83,20,2,2,4,3,4,99,,9,30,16,4,1,1,41,4,,High,Low,,1,0,1,Level 1
1657,51,,,,,3,19074,84,21,13,2,3,1,1,42,,7,44,17,2,4,3,2,4,,,Normal,,1,1,0,Level 4
1658,37,,,,,5,8438,97,28,12,5,1,2,2,68,,2,32,3,4,2,3,40,1,,High,Low,,1,0,0,Level 2
1659,25,,,,,5,17942,54,10,3,7,2,5,1,39,,6,51,2,3,2,1,3,1,,,High,Expert,1,0,0,Level 4
1660,37,,,,,1,18653,20,12,6,7,2,2,3,55,,9,31,12,2,4,4,37,3,,,Low,,1,0,0,Level 4
1661,38,,,,,5,10688,28,12,12,7,4,2,4,68,,6,43,13,2,3,4,49,1,,Very High,Normal,,1,0,1,Level 2
1662,41,,,,,2,8893,81,27,2,8,1,3,2,65,,3,30,11,4,3,4,25,1,,High,Low,,1,0,0,Level 2
1663,56,,,,,2,3307,25,27,1,0,2,3,2,37,,5,31,18,2,3,2,34,2,,Medium,Low,,1,1,0,Level 1
1664,51,,,,,4,12538,53,10,10,6,4,5,4,69,,5,57,0,4,2,3,34,3,,,High,Expert,1,1,1,Level 3
1665,22,,,,,5,16919,55,2,2,9,1,5,4,80,,6,43,7,3,4,2,23,4,,,Normal,New,0,0,1,Level 4
1666,47,,,,,4,10809,38,25,11,8,3,2,1,4,,5,48,1,4,2,1,34,4,,Very High,High,,1,0,0,Level 2
1667,29,,,,,3,8736,57,12,12,1,2,5,2,77,,1,54,19,4,2,4,6,2,,High,High,,1,0,0,Level 2
1668,54,,,,,3,15998,96,6,13,3,4,3,1,99,,4,33,2,3,4,3,7,4,,,Low,Senior,1,1,0,Level 4
1669,48,,,,,1,11055,88,25,4,5,1,4,4,59,,6,40,2,4,1,3,29,3,,Very High,Normal,,1,0,1,Level 2
1670,34,,,,,1,11109,40,24,5,3,4,3,1,46,,9,56,16,4,1,1,24,4,,Very High,High,,1,0,0,Level 2
1671,52,,,,,5,16916,43,1,1,8,3,2,4,91,,1,34,11,2,3,1,4,1,,,Low,New,0,1,1,Level 4
1672,26,,,,,5,12704,16,29,4,9,3,3,2,75,,7,38,18,2,2,3,37,1,,,Normal,,1,0,0,Level 3
1673,31,,,,,4,18296,44,9,5,0,1,1,2,96,,2,53,6,3,2,2,25,3,,,High,Expert,1,0,0,Level 4
1674,49,,,,,4,5283,88,25,4,8,3,4,4,39,,2,39,9,4,4,1,43,1,,Medium,Normal,,1,0,1,Level 1
1675,40,,,,,5,10552,90,20,2,9,3,4,2,23,,4,44,9,3,3,1,3,4,,Very High,Normal,,1,0,0,Level 2
1676,50,,,,,5,15216,98,16,1,0,1,3,2,17,,7,38,17,2,4,3,20,4,,,Normal,,1,1,0,Level 3
1677,43,,,,,1,4382,71,17,4,0,4,5,4,74,,9,35,6,4,1,4,4,2,,Medium,Low,,1,0,1,Level 1
1678,39,,,,,1,12175,73,20,14,4,4,2,1,88,,7,48,19,3,2,4,32,2,,,High,,1,0,0,Level 3
1679,56,,,,,1,5526,33,6,2,0,3,5,4,82,,3,31,4,2,1,4,23,3,,Medium,Low,Senior,1,1,1,Level 1
1680,23,,,,,5,18012,68,4,14,9,2,3,4,67,,9,35,5,1,4,2,42,4,,,Low,Experienced,0,0,1,Level 4
1681,47,,,,,4,15006,84,9,10,8,2,2,1,61,,4,57,3,4,2,3,15,4,,,High,Expert,1,0,0,Level 3
1682,39,,,,,2,14711,37,20,9,5,1,4,4,6,,6,32,13,3,2,2,15,2,,,Low,,1,0,1,Level 3
1683,43,,,,,2,5687,97,26,4,8,3,2,4,81,,4,49,0,1,4,3,2,2,,Medium,High,,1,0,1,Level 1
1684,51,,,,,4,6156,47,8,14,4,1,1,4,14,,3,37,18,4,3,4,13,2,,High,Normal,Expert,1,1,1,Level 1
1685,55,,,,,4,19959,80,18,3,5,3,3,1,78,,1,58,9,2,1,1,45,3,,,High,,1,1,0,Level 4
1686,53,,,,,4,14039,93,12,7,1,3,3,4,65,,2,30,8,3,4,4,30,3,,,Low,,1,1,1,Level 3
1687,55,,,,,1,3402,25,7,11,8,1,5,3,35,,3,39,7,4,3,1,12,4,,Medium,Normal,Senior,1,1,0,Level 1
1688,21,,,,,3,11444,32,8,14,2,2,1,1,58,,8,48,5,3,2,1,15,4,,Very High,High,Expert,1,0,0,Level 3
1689,34,,,,,5,4629,79,22,3,4,3,5,1,70,,7,34,4,4,1,2,13,4,,Medium,Low,,1,0,0,Level 1
1690,53,,,,,1,18293,46,10,10,7,4,1,3,28,,8,56,10,4,2,1,1,3,,,High,Expert,1,1,0,Level 4
1691,55,,,,,2,5709,18,29,12,4,3,4,4,24,,1,54,14,1,3,3,40,4,,Medium,High,,1,1,1,Level 1
1692,25,,,,,5,18724,50,22,8,9,2,2,4,54,,4,36,2,4,4,4,30,3,,,Normal,,1,0,1,Level 4
1693,58,,,,,4,15956,71,24,5,3,4,4,4,20,,6,32,9,3,3,3,7,3,,,Low,,1,1,1,Level 4
1694,31,,,,,2,14523,47,3,4,3,4,2,2,48,,9,37,17,4,3,4,7,4,,,Normal,New,0,0,0,Level 3
1695,22,,,,,4,7043,28,18,1,4,4,5,2,11,,2,38,12,4,1,1,16,2,,High,Normal,,1,0,0,Level 1
1696,37,,,,,4,5659,62,9,5,2,2,1,1,7,,8,47,16,1,1,1,47,4,,Medium,High,Expert,1,0,0,Level 1
1697,59,,,,,4,8241,51,24,9,9,4,2,4,84,,5,36,15,3,2,1,17,1,,High,Normal,,1,1,1,Level 2
1698,40,,,,,5,19003,19,26,8,3,3,4,1,40,,1,50,11,2,2,3,12,3,,,High,,1,0,0,Level 4
1699,34,,,,,2,16828,64,5,14,4,3,3,3,23,,3,35,15,1,3,4,35,2,,,Low,Experienced,1,0,0,Level 4
1700,52,,,,,2,12170,75,13,14,3,3,3,4,35,,5,34,13,3,3,4,15,3,,,Low,,1,1,1,Level 3
1701,54,,,,,4,6816,83,5,4,2,2,3,4,1,,3,55,9,1,1,1,22,3,,High,High,Experienced,1,1,1,Level 1
1702,45,,,,,1,3568,52,22,9,0,3,5,1,28,,8,31,16,1,3,3,44,1,,Medium,Low,,1,0,0,Level 1
1703,27,,,,,3,15830,60,22,7,1,3,4,4,12,,5,52,18,4,3,1,46,4,,,High,,1,0,1,Level 4
1704,55,,,,,1,7105,29,2,2,8,3,2,2,88,,6,50,8,2,3,1,28,3,,High,High,New,0,1,0,Level 1
1705,49,,,,,5,15444,51,7,11,9,2,4,4,6,,1,30,13,1,4,1,27,3,,,Low,Senior,1,0,1,Level 3
1706,42,,,,,3,5772,41,3,7,1,4,4,2,39,,8,49,5,3,4,3,32,2,,Medium,High,New,0,0,0,Level 1
1707,33,,,,,1,15428,15,24,4,1,3,5,4,99,,6,51,15,1,1,1,37,1,,,High,,1,0,1,Level 3
1708,33,,,,,2,7054,43,9,13,4,2,2,1,58,,6,59,17,2,1,4,26,2,,High,High,Expert,1,0,0,Level 1
1709,21,,,,,1,3136,86,3,5,9,4,2,4,57,,2,53,0,1,4,3,6,3,,Medium,High,New,0,0,1,Level 1
1710,56,,,,,4,7771,21,22,1,8,4,4,1,99,,4,34,4,4,1,3,12,4,,High,Low,,1,1,0,Level 2
1711,24,,,,,5,5324,43,24,11,2,1,4,3,10,,4,32,10,4,1,2,47,1,,Medium,Low,,1,0,0,Level 1
1712,57,,,,,1,14947,45,6,14,8,3,3,4,28,,7,31,7,3,4,1,33,2,,,Low,Senior,1,1,1,Level 3
1713,33,,,,,1,12571,52,10,4,3,4,4,3,16,,3,56,1,1,4,4,27,3,,,High,Expert,1,0,0,Level 3
1714,58,,,,,3,12124,22,3,2,2,1,1,1,12,,5,59,12,2,2,2,30,1,,,High,New,0,1,0,Level 3
1715,44,,,,,4,15037,51,20,9,4,4,3,4,8,,3,31,15,2,1,2,9,2,,,Low,,1,0,1,Level 3
1716,39,,,,,3,19013,73,9,12,6,2,1,3,93,,7,48,8,1,1,4,7,4,,,High,Expert,1,0,0,Level 4
1717,21,,,,,5,10260,93,12,12,6,3,4,2,41,,1,55,13,3,3,1,29,1,,Very High,High,,1,0,0,Level 2
1718,58,,,,,5,9784,68,12,14,1,4,4,2,8,,4,32,19,1,4,4,22,2,,Very High,Low,,1,1,0,Level 2
1719,25,,,,,4,10303,72,16,8,6,2,5,3,20,,2,32,16,4,4,3,49,4,,Very High,Low,,1,0,0,Level 2
1720,36,,,,,3,17446,40,11,3,6,2,4,2,77,,3,48,16,4,1,4,34,4,,,High,Expert,1,0,0,Level 4
1721,44,,,,,4,12259,62,12,7,1,3,5,2,26,,6,42,4,3,1,3,9,1,,,Normal,,1,0,0,Level 3
1722,47,,,,,3,19594,25,17,7,9,4,5,4,54,,3,37,18,4,3,4,36,1,,,Normal,,1,0,1,Level 4
1723,21,,,,,2,13582,37,4,13,8,3,2,2,34,,6,54,10,3,4,3,9,3,,,High,Experienced,0,0,0,Level 3
1724,54,,,,,4,9504,48,10,6,7,2,5,2,90,,8,51,11,1,3,1,5,3,,Very High,High,Expert,1,1,0,Level 2
1725,56,,,,,5,18690,47,17,3,1,1,2,3,39,,2,49,17,1,4,3,42,3,,,High,,1,1,0,Level 4
1726,24,,,,,3,15795,95,8,9,5,4,2,2,88,,6,56,6,2,3,3,28,1,,,High,Expert,1,0,0,Level 4
1727,20,,,,,2,9396,16,7,9,7,4,3,1,11,,2,32,7,1,2,1,9,1,,Very High,Low,Senior,1,0,0,Level 2
1728,59,,,,,5,18129,75,23,6,8,3,2,3,71,,7,56,8,2,4,4,9,3,,,High,,1,1,0,Level 4
1729,31,,,,,3,14042,18,18,3,0,4,3,4,28,,8,46,9,4,3,4,33,1,,,High,,1,0,1,Level 3
1730,55,,,,,2,4723,26,26,4,6,2,3,3,4,,9,48,2,4,3,2,41,3,,Medium,High,,1,1,0,Level 1
1731,42,,,,,5,11323,43,22,5,9,4,3,2,59,,6,50,18,3,2,3,38,2,,Very High,High,,1,0,0,Level 2
1732,50,,,,,5,18595,56,24,9,4,3,4,1,18,,2,42,4,4,4,4,39,3,,,Normal,,1,1,0,Level 4
1733,30,,,,,2,13301,97,24,3,8,3,5,2,34,,7,40,14,2,4,4,5,4,,,Normal,,1,0,0,Level 3
1734,29,,,,,5,11594,71,21,9,8,2,5,2,45,,6,30,14,2,3,2,49,3,,Very High,Low,,1,0,0,Level 3
1735,22,,,,,3,8595,64,8,5,2,2,1,3,45,,2,30,12,2,3,3,38,1,,High,Low,Expert,1,0,0,Level 2
1736,33,,,,,3,12809,80,29,6,9,1,1,2,44,,6,51,7,1,1,3,11,2,,,High,,1,0,0,Level 3
1737,35,,,,,5,19362,21,2,2,6,3,4,1,38,,5,58,8,1,4,1,37,1,,,High,New,0,0,0,Level 4
1738,29,,,,,1,3269,71,14,2,2,1,2,4,40,,9,47,14,3,3,1,8,2,,Medium,High,,1,0,1,Level 1
1739,48,,,,,2,16365,60,16,14,3,1,1,3,88,,1,56,2,4,3,2,29,4,,,High,,1,0,0,Level 4
1740,29,,,,,1,18969,36,20,12,7,4,1,1,17,,4,47,13,3,2,2,11,2,,,High,,1,0,0,Level 4
1741,31,,,,,3,9772,25,10,12,0,1,3,2,58,,5,51,12,2,1,1,46,4,,Very High,High,Expert,1,0,0,Level 2
1742,49,,,,,5,5348,47,18,2,3,1,1,2,86,,7,54,1,2,1,1,45,4,,Medium,High,,1,0,0,Level 1
1743,20,,,,,4,13175,68,5,7,3,1,5,4,29,,8,54,11,1,2,2,48,3,,,High,Experienced,1,0,1,Level 3
1744,24,,,,,4,9058,34,16,13,2,1,3,1,64,,3,39,17,3,1,4,29,3,,Very High,Normal,,1,0,0,Level 2
1745,39,,,,,1,7522,19,11,11,1,1,4,1,89,,7,51,15,3,2,1,37,1,,High,High,Expert,1,0,0,Level 2
1746,27,,,,,1,5163,82,19,11,7,2,4,4,83,,7,39,8,3,1,4,46,1,,Medium,Normal,,1,0,1,Level 1
1747,31,,,,,1,16874,28,6,6,5,1,4,2,40,,5,49,6,1,4,1,13,1,,,High,Senior,1,0,0,Level 4
1748,20,,,,,3,18577,17,7,7,1,2,3,2,84,,4,54,0,2,4,1,31,3,,,High,Senior,1,0,0,Level 4
1749,39,,,,,3,7163,96,22,13,7,2,1,2,54,,9,40,4,1,1,3,46,4,,High,Normal,,1,0,0,Level 1
1750,47,,,,,5,13982,72,11,3,7,4,1,3,58,,6,42,16,3,4,3,49,4,,,Normal,Expert,1,0,0,Level 3
1751,56,,,,,3,18172,41,18,4,6,2,5,1,44,,1,31,10,2,3,1,49,4,,,Low,,1,1,0,Level 4
1752,56,,,,,5,7486,18,18,11,7,2,3,4,83,,5,54,10,2,4,3,2,4,,High,High,,1,1,1,Level 2
1753,31,,,,,5,17295,81,20,6,8,2,3,3,66,,5,49,1,4,3,3,7,2,,,High,,1,0,0,Level 4
1754,56,,,,,1,16737,78,23,3,2,3,5,1,16,,6,56,7,3,2,3,42,1,,,High,,1,1,0,Level 4
1755,47,,,,,4,13853,56,8,12,1,2,1,4,90,,5,36,13,2,2,4,25,1,,,Normal,Expert,1,0,1,Level 3
1756,34,,,,,1,13158,43,21,14,6,3,1,4,81,,6,51,13,3,3,1,49,3,,,High,,1,0,1,Level 3
1757,25,,,,,3,19097,94,10,1,1,3,2,2,73,,7,55,10,3,2,2,13,2,,,High,Expert,1,0,0,Level 4
1758,39,,,,,2,7183,49,17,6,2,4,2,2,19,,4,46,3,1,3,2,28,2,,High,High,,1,0,0,Level 2
1759,33,,,,,3,8911,33,9,10,5,2,2,4,22,,9,42,15,4,2,4,22,3,,High,Normal,Expert,1,0,1,Level 2
1760,21,,,,,4,16964,93,13,11,8,2,2,2,63,,8,46,6,4,3,2,24,3,,,High,,1,0,0,Level 4
1761,28,,,,,3,15912,83,8,10,8,2,1,2,7,,8,50,0,4,1,1,1,2,,,High,Expert,1,0,0,Level 4
1762,56,,,,,4,8208,45,17,2,9,4,4,1,64,,9,34,5,2,3,2,49,1,,High,Low,,1,1,0,Level 2
1763,39,,,,,2,11178,57,16,13,1,3,3,4,59,,3,45,19,3,4,4,46,3,,Very High,Normal,,1,0,1,Level 2
1764,45,,,,,2,14116,87,25,7,0,3,2,4,6,,9,49,7,3,3,2,43,3,,,High,,1,0,1,Level 3
1765,48,,,,,5,6892,91,16,13,5,4,4,4,3,,2,54,6,2,1,2,31,2,,High,High,,1,0,1,Level 1
1766,20,,,,,3,16286,35,21,5,6,1,2,2,27,,1,54,17,3,3,3,36,3,,,High,,1,0,0,Level 4
1767,54,,,,,5,9599,79,8,14,7,2,5,1,18,,8,59,18,1,1,3,32,3,,Very High,High,Expert,1,1,0,Level 2
1768,25,,,,,1,11646,91,26,1,3,1,2,4,5,,8,57,2,1,1,4,18,1,,Very High,High,,1,0,1,Level 3
1769,56,,,,,1,16222,48,10,9,6,3,5,3,25,,7,52,9,1,2,1,26,4,,,High,Expert,1,1,0,Level 4
1770,24,,,,,1,7304,75,12,2,8,3,3,2,39,,1,39,14,3,2,1,24,2,,High,Normal,,1,0,0,Level 2
1771,52,,,,,1,8432,50,18,2,0,3,2,4,18,,8,45,12,1,2,1,18,1,,High,Normal,,1,1,1,Level 2
1772,33,,,,,1,5850,94,23,10,2,1,5,4,80,,9,35,10,1,1,3,39,2,,Medium,Low,,1,0,1,Level 1
1773,31,,,,,3,14529,88,9,10,4,1,3,3,92,,1,43,8,2,4,1,2,3,,,Normal,Expert,1,0,0,Level 3
1774,39,,,,,5,17630,55,23,4,6,2,2,1,20,,1,45,18,3,2,2,25,3,,,Normal,,1,0,0,Level 4
1775,43,,,,,5,4721,48,25,2,4,1,2,4,4,,1,45,1,1,3,4,13,4,,Medium,Normal,,1,0,1,Level 1
1776,53,,,,,4,17300,39,4,13,0,4,1,1,16,,4,57,3,1,1,4,16,1,,,High,Experienced,0,1,0,Level 4
1777,44,,,,,1,4429,71,5,10,0,4,4,1,37,,5,56,18,3,3,3,12,1,,Medium,High,Experienced,1,0,0,Level 1
1778,48,,,,,2,3648,79,23,6,0,2,4,4,61,,8,32,17,3,3,3,30,1,,Medium,Low,,1,0,1,Level 1
1779,58,,,,,4,3355,90,16,13,7,2,3,3,39,,8,33,0,3,1,2,46,4,,Medium,Low,,1,1,0,Level 1
1780,50,,,,,4,5823,36,1,5,6,1,5,4,6,,6,44,18,1,2,3,23,2,,Medium,Normal,New,0,1,1,Level 1
1781,42,,,,,3,11157,74,18,10,2,1,4,1,26,,7,57,15,2,1,4,26,1,,Very High,High,,1,0,0,Level 2
1782,57,,,,,4,18581,68,18,10,3,2,5,1,30,,1,34,11,2,2,3,2,2,,,Low,,1,1,0,Level 4
1783,39,,,,,2,10543,36,26,3,7,1,5,3,97,,8,44,7,3,1,3,4,4,,Very High,Normal,,1,0,0,Level 2
1784,42,,,,,5,15126,75,25,13,6,2,4,2,61,,6,39,5,1,2,4,42,3,,,Normal,,1,0,0,Level 3
1785,35,,,,,4,8269,80,19,2,6,3,4,3,25,,1,47,10,1,4,3,8,2,,High,High,,1,0,0,Level 2
1786,27,,,,,3,6934,59,9,6,5,3,5,3,69,,5,48,18,4,1,2,28,2,,High,High,Expert,1,0,0,Level 1
1787,40,,,,,1,10085,86,1,14,8,2,5,1,30,,9,49,5,2,4,1,9,4,,Very High,High,New,0,0,0,Level 2
1788,20,,,,,2,17032,83,27,2,5,3,2,3,11,,1,48,16,3,4,3,47,3,,,High,,1,0,0,Level 4
1789,27,,,,,1,19650,78,3,11,0,1,2,1,14,,3,44,11,3,2,1,35,3,,,Normal,New,0,0,0,Level 4
1790,48,,,,,4,10317,24,26,4,4,4,5,4,57,,6,41,19,3,2,2,7,3,,Very High,Normal,,1,0,1,Level 2
1791,51,,,,,5,3381,81,2,5,7,2,4,2,0,,2,52,7,1,2,1,44,3,,Medium,High,New,0,1,0,Level 1
1792,57,,,,,3,4635,25,2,13,5,2,2,4,61,,5,52,5,1,3,4,36,1,,Medium,High,New,0,1,1,Level 1
1793,24,,,,,2,15793,42,17,11,4,3,5,1,58,,9,52,15,3,4,3,37,3,,,High,,1,0,0,Level 4
1794,41,,,,,5,13476,19,6,8,8,2,5,3,89,,5,54,19,4,1,2,43,2,,,High,Senior,1,0,0,Level 3
1795,53,,,,,2,14850,26,5,12,6,3,3,3,36,,3,34,1,1,1,1,34,4,,,Low,Experienced,1,1,0,Level 3
1796,20,,,,,3,10417,58,28,1,6,2,3,4,5,,5,40,0,2,2,3,16,2,,Very High,Normal,,1,0,1,Level 2
1797,45,,,,,3,5637,43,21,7,0,1,5,3,23,,6,33,8,2,1,4,24,3,,Medium,Low,,1,0,0,Level 1
1798,29,,,,,4,18125,92,11,14,1,3,5,2,46,,9,51,16,3,3,2,20,2,,,High,Expert,1,0,0,Level 4
1799,49,,,,,2,8570,50,9,6,9,4,5,4,63,,6,38,16,1,4,2,7,2,,High,Normal,Expert,1,0,1,Level 2
1800,37,,,,,4,9050,49,22,3,4,1,2,2,35,,2,44,12,3,1,3,6,1,,Very High,Normal,,1,0,0,Level 2
1801,36,,,,,2,19404,22,25,10,2,2,1,1,82,,5,51,4,4,1,1,46,1,,,High,,1,0,0,Level 4
1802,45,,,,,2,15592,30,4,10,7,3,2,3,55,,9,43,15,1,2,3,1,2,,,Normal,Experienced,0,0,0,Level 3
1803,27,,,,,1,15891,57,7,10,3,1,5,2,81,,1,44,13,2,2,3,27,3,,,Normal,Senior,1,0,0,Level 4
1804,59,,,,,4,18142,83,13,1,6,2,2,4,79,,8,35,19,1,2,2,34,4,,,Low,,1,1,1,Level 4
1805,31,,,,,2,4009,30,16,2,4,3,1,1,16,,5,43,15,2,3,1,46,3,,Medium,Normal,,1,0,0,Level 1
1806,46,,,,,2,15732,70,27,1,5,1,1,1,10,,7,50,18,2,4,4,27,4,,,High,,1,0,0,Level 4
1807,27,,,,,3,10779,55,20,3,6,3,1,3,3,,4,52,17,2,1,1,16,4,,Very High,High,,1,0,0,Level 2
1808,44,,,,,1,17601,91,17,1,7,2,5,3,79,,4,58,4,4,4,1,44,1,,,High,,1,0,0,Level 4
1809,23,,,,,3,10140,22,20,10,2,1,4,2,8,,8,42,12,2,1,4,39,2,,Very High,Normal,,1,0,0,Level 2
1810,52,,,,,4,10824,68,2,5,2,2,4,3,86,,9,32,19,4,2,2,14,3,,Very High,Low,New,0,1,0,Level 2
1811,20,,,,,4,17968,19,5,10,1,1,4,4,73,,1,35,4,1,3,3,17,3,,,Low,Experienced,1,0,1,Level 4
1812,38,,,,,2,15611,23,27,6,5,2,3,2,89,,6,35,12,3,3,1,22,3,,,Low,,1,0,0,Level 3
1813,50,,,,,5,8385,80,18,1,1,2,4,2,99,,2,35,7,1,3,4,5,2,,High,Low,,1,1,0,Level 2
1814,35,,,,,3,19244,85,13,14,0,3,5,4,38,,3,34,4,3,1,4,25,4,,,Low,,1,0,1,Level 4
1815,33,,,,,4,17424,44,18,1,0,3,5,4,66,,9,45,15,2,2,3,49,1,,,Normal,,1,0,1,Level 4
1816,24,,,,,2,18017,95,28,12,8,1,3,2,83,,7,35,8,2,1,4,19,3,,,Low,,1,0,0,Level 4
1817,45,,,,,2,9508,79,11,4,0,1,5,1,80,,3,46,12,2,2,3,42,4,,Very High,High,Expert,1,0,0,Level 2
1818,47,,,,,3,15159,44,14,4,6,2,5,2,46,,5,30,14,4,3,1,6,2,,,Low,,1,0,0,Level 3
1819,21,,,,,2,14933,61,12,8,4,3,3,2,27,,6,44,8,2,2,4,6,2,,,Normal,,1,0,0,Level 3
1820,25,,,,,1,15105,45,4,10,5,2,3,4,0,,6,59,12,4,3,4,25,2,,,High,Experienced,0,0,1,Level 3
1821,28,,,,,5,14988,74,7,7,9,2,3,2,35,,9,36,18,4,4,4,21,2,,,Normal,Senior,1,0,0,Level 3
1822,52,,,,,3,13754,89,13,7,8,1,5,1,88,,1,32,3,1,1,1,37,4,,,Low,,1,1,0,Level 3
1823,44,,,,,3,10536,94,19,9,2,4,3,4,96,,2,53,1,1,2,3,34,1,,Very High,High,,1,0,1,Level 2
1824,32,,,,,3,5217,23,11,8,5,2,1,3,49,,7,48,1,2,2,3,5,2,,Medium,High,Expert,1,0,0,Level 1
1825,28,,,,,2,19530,90,28,12,6,2,2,2,84,,4,32,17,4,1,3,20,1,,,Low,,1,0,0,Level 4
1826,32,,,,,2,6754,68,7,13,1,3,3,1,93,,6,54,17,4,2,4,22,4,,High,High,Senior,1,0,0,Level 1
1827,50,,,,,3,11271,75,27,11,5,4,3,3,76,,9,55,0,1,1,3,46,1,,Very High,High,,1,1,0,Level 2
1828,30,,,,,3,9595,78,25,11,5,4,3,1,38,,9,50,19,3,2,3,6,2,,Very High,High,,1,0,0,Level 2
1829,23,,,,,1,16866,94,15,12,4,2,3,2,49,,4,48,5,3,1,4,8,2,,,High,,1,0,0,Level 4
1830,53,,,,,4,9052,20,19,12,6,2,2,4,22,,7,34,17,3,4,4,29,1,,Very High,Low,,1,1,1,Level 2
1831,57,,,,,1,7390,59,20,12,8,4,5,4,52,,3,52,6,1,4,3,24,4,,High,High,,1,1,1,Level 2
1832,23,,,,,3,12345,79,17,3,6,2,4,1,5,,3,53,14,1,4,1,23,3,,,High,,1,0,0,Level 3
1833,57,,,,,2,9012,91,23,4,1,4,1,1,82,,4,55,0,4,2,4,1,1,,Very High,High,,1,1,0,Level 2
1834,38,,,,,2,8883,51,1,8,3,1,5,4,9,,5,57,16,1,1,4,20,4,,High,High,New,0,0,1,Level 2
1835,25,,,,,3,11804,87,29,14,0,3,3,3,15,,9,48,4,1,3,1,11,2,,Very High,High,,1,0,0,Level 3
1836,53,,,,,4,13002,31,12,5,1,1,5,4,76,,2,30,1,3,3,2,14,4,,,Low,,1,1,1,Level 3
1837,37,,,,,5,7651,39,19,13,8,1,1,3,21,,1,50,7,3,1,3,39,4,,High,High,,1,0,0,Level 2
1838,32,,,,,5,5956,64,25,5,6,3,5,1,65,,1,57,13,2,4,3,29,3,,Medium,High,,1,0,0,Level 1
1839,42,,,,,1,8781,85,28,8,7,1,5,4,41,,1,55,2,2,3,4,12,4,,High,High,,1,0,1,Level 2
1840,38,,,,,4,6206,45,5,8,7,2,3,4,89,,9,37,18,3,2,3,24,3,,High,Normal,Experienced,1,0,1,Level 1
1841,30,,,,,5,19257,46,10,13,1,1,2,2,4,,7,31,9,2,3,2,8,3,,,Low,Expert,1,0,0,Level 4
1842,20,,,,,4,7597,62,26,6,4,1,4,1,93,,2,35,10,2,3,3,35,1,,High,Low,,1,0,0,Level 2
1843,43,,,,,2,12165,97,11,14,0,2,5,1,36,,6,38,16,3,3,2,33,2,,,Normal,Expert,1,0,0,Level 3
1844,26,,,,,2,3659,31,16,9,8,2,2,4,85,,6,54,0,4,3,1,41,4,,Medium,High,,1,0,1,Level 1
1845,44,,,,,4,10805,75,18,4,4,1,4,3,50,,4,42,10,1,2,1,36,4,,Very High,Normal,,1,0,0,Level 2
1846,40,,,,,3,3760,71,9,10,0,1,1,4,81,,1,36,14,1,1,4,43,1,,Medium,Normal,Expert,1,0,1,Level 1
1847,34,,,,,5,11523,71,22,1,6,2,1,3,92,,5,30,16,3,2,3,41,2,,Very High,Low,,1,0,0,Level 3
1848,20,,,,,5,3958,84,9,10,8,3,5,4,18,,8,30,9,3,1,4,2,3,,Medium,Low,Expert,1,0,1,Level 1
1849,31,,,,,2,12950,47,28,2,0,2,4,3,3,,1,31,11,2,4,1,11,1,,,Low,,1,0,0,Level 3
1850,26,,,,,1,8840,33,27,1,0,3,1,3,71,,1,44,3,4,4,2,47,1,,High,Normal,,1,0,0,Level 2
1851,34,,,,,5,7408,29,14,4,0,2,3,3,26,,2,54,7,3,3,3,46,2,,High,High,,1,0,0,Level 2
1852,40,,,,,2,4855,49,20,9,6,2,2,2,54,,7,31,0,4,3,2,40,4,,Medium,Low,,1,0,0,Level 1
1853,38,,,,,2,19738,63,6,11,9,3,5,2,92,,8,36,12,2,1,3,19,4,,,Normal,Senior,1,0,0,Level 4
1854,48,,,,,4,8621,50,12,6,2,3,1,4,96,,7,48,1,3,1,4,37,4,,High,High,,1,0,1,Level 2
1855,44,,,,,4,5272,68,23,13,8,3,2,4,6,,4,43,10,4,1,3,10,3,,Medium,Normal,,1,0,1,Level 1
1856,52,,,,,4,17642,50,11,14,8,1,3,1,60,,1,55,15,4,3,1,10,3,,,High,Expert,1,1,0,Level 4
1857,51,,,,,1,7890,67,22,14,6,3,5,3,98,,9,36,9,2,4,4,41,2,,High,Normal,,1,1,0,Level 2
1858,54,,,,,5,6162,74,4,6,2,2,5,4,67,,9,54,7,2,4,4,31,1,,High,High,Experienced,0,1,1,Level 1
1859,57,,,,,1,9517,88,24,6,9,2,1,3,25,,6,39,4,2,2,2,38,3,,Very High,Normal,,1,1,0,Level 2
1860,45,,,,,1,11395,58,6,1,7,4,5,1,58,,1,39,12,3,2,3,39,3,,Very High,Normal,Senior,1,0,0,Level 2
1861,30,,,,,4,3608,47,18,1,5,2,2,3,76,,8,39,8,4,2,2,8,4,,Medium,Normal,,1,0,0,Level 1
1862,54,,,,,2,11076,58,29,3,3,4,4,1,74,,5,35,17,2,2,1,30,4,,Very High,Low,,1,1,0,Level 2
1863,27,,,,,3,4140,69,28,5,7,1,2,4,38,,7,57,18,4,3,4,46,4,,Medium,High,,1,0,1,Level 1
1864,33,,,,,2,15353,88,6,2,2,3,3,2,33,,9,59,2,4,2,3,46,1,,,High,Senior,1,0,0,Level 3
1865,29,,,,,2,7874,58,1,11,0,3,5,2,24,,5,45,3,4,1,3,19,3,,High,Normal,New,0,0,0,Level 2
1866,21,,,,,2,7996,65,25,12,3,4,3,4,84,,6,32,14,4,4,3,5,3,,High,Low,,1,0,1,Level 2
1867,28,,,,,2,16697,65,10,1,8,1,3,2,35,,5,49,5,1,4,4,22,2,,,High,Expert,1,0,0,Level 4
1868,22,,,,,1,11173,21,12,9,6,4,5,4,65,,2,56,8,4,4,1,19,4,,Very High,High,,1,0,1,Level 2
1869,40,,,,,4,9235,99,7,11,0,3,4,4,88,,1,37,19,3,1,3,30,4,,Very High,Normal,Senior,1,0,1,Level 2
1870,45,,,,,4,8196,15,24,1,0,2,2,4,95,,7,49,13,3,4,2,35,2,,High,High,,1,0,1,Level 2
1871,27,,,,,2,10917,27,28,13,0,3,3,4,64,,3,38,0,4,1,4,6,4,,Very High,Normal,,1,0,1,Level 2
1872,21,,,,,3,18611,87,11,13,5,1,2,2,96,,8,52,3,2,1,1,18,4,,,High,Expert,1,0,0,Level 4
1873,25,,,,,5,3738,62,20,14,9,1,3,1,5,,3,39,8,3,2,1,36,3,,Medium,Normal,,1,0,0,Level 1
1874,47,,,,,2,17183,98,24,11,9,4,5,4,12,,8,57,18,2,1,4,34,1,,,High,,1,0,1,Level 4
1875,48,,,,,2,13892,61,28,11,8,3,5,3,16,,1,47,18,3,2,3,33,2,,,High,,1,0,0,Level 3
1876,45,,,,,3,6723,61,1,14,2,1,5,4,79,,5,50,7,4,2,1,38,2,,High,High,New,0,0,1,Level 1
1877,44,,,,,1,3657,24,27,11,2,3,5,1,37,,2,54,1,4,3,2,5,2,,Medium,High,,1,0,0,Level 1
1878,31,,,,,2,12301,40,16,4,6,3,5,4,85,,5,45,11,1,3,3,4,1,,,Normal,,1,0,1,Level 3
1879,24,,,,,3,5164,64,4,9,5,4,2,4,42,,4,31,0,1,1,1,20,2,,Medium,Low,Experienced,0,0,1,Level 1
1880,53,,,,,1,11338,61,6,10,8,2,3,3,40,,6,53,8,2,1,3,12,1,,Very High,High,Senior,1,1,0,Level 2
1881,56,,,,,1,15247,58,10,2,2,3,1,1,70,,5,55,5,4,1,1,14,2,,,High,Expert,1,1,0,Level 3
1882,34,,,,,2,9802,15,7,10,6,3,4,2,1,,2,48,18,3,4,2,45,3,,Very High,High,Senior,1,0,0,Level 2
1883,55,,,,,1,7631,77,12,3,6,2,1,2,0,,2,59,0,2,1,1,29,1,,High,High,,1,1,0,Level 2
1884,34,,,,,2,6229,31,19,4,8,4,3,2,18,,6,46,3,3,2,2,6,3,,High,High,,1,0,0,Level 1
1885,42,,,,,2,8229,31,10,12,5,2,2,4,15,,3,58,8,1,2,4,42,4,,High,High,Expert,1,0,1,Level 2
1886,25,,,,,4,14830,53,26,2,8,3,3,2,33,,6,33,2,1,1,3,17,4,,,Low,,1,0,0,Level 3
1887,40,,,,,5,18496,57,2,2,5,4,4,1,92,,1,38,16,3,1,4,16,4,,,Normal,New,0,0,0,Level 4
1888,42,,,,,5,8196,90,9,12,1,2,3,2,71,,4,48,10,4,4,1,31,3,,High,High,Expert,1,0,0,Level 2
1889,35,,,,,4,3921,55,1,6,5,4,5,3,89,,8,31,7,1,4,1,21,2,,Medium,Low,New,0,0,0,Level 1
1890,34,,,,,2,10849,29,10,11,4,1,1,4,10,,4,47,13,1,2,3,44,1,,Very High,High,Expert,1,0,1,Level 2
1891,44,,,,,3,5978,15,1,11,5,4,4,3,73,,9,31,5,2,3,4,22,4,,Medium,Low,New,0,0,0,Level 1
1892,55,,,,,1,12279,72,26,10,8,3,4,2,67,,3,47,12,4,2,2,13,1,,,High,,1,1,0,Level 3
1893,30,,,,,4,8777,68,2,5,5,1,1,3,50,,9,56,12,2,4,3,27,2,,High,High,New,0,0,0,Level 2
1894,34,,,,,4,5096,89,5,11,4,3,2,4,97,,3,32,11,4,3,3,7,2,,Medium,Low,Experienced,1,0,1,Level 1
1895,23,,,,,4,8572,19,17,5,4,4,1,1,48,,7,49,6,3,1,1,24,1,,High,High,,1,0,0,Level 2
1896,40,,,,,4,15685,76,13,9,2,2,1,1,22,,6,44,10,1,4,3,20,2,,,Normal,,1,0,0,Level 4
1897,32,,,,,5,8422,96,6,7,4,4,1,1,1,,8,49,11,3,4,4,28,1,,High,High,Senior,1,0,0,Level 2
1898,41,,,,,2,7176,96,24,11,4,4,2,1,96,,1,58,13,2,2,4,41,4,,High,High,,1,0,0,Level 1
1899,38,,,,,4,13423,85,10,13,9,2,4,4,31,,9,54,11,1,4,3,10,3,,,High,Expert,1,0,1,Level 3
1900,53,,,,,4,9610,60,2,9,2,4,3,1,53,,7,44,6,2,3,4,17,4,,Very High,Normal,New,0,1,0,Level 2
1901,33,,,,,4,10238,79,5,1,6,2,1,4,19,,9,43,8,3,4,1,18,2,,Very High,Normal,Experienced,1,0,1,Level 2
1902,23,,,,,3,4981,42,19,2,7,3,2,2,76,,1,30,19,4,4,4,22,4,,Medium,Low,,1,0,0,Level 1
1903,46,,,,,3,19098,98,2,5,6,1,3,4,66,,6,34,15,2,2,3,38,4,,,Low,New,0,0,1,Level 4
1904,48,,,,,1,13596,55,22,10,1,3,3,4,92,,4,32,2,2,4,3,17,3,,,Low,,1,0,1,Level 3
1905,47,,,,,2,14712,37,1,14,6,1,4,2,17,,6,54,1,2,3,1,2,3,,,High,New,0,0,0,Level 3
1906,54,,,,,4,19096,46,28,7,0,2,5,3,69,,3,54,3,4,1,2,23,4,,,High,,1,1,0,Level 4
1907,27,,,,,1,6217,72,8,8,2,1,3,1,13,,7,43,1,3,1,4,32,4,,High,Normal,Expert,1,0,0,Level 1
1908,35,,,,,1,13294,53,15,7,9,3,1,4,67,,9,41,13,2,1,1,13,4,,,Normal,,1,0,1,Level 3
1909,55,,,,,2,8816,96,6,9,3,4,3,2,89,,3,58,10,1,2,4,2,1,,High,High,Senior,1,1,0,Level 2
1910,49,,,,,3,11338,47,4,11,5,4,5,3,75,,9,35,14,3,3,2,43,1,,Very High,Low,Experienced,0,0,0,Level 2
1911,37,,,,,2,7681,72,12,3,8,3,5,4,60,,3,58,2,1,3,3,43,1,,High,High,,1,0,1,Level 2
1912,21,,,,,1,18827,46,16,11,8,2,4,2,37,,7,49,11,2,3,1,48,2,,,High,,1,0,0,Level 4
1913,32,,,,,2,16407,64,21,5,5,3,2,1,57,,9,47,12,4,1,1,1,4,,,High,,1,0,0,Level 4
1914,23,,,,,3,10658,65,2,12,8,4,4,1,91,,1,38,1,1,4,4,22,3,,Very High,Normal,New,0,0,0,Level 2
1915,45,,,,,1,9052,91,8,6,5,1,5,3,40,,2,45,17,2,4,4,38,4,,Very High,Normal,Expert,1,0,0,Level 2
1916,44,,,,,2,3853,33,22,14,6,1,2,2,5,,8,32,9,2,1,4,6,3,,Medium,Low,,1,0,0,Level 1
1917,49,,,,,4,3247,17,6,10,5,2,4,3,3,,7,42,16,1,4,2,6,3,,Medium,Normal,Senior,1,0,0,Level 1
1918,30,,,,,4,16836,31,3,7,2,2,1,3,71,,7,40,7,1,1,1,37,4,,,Normal,New,0,0,0,Level 4
1919,26,,,,,2,18429,57,1,12,0,1,3,1,43,,7,47,3,1,2,4,10,4,,,High,New,0,0,0,Level 4
1920,50,,,,,2,7537,43,8,7,3,4,1,1,94,,9,54,15,1,3,1,21,4,,High,High,Expert,1,1,0,Level 2
1921,29,,,,,3,13495,58,12,4,0,1,1,4,95,,8,39,12,3,3,4,8,2,,,Normal,,1,0,1,Level 3
1922,58,,,,,1,12601,66,7,1,9,3,3,3,3,,7,40,5,1,3,1,43,2,,,Normal,Senior,1,1,0,Level 3
1923,32,,,,,2,14963,42,28,8,0,1,3,1,27,,1,59,17,3,2,3,10,2,,,High,,1,0,0,Level 3
1924,50,,,,,1,5463,98,17,10,4,3,5,4,6,,4,58,8,3,2,3,1,1,,Medium,High,,1,1,1,Level 1
1925,26,,,,,4,17654,48,28,1,7,3,3,1,8,,5,37,11,3,2,4,49,1,,,Normal,,1,0,0,Level 4
1926,55,,,,,1,12177,94,13,12,0,4,1,2,66,,9,39,12,3,2,1,15,4,,,Normal,,1,1,0,Level 3
1927,39,,,,,5,9473,68,24,14,4,3,3,3,52,,2,45,12,1,2,1,5,1,,Very High,Normal,,1,0,0,Level 2
1928,23,,,,,3,10311,16,26,1,7,3,5,1,96,,9,41,8,1,1,4,32,4,,Very High,Normal,,1,0,0,Level 2
1929,26,,,,,3,6134,31,18,9,2,2,2,4,19,,3,55,4,2,2,4,19,3,,High,High,,1,0,1,Level 1
1930,20,,,,,1,19041,98,27,13,5,3,4,4,18,,3,57,8,1,1,2,4,3,,,High,,1,0,1,Level 4
1931,32,,,,,3,7000,32,16,10,6,3,1,4,15,,5,40,19,1,4,1,46,2,,High,Normal,,1,0,1,Level 1
1932,41,,,,,1,19173,42,8,10,9,3,3,1,2,,5,57,15,3,4,1,35,3,,,High,Expert,1,0,0,Level 4
1933,40,,,,,1,10670,42,21,12,7,3,2,1,5,,3,39,14,2,3,3,28,1,,Very High,Normal,,1,0,0,Level 2
1934,41,,,,,4,12612,66,24,3,2,4,4,1,92,,4,51,18,1,3,3,37,2,,,High,,1,0,0,Level 3
1935,47,,,,,1,19506,30,27,9,0,1,4,1,53,,9,57,2,3,3,4,9,3,,,High,,1,0,0,Level 4
1936,28,,,,,3,11877,47,12,10,9,1,4,1,97,,5,52,11,1,1,3,27,2,,Very High,High,,1,0,0,Level 3
1937,45,,,,,5,4661,99,6,11,7,1,1,4,77,,1,41,7,2,2,3,4,3,,Medium,Normal,Senior,1,0,1,Level 1
1938,28,,,,,2,10482,19,2,10,3,3,4,3,25,,2,40,7,1,2,3,28,4,,Very High,Normal,New,0,0,0,Level 2
1939,34,,,,,3,15092,59,7,14,1,2,1,2,33,,7,38,9,1,2,2,33,4,,,Normal,Senior,1,0,0,Level 3
1940,29,,,,,5,5163,51,27,12,0,2,1,4,8,,3,53,16,1,1,3,13,4,,Medium,High,,1,0,1,Level 1
1941,43,,,,,3,10252,96,27,14,5,3,5,2,54,,1,59,10,1,1,1,5,1,,Very High,High,,1,0,0,Level 2
1942,27,,,,,5,10799,66,29,1,0,4,4,3,32,,7,35,8,1,1,3,22,2,,Very High,Low,,1,0,0,Level 2
1943,43,,,,,3,16475,78,22,7,5,2,3,1,59,,6,46,0,4,2,4,18,3,,,High,,1,0,0,Level 4
1944,35,,,,,2,3554,76,4,5,7,4,2,1,18,,7,37,3,2,2,4,24,4,,Medium,Normal,Experienced,0,0,0,Level 1
1945,45,,,,,4,14399,19,25,12,2,1,1,3,72,,3,56,16,3,1,2,13,2,,,High,,1,0,0,Level 3
1946,46,,,,,4,10925,25,29,12,5,1,1,4,38,,8,48,12,2,2,3,4,1,,Very High,High,,1,0,1,Level 2
1947,56,,,,,2,7008,17,29,4,5,2,5,1,5,,1,35,8,2,1,4,43,2,,High,Low,,1,1,0,Level 1
1948,23,,,,,3,4816,65,20,11,4,2,1,2,22,,8,47,18,1,3,2,3,4,,Medium,High,,1,0,0,Level 1
1949,43,,,,,5,10539,74,16,12,2,3,1,2,56,,2,45,18,1,2,4,11,2,,Very High,Normal,,1,0,0,Level 2
1950,38,,,,,1,17569,80,17,5,5,4,3,3,8,,6,53,5,1,2,1,46,1,,,High,,1,0,0,Level 4
1951,55,,,,,3,18474,71,29,14,0,1,1,1,89,,6,33,10,1,3,1,15,3,,,Low,,1,1,0,Level 4
1952,58,,,,,2,19572,31,3,1,3,2,2,1,9,,1,58,9,1,3,3,20,2,,,High,New,0,1,0,Level 4
1953,29,,,,,4,4220,17,27,10,7,4,2,1,69,,3,37,5,1,1,2,11,2,,Medium,Normal,,1,0,0,Level 1
1954,44,,,,,4,16947,17,24,7,5,2,3,1,13,,8,36,8,1,3,4,41,4,,,Normal,,1,0,0,Level 4
1955,37,,,,,3,14060,54,3,11,3,3,5,2,16,,6,37,7,2,4,2,37,1,,,Normal,New,0,0,0,Level 3
1956,38,,,,,5,13253,94,14,12,5,4,3,2,67,,7,47,7,1,4,2,9,4,,,High,,1,0,0,Level 3
1957,55,,,,,2,5907,90,14,2,0,1,2,1,77,,2,45,0,1,3,3,34,3,,Medium,Normal,,1,1,0,Level 1
1958,29,,,,,2,18604,77,7,14,2,2,3,3,23,,5,56,7,2,2,1,3,2,,,High,Senior,1,0,0,Level 4
1959,52,,,,,5,4715,65,27,12,6,4,3,3,12,,4,52,3,3,2,1,8,2,,Medium,High,,1,1,0,Level 1
1960,24,,,,,5,18661,15,1,9,0,3,4,2,58,,2,37,18,3,2,2,13,4,,,Normal,New,0,0,0,Level 4
1961,54,,,,,3,14727,65,15,5,1,4,4,3,64,,5,43,12,4,3,2,38,4,,,Normal,,1,1,0,Level 3
1962,53,,,,,3,17248,18,14,5,2,3,3,2,37,,1,48,17,1,1,3,49,1,,,High,,1,1,0,Level 4
1963,52,,,,,4,10809,95,4,14,3,2,1,2,96,,3,36,13,3,4,4,14,2,,Very High,Normal,Experienced,0,1,0,Level 2
1964,40,,,,,4,9110,97,4,3,5,3,3,4,16,,6,36,9,2,1,1,36,2,,Very High,Normal,Experienced,0,0,1,Level 2
1965,36,,,,,5,19995,18,25,10,8,1,5,3,13,,4,32,13,1,3,4,35,1,,,Low,,1,0,0,Level 4
1966,41,,,,,1,13701,61,28,2,0,4,3,4,80,,4,42,19,4,2,1,34,4,,,Normal,,1,0,1,Level 3
1967,56,,,,,1,3283,53,11,8,3,1,2,4,45,,9,34,15,1,2,2,5,1,,Medium,Low,Expert,1,1,1,Level 1
1968,34,,,,,1,5670,98,1,13,3,2,5,1,15,,4,45,3,2,4,2,14,2,,Medium,Normal,New,0,0,0,Level 1
1969,54,,,,,2,18135,63,11,9,5,1,2,1,70,,4,54,1,1,3,1,9,2,,,High,Expert,1,1,0,Level 4
1970,47,,,,,3,15821,71,12,3,0,1,5,2,46,,3,55,15,2,2,3,20,1,,,High,,1,0,0,Level 4
1971,26,,,,,5,11873,53,15,12,8,4,5,4,75,,2,35,14,4,1,3,1,2,,Very High,Low,,1,0,1,Level 3
1972,51,,,,,4,14631,82,29,14,0,1,2,1,22,,8,40,17,1,2,2,20,3,,,Normal,,1,1,0,Level 3
1973,30,,,,,1,10164,31,25,11,9,4,3,2,5,,3,50,2,4,2,3,29,1,,Very High,High,,1,0,0,Level 2
1974,29,,,,,4,18516,29,26,13,0,2,5,4,37,,6,41,7,4,4,4,49,4,,,Normal,,1,0,1,Level 4
1975,28,,,,,3,10630,42,24,8,2,1,1,4,29,,2,33,6,3,1,3,46,1,,Very High,Low,,1,0,1,Level 2
1976,33,,,,,5,16891,30,15,6,0,4,2,1,21,,8,40,16,3,3,1,33,2,,,Normal,,1,0,0,Level 4
1977,32,,,,,1,7256,20,26,12,3,3,2,2,0,,9,53,15,4,1,1,45,3,,High,High,,1,0,0,Level 2
1978,44,,,,,1,18240,46,22,11,6,4,3,4,66,,5,59,19,4,2,2,31,2,,,High,,1,0,1,Level 4
1979,21,,,,,5,18909,95,27,9,8,1,3,4,39,,9,38,5,1,2,1,15,2,,,Normal,,1,0,1,Level 4
1980,54,,,,,4,5073,39,4,10,3,1,5,3,0,,1,59,7,2,1,2,49,2,,Medium,High,Experienced,0,1,0,Level 1
1981,26,,,,,3,6370,53,27,4,5,4,2,1,99,,8,35,5,3,4,4,14,3,,High,Low,,1,0,0,Level 1
1982,40,,,,,3,5484,31,6,3,1,4,3,4,96,,2,50,5,1,3,1,15,3,,Medium,High,Senior,1,0,1,Level 1
1983,37,,,,,3,13010,60,22,7,6,4,2,4,47,,8,42,11,4,2,3,8,4,,,Normal,,1,0,1,Level 3
1984,22,,,,,4,9902,93,2,1,7,1,1,2,38,,1,33,7,4,4,2,8,3,,Very High,Low,New,0,0,0,Level 2
1985,58,,,,,4,10405,67,23,3,2,2,2,4,43,,1,37,18,1,1,2,30,4,,Very High,Normal,,1,1,1,Level 2
1986,30,,,,,1,5666,65,9,7,0,2,5,4,48,,9,38,16,4,1,4,47,1,,Medium,Normal,Expert,1,0,1,Level 1
1987,58,,,,,4,6384,32,8,12,1,3,1,3,60,,3,39,16,3,2,3,16,2,,High,Normal,Expert,1,1,0,Level 1
1988,43,,,,,2,19906,34,19,7,1,1,1,3,74,,1,53,3,3,2,2,9,2,,,High,,1,0,0,Level 4
1989,38,,,,,5,7183,19,8,9,5,1,4,3,53,,8,32,12,1,1,2,35,1,,High,Low,Expert,1,0,0,Level 2
1990,23,,,,,4,18344,76,20,14,6,1,3,3,95,,4,48,5,2,3,3,1,2,,,High,,1,0,0,Level 4
1991,45,,,,,3,3597,26,10,10,4,4,1,4,18,,1,50,15,1,3,4,30,2,,Medium,High,Expert,1,0,1,Level 1
1992,57,,,,,4,12837,95,17,9,9,1,4,1,20,,9,36,17,2,3,1,37,1,,,Normal,,1,1,0,Level 3
1993,51,,,,,1,10495,44,19,11,0,4,5,4,74,,2,31,16,3,4,4,37,1,,Very High,Low,,1,1,1,Level 2
1994,58,,,,,5,16088,97,1,11,4,3,3,1,85,,1,53,16,3,3,3,49,1,,,High,New,0,1,0,Level 4
1995,55,,,,,5,13976,30,21,7,7,3,2,1,18,,1,51,7,3,1,1,20,3,,,High,,1,1,0,Level 3
1996,59,,,,,3,6176,16,26,11,9,1,2,4,27,,2,57,5,4,4,4,25,2,,High,High,,1,1,1,Level 1
1997,56,,,,,5,17412,90,15,14,1,1,2,4,95,,9,46,13,4,2,3,3,2,,,High,,1,1,1,Level 4
1998,52,,,,,2,5898,17,11,3,7,3,1,4,89,,8,57,7,2,1,4,34,4,,Medium,High,Expert,1,1,1,Level 1
1999,55,,,,,5,9943,22,25,3,5,1,3,1,18,,4,55,18,1,4,1,7,1,,Very High,High,,1,1,0,Level 2
2000,22,,,,,3,9850,51,7,14,0,1,5,2,14,,2,39,7,4,4,1,26,1,,Very High,Normal,Senior,1,0,0,Level 2
2001,28,,,,,5,18731,67,16,5,9,1,4,3,4,,9,42,10,3,3,1,3,3,,,Normal,,1,0,0,Level 4
2002,27,,,,,4,18564,69,3,9,8,2,3,2,11,,8,55,11,3,1,4,20,1,,,High,New,0,0,0,Level 4
2003,52,,,,,1,13651,63,23,1,7,1,4,2,22,,5,30,16,2,3,4,16,2,,,Low,,1,1,0,Level 3
2004,25,,,,,4,4554,73,12,1,4,2,4,1,48,,2,49,16,3,4,3,9,1,,Medium,High,,1,0,0,Level 1
2005,58,,,,,2,14934,74,24,9,3,4,2,3,80,,3,52,15,1,1,2,9,2,,,High,,1,1,0,Level 3
2006,23,,,,,2,3671,92,16,12,0,1,1,3,10,,8,55,16,3,1,2,32,4,,Medium,High,,1,0,0,Level 1
2007,32,,,,,1,11274,60,20,7,1,1,1,3,94,,8,33,13,4,3,2,39,3,,Very High,Low,,1,0,0,Level 2
2008,21,,,,,1,15512,77,19,11,4,2,5,4,40,,7,34,14,1,3,1,37,4,,,Low,,1,0,1,Level 3
2009,24,,,,,1,13669,93,2,13,4,4,5,4,57,,9,35,6,2,1,4,14,3,,,Low,New,0,0,1,Level 3
2010,46,,,,,1,4451,46,8,14,7,2,2,2,71,,7,43,10,3,3,2,49,3,,Medium,Normal,Expert,1,0,0,Level 1
2011,51,,,,,5,8237,80,19,4,4,4,4,1,39,,3,42,12,2,2,1,3,4,,High,Normal,,1,1,0,Level 2
2012,40,,,,,4,13317,99,23,1,4,2,2,4,21,,1,50,3,3,2,1,32,2,,,High,,1,0,1,Level 3
2013,27,,,,,2,10985,18,11,6,2,2,1,4,95,,3,45,19,2,3,4,25,2,,Very High,Normal,Expert,1,0,1,Level 2
2014,57,,,,,5,12474,43,27,9,6,3,1,2,9,,2,57,4,2,3,3,5,1,,,High,,1,1,0,Level 3
2015,27,,,,,1,3534,63,11,6,5,2,2,4,38,,6,35,5,2,1,2,35,4,,Medium,Low,Expert,1,0,1,Level 1
2016,22,,,,,3,18009,37,2,5,4,3,3,1,50,,5,54,18,2,4,4,24,4,,,High,New,0,0,0,Level 4
2017,22,,,,,3,15040,17,5,1,1,1,1,2,44,,9,48,0,3,4,1,18,1,,,High,Experienced,1,0,0,Level 3
2018,41,,,,,4,10761,68,5,9,3,1,5,1,69,,8,52,16,1,1,3,21,3,,Very High,High,Experienced,1,0,0,Level 2
2019,25,,,,,2,7666,35,25,9,2,3,3,3,98,,5,42,5,3,4,2,21,4,,High,Normal,,1,0,0,Level 2
2020,21,,,,,2,7673,94,24,1,6,1,2,2,74,,2,45,18,1,3,4,17,1,,High,Normal,,1,0,0,Level 2
2021,42,,,,,4,13645,58,24,12,8,1,3,1,17,,6,37,7,3,3,3,44,4,,,Normal,,1,0,0,Level 3
2022,21,,,,,1,5162,34,10,4,2,4,4,3,96,,5,40,13,4,2,4,10,2,,Medium,Normal,Expert,1,0,0,Level 1
2023,57,,,,,1,13018,71,2,12,6,3,3,4,40,,4,44,10,1,1,2,3,2,,,Normal,New,0,1,1,Level 3
2024,36,,,,,2,6998,83,15,1,8,1,2,3,76,,8,54,16,2,1,4,3,1,,High,High,,1,0,0,Level 1
2025,54,,,,,2,18089,85,18,10,4,2,4,1,68,,8,52,15,3,2,4,31,1,,,High,,1,1,0,Level 4
2026,53,,,,,2,6692,66,12,4,7,2,5,4,52,,8,32,18,4,3,3,4,1,,High,Low,,1,1,1,Level 1
2027,42,,,,,1,10476,94,10,7,7,4,5,3,63,,5,55,14,2,4,4,25,2,,Very High,High,Expert,1,0,0,Level 2
2028,49,,,,,3,7059,31,7,8,6,2,1,3,99,,6,32,11,3,4,3,43,4,,High,Low,Senior,1,0,0,Level 1
2029,27,,,,,4,11522,80,15,3,0,3,3,2,45,,3,33,15,3,1,2,19,2,,Very High,Low,,1,0,0,Level 3
2030,41,,,,,4,16270,26,15,3,4,1,2,4,24,,6,41,11,4,3,1,3,4,,,Normal,,1,0,1,Level 4
2031,55,,,,,5,4527,72,12,10,9,2,5,2,67,,3,41,14,1,1,3,19,1,,Medium,Normal,,1,1,0,Level 1
2032,24,,,,,5,15375,91,29,5,8,4,5,1,46,,8,52,0,2,3,2,31,1,,,High,,1,0,0,Level 3
2033,32,,,,,3,10051,19,29,11,8,4,3,1,28,,9,33,16,3,1,4,3,3,,Very High,Low,,1,0,0,Level 2
2034,48,,,,,2,19957,94,20,6,5,3,2,1,23,,5,34,19,3,4,4,37,2,,,Low,,1,0,0,Level 4
2035,50,,,,,3,9146,86,15,13,7,3,2,3,84,,9,31,18,2,3,3,8,3,,Very High,Low,,1,1,0,Level 2
2036,35,,,,,5,10550,70,3,3,3,4,4,4,57,,8,45,18,1,2,1,31,2,,Very High,Normal,New,0,0,1,Level 2
2037,49,,,,,5,6695,60,16,6,8,2,5,1,74,,8,51,10,2,2,3,34,2,,High,High,,1,0,0,Level 1
2038,35,,,,,4,3523,86,29,10,1,1,3,2,26,,2,54,16,3,4,4,41,2,,Medium,High,,1,0,0,Level 1
2039,31,,,,,3,12363,32,19,12,1,4,5,3,47,,8,47,7,2,4,2,8,1,,,High,,1,0,0,Level 3
2040,36,,,,,1,13745,58,7,7,6,1,3,4,40,,5,53,12,1,1,3,27,3,,,High,Senior,1,0,1,Level 3
2041,35,,,,,5,15371,57,17,13,3,4,1,2,73,,6,40,5,1,2,3,21,3,,,Normal,,1,0,0,Level 3
2042,31,,,,,4,12613,94,4,6,3,3,3,2,10,,9,36,14,1,3,4,29,1,,,Normal,Experienced,0,0,0,Level 3
2043,27,,,,,2,13423,93,22,6,1,3,2,2,42,,2,40,12,1,3,3,40,2,,,Normal,,1,0,0,Level 3
2044,39,,,,,3,5216,91,15,13,8,4,1,4,72,,1,59,16,2,1,2,11,1,,Medium,High,,1,0,1,Level 1
2045,22,,,,,5,13347,36,9,2,1,3,3,3,2,,2,49,13,3,3,2,38,1,,,High,Expert,1,0,0,Level 3
2046,35,,,,,1,9336,74,28,13,8,2,5,1,48,,2,33,18,3,3,2,12,4,,Very High,Low,,1,0,0,Level 2
2047,49,,,,,5,12043,99,17,11,4,4,4,1,48,,8,49,9,2,2,4,32,1,,,High,,1,0,0,Level 3
2048,42,,,,,1,18573,77,1,4,4,1,5,2,43,,7,33,13,1,4,4,37,3,,,Low,New,0,0,0,Level 4
2049,47,,,,,3,16406,38,2,1,6,2,1,3,5,,2,49,1,2,3,3,25,3,,,High,New,0,0,0,Level 4
2050,59,,,,,1,12371,79,7,10,4,1,1,3,47,,2,54,6,4,4,2,45,1,,,High,Senior,1,1,0,Level 3
2051,24,,,,,1,6595,43,23,13,5,4,1,2,88,,9,50,0,3,1,1,19,1,,High,High,,1,0,0,Level 1
2052,39,,,,,4,13051,15,14,5,2,3,3,1,70,,2,49,8,2,2,2,49,3,,,High,,1,0,0,Level 3
2053,59,,,,,3,3737,15,5,13,2,1,2,3,26,,9,35,6,4,3,3,31,1,,Medium,Low,Experienced,1,1,0,Level 1
2054,20,,,,,5,14004,87,4,13,2,2,1,1,49,,6,51,4,2,4,2,37,3,,,High,Experienced,0,0,0,Level 3
2055,49,,,,,2,13984,35,13,10,0,3,2,4,85,,1,58,5,1,3,1,1,3,,,High,,1,0,1,Level 3
2056,40,,,,,3,16086,92,10,3,2,1,1,1,82,,6,32,10,3,4,3,28,3,,,Low,Expert,1,0,0,Level 4
2057,39,,,,,3,16491,42,13,3,3,2,4,3,93,,1,57,6,4,4,4,37,2,,,High,,1,0,0,Level 4
2058,25,,,,,2,8342,32,22,4,5,3,5,1,85,,6,41,16,4,1,4,32,4,,High,Normal,,1,0,0,Level 2
2059,41,,,,,5,16248,66,24,12,3,1,3,3,22,,1,43,2,1,1,4,18,3,,,Normal,,1,0,0,Level 4
2060,37,,,,,4,11718,80,12,9,2,1,4,2,75,,6,56,12,4,4,1,13,3,,Very High,High,,1,0,0,Level 3
2061,27,,,,,5,3448,76,23,11,7,2,4,4,65,,3,30,0,3,1,2,7,1,,Medium,Low,,1,0,1,Level 1
2062,58,,,,,2,14412,33,18,6,4,3,2,3,28,,6,38,18,2,1,3,38,4,,,Normal,,1,1,0,Level 3
2063,51,,,,,5,17436,16,11,10,2,4,4,4,92,,3,57,16,1,2,4,15,3,,,High,Expert,1,1,1,Level 4
2064,52,,,,,3,19326,84,18,11,3,1,3,4,13,,6,50,7,2,4,2,31,3,,,High,,1,1,1,Level 4
2065,35,,,,,4,9873,69,22,8,3,3,1,1,72,,6,39,8,1,4,1,36,2,,Very High,Normal,,1,0,0,Level 2
2066,31,,,,,1,9697,93,12,11,2,3,5,1,89,,7,35,3,4,2,2,19,4,,Very High,Low,,1,0,0,Level 2
2067,57,,,,,5,7161,71,1,12,8,2,3,4,28,,6,58,11,3,1,3,34,1,,High,High,New,0,1,1,Level 1
2068,53,,,,,1,10996,25,21,14,3,3,5,1,4,,6,49,5,4,3,4,46,4,,Very High,High,,1,1,0,Level 2
2069,33,,,,,4,13043,30,16,5,7,3,4,2,85,,6,35,10,1,2,1,42,1,,,Low,,1,0,0,Level 3
2070,55,,,,,1,3119,99,14,13,8,1,3,2,58,,9,36,10,1,2,4,11,3,,Medium,Normal,,1,1,0,Level 1
2071,52,,,,,5,17580,76,1,6,6,2,2,1,92,,7,30,1,3,4,2,21,3,,,Low,New,0,1,0,Level 4
2072,42,,,,,2,15574,41,7,3,2,3,5,4,76,,8,42,6,2,3,2,44,4,,,Normal,Senior,1,0,1,Level 3
2073,21,,,,,3,15705,36,19,11,0,2,2,4,17,,2,46,5,2,2,3,9,3,,,High,,1,0,1,Level 4
2074,40,,,,,3,19734,17,25,11,8,4,5,2,70,,3,38,3,2,3,2,31,2,,,Normal,,1,0,0,Level 4
2075,21,,,,,1,13394,17,5,11,3,4,4,3,76,,2,45,15,2,3,3,17,4,,,Normal,Experienced,1,0,0,Level 3
2076,46,,,,,3,12744,35,17,7,2,3,5,4,60,,5,36,2,3,1,3,47,3,,,Normal,,1,0,1,Level 3
2077,28,,,,,3,5250,57,10,12,6,1,1,3,47,,8,37,5,2,3,3,7,3,,Medium,Normal,Expert,1,0,0,Level 1
2078,20,,,,,2,17196,84,4,11,9,1,1,1,99,,5,51,7,1,1,3,42,3,,,High,Experienced,0,0,0,Level 4
2079,30,,,,,1,14701,51,24,11,8,2,5,4,84,,2,38,14,4,2,4,24,1,,,Normal,,1,0,1,Level 3
2080,22,,,,,2,16277,70,14,9,6,2,5,3,91,,2,58,14,1,2,2,20,3,,,High,,1,0,0,Level 4
2081,42,,,,,2,17128,53,23,9,8,3,4,1,43,,2,58,19,4,1,4,18,1,,,High,,1,0,0,Level 4
2082,45,,,,,4,18016,34,6,7,6,3,1,4,37,,4,34,8,2,4,2,24,4,,,Low,Senior,1,0,1,Level 4
2083,23,,,,,1,18381,79,25,3,7,4,2,4,2,,5,49,0,4,3,3,40,3,,,High,,1,0,1,Level 4
2084,37,,,,,2,15216,49,28,5,7,4,3,2,27,,6,41,9,1,4,1,17,1,,,Normal,,1,0,0,Level 3
2085,25,,,,,5,19321,57,12,10,7,1,2,1,53,,7,47,18,2,3,1,48,2,,,High,,1,0,0,Level 4
2086,54,,,,,3,8394,35,20,9,1,4,3,4,44,,8,43,3,4,4,2,9,2,,High,Normal,,1,1,1,Level 2
2087,41,,,,,1,14376,24,26,11,1,1,3,1,85,,5,56,12,2,2,4,38,2,,,High,,1,0,0,Level 3
2088,34,,,,,4,4738,59,12,9,1,1,3,4,42,,3,41,2,1,1,2,32,3,,Medium,Normal,,1,0,1,Level 1
2089,41,,,,,2,16856,17,1,3,6,1,5,2,32,,5,56,6,1,2,4,5,3,,,High,New,0,0,0,Level 4
2090,56,,,,,5,14194,57,12,13,7,3,1,2,12,,1,51,1,4,2,2,8,2,,,High,,1,1,0,Level 3
2091,31,,,,,3,15933,66,26,5,9,3,4,3,40,,7,59,8,4,4,4,46,3,,,High,,1,0,0,Level 4
2092,57,,,,,3,14290,55,6,1,0,4,4,1,56,,8,46,5,4,3,2,39,2,,,High,Senior,1,1,0,Level 3
2093,37,,,,,5,5503,55,4,14,7,3,4,1,4,,6,51,16,1,1,2,30,2,,Medium,High,Experienced,0,0,0,Level 1
2094,54,,,,,1,12662,91,17,7,7,1,1,3,99,,6,39,14,4,3,2,43,2,,,Normal,,1,1,0,Level 3
2095,49,,,,,3,14944,23,10,2,4,3,5,4,7,,9,35,18,1,3,4,22,3,,,Low,Expert,1,0,1,Level 3
2096,43,,,,,3,14822,60,19,10,2,2,4,4,65,,7,49,19,1,3,3,28,4,,,High,,1,0,1,Level 3
2097,49,,,,,3,16252,30,11,10,0,4,5,1,43,,8,44,8,4,1,4,3,1,,,Normal,Expert,1,0,0,Level 4
2098,33,,,,,2,5561,61,1,6,3,1,2,2,42,,6,46,6,2,2,1,47,4,,Medium,High,New,0,0,0,Level 1
2099,25,,,,,2,7494,42,5,10,6,3,1,1,80,,5,53,15,1,4,4,19,3,,High,High,Experienced,1,0,0,Level 2
2100,22,,,,,3,19350,42,24,12,6,3,2,2,3,,7,56,3,4,1,3,12,3,,,High,,1,0,0,Level 4
2101,35,,,,,4,19770,89,28,6,4,1,1,2,18,,4,48,7,3,4,2,36,3,,,High,,1,0,0,Level 4
2102,26,,,,,3,9761,25,14,7,5,4,5,2,33,,5,34,5,2,4,3,8,2,,Very High,Low,,1,0,0,Level 2
2103,33,,,,,1,6751,43,13,3,8,3,5,4,61,,6,41,9,4,4,3,3,1,,High,Normal,,1,0,1,Level 1
2104,28,,,,,4,5700,70,2,8,6,2,2,2,80,,9,48,6,1,4,1,5,3,,Medium,High,New,0,0,0,Level 1
2105,34,,,,,1,8844,90,28,5,1,2,1,1,88,,2,49,12,3,2,3,22,2,,High,High,,1,0,0,Level 2
2106,40,,,,,5,11491,86,14,10,1,1,4,4,4,,7,38,4,1,3,3,48,1,,Very High,Normal,,1,0,1,Level 3
2107,54,,,,,5,19415,71,6,4,1,3,4,4,80,,5,36,4,1,1,4,11,1,,,Normal,Senior,1,1,1,Level 4
2108,21,,,,,2,11733,67,6,11,1,4,3,4,10,,2,55,8,1,2,4,14,3,,Very High,High,Senior,1,0,1,Level 3
2109,46,,,,,2,19930,88,21,12,4,2,2,3,57,,2,37,0,2,4,4,42,4,,,Normal,,1,0,0,Level 4
2110,21,,,,,2,17759,73,23,9,9,4,5,2,15,,2,41,10,3,1,2,15,2,,,Normal,,1,0,0,Level 4
2111,54,,,,,5,17267,49,1,9,4,3,2,3,79,,8,47,3,2,3,1,36,1,,,High,New,0,1,0,Level 4
2112,37,,,,,1,19880,66,26,2,7,2,4,3,69,,3,39,19,4,4,1,18,4,,,Normal,,1,0,0,Level 4
2113,33,,,,,4,15695,50,20,1,4,4,3,4,81,,6,54,4,2,1,2,22,3,,,High,,1,0,1,Level 4
2114,39,,,,,2,19872,91,11,3,7,2,1,2,2,,7,57,3,2,3,1,41,3,,,High,Expert,1,0,0,Level 4
2115,37,,,,,5,13257,72,22,10,5,4,4,4,17,,6,36,7,3,3,2,1,1,,,Normal,,1,0,1,Level 3
2116,29,,,,,2,16383,16,4,8,9,2,4,2,6,,7,55,4,2,1,4,41,2,,,High,Experienced,0,0,0,Level 4
2117,44,,,,,3,9778,42,6,4,3,1,2,3,74,,4,30,5,1,3,2,26,1,,Very High,Low,Senior,1,0,0,Level 2
2118,21,,,,,4,3170,99,2,5,9,3,1,4,46,,8,38,8,3,2,4,44,4,,Medium,Normal,New,0,0,1,Level 1
2119,44,,,,,1,11591,84,27,13,3,1,4,4,14,,5,40,7,1,4,4,26,2,,Very High,Normal,,1,0,1,Level 3
2120,52,,,,,2,18245,77,25,5,2,2,3,3,61,,1,38,2,1,1,1,3,4,,,Normal,,1,1,0,Level 4
2121,55,,,,,3,14784,66,20,11,8,4,5,1,77,,4,46,0,3,4,1,49,1,,,High,,1,1,0,Level 3
2122,50,,,,,3,17066,74,29,2,4,1,4,2,22,,1,34,17,4,3,2,18,3,,,Low,,1,1,0,Level 4
2123,33,,,,,4,7415,50,5,1,7,1,2,4,35,,6,46,5,4,4,4,34,1,,High,High,Experienced,1,0,1,Level 2
2124,20,,,,,5,14813,96,15,8,3,3,4,1,16,,6,52,7,1,1,3,29,3,,,High,,1,0,0,Level 3
2125,35,,,,,5,9620,76,23,10,2,1,2,2,21,,3,57,0,2,1,3,12,4,,Very High,High,,1,0,0,Level 2
2126,22,,,,,2,16777,57,8,12,5,3,1,3,23,,6,39,3,4,2,4,23,3,,,Normal,Expert,1,0,0,Level 4
2127,54,,,,,2,10922,53,17,5,5,2,4,3,26,,7,37,9,1,2,4,16,2,,Very High,Normal,,1,1,0,Level 2
2128,25,,,,,5,5089,19,23,2,5,1,3,3,16,,4,52,16,4,1,1,19,4,,Medium,High,,1,0,0,Level 1
2129,44,,,,,1,3233,89,10,7,1,2,4,4,22,,7,31,17,1,2,4,13,2,,Medium,Low,Expert,1,0,1,Level 1
2130,32,,,,,1,19939,64,9,14,5,2,5,3,70,,1,49,10,4,1,3,13,1,,,High,Expert,1,0,0,Level 4
2131,53,,,,,3,13146,30,2,2,4,4,3,1,0,,9,36,1,4,2,3,49,3,,,Normal,New,0,1,0,Level 3
2132,27,,,,,4,6733,97,11,6,4,1,5,4,49,,3,31,17,3,2,4,11,3,,High,Low,Expert,1,0,1,Level 1
2133,40,,,,,1,6275,66,2,9,2,4,4,4,62,,6,50,18,4,3,1,3,3,,High,High,New,0,0,1,Level 1
2134,53,,,,,2,18078,83,27,4,4,2,3,3,49,,9,40,2,4,3,2,42,4,,,Normal,,1,1,0,Level 4
2135,23,,,,,1,10473,85,16,5,9,4,3,1,90,,2,59,18,3,4,3,16,2,,Very High,High,,1,0,0,Level 2
2136,44,,,,,4,7946,17,4,1,0,1,5,3,97,,3,55,19,4,4,3,32,2,,High,High,Experienced,0,0,0,Level 2
2137,34,,,,,2,3845,24,28,13,0,4,1,1,36,,7,39,6,1,4,2,31,1,,Medium,Normal,,1,0,0,Level 1
2138,23,,,,,4,9653,65,17,1,6,3,5,2,14,,7,56,1,2,4,2,17,3,,Very High,High,,1,0,0,Level 2
2139,31,,,,,5,4319,83,9,9,9,4,3,2,55,,7,45,2,4,2,2,29,1,,Medium,Normal,Expert,1,0,0,Level 1
2140,51,,,,,4,12902,46,12,5,6,2,4,1,81,,9,40,7,1,3,1,30,4,,,Normal,,1,1,0,Level 3
2141,51,,,,,4,17332,19,5,12,8,3,4,1,55,,5,53,7,1,2,1,36,4,,,High,Experienced,1,1,0,Level 4
2142,47,,,,,4,5890,57,3,11,8,2,1,2,67,,7,51,2,4,3,1,23,4,,Medium,High,New,0,0,0,Level 1
2143,32,,,,,2,5625,97,6,3,6,4,4,2,28,,7,46,6,1,1,4,31,1,,Medium,High,Senior,1,0,0,Level 1
2144,50,,,,,4,8513,26,7,2,9,3,3,4,86,,9,49,2,3,4,3,20,2,,High,High,Senior,1,1,1,Level 2
2145,33,,,,,4,11644,45,4,10,8,2,4,4,42,,7,40,18,2,2,4,20,3,,Very High,Normal,Experienced,0,0,1,Level 3
2146,39,,,,,3,4629,95,14,7,9,3,3,4,85,,4,34,4,2,2,1,1,3,,Medium,Low,,1,0,1,Level 1
2147,37,,,,,2,13452,36,29,4,8,4,4,3,19,,6,37,17,4,1,2,16,4,,,Normal,,1,0,0,Level 3
2148,48,,,,,4,17744,73,14,3,2,4,1,4,85,,6,32,11,4,2,2,25,3,,,Low,,1,0,1,Level 4
2149,25,,,,,1,3558,66,2,2,3,2,4,4,11,,2,46,9,4,1,1,32,2,,Medium,High,New,0,0,1,Level 1
2150,51,,,,,4,11070,61,28,11,0,1,2,2,98,,4,45,2,1,2,3,37,3,,Very High,Normal,,1,1,0,Level 2
2151,48,,,,,1,13907,63,21,11,1,4,2,4,89,,8,37,10,4,3,4,47,3,,,Normal,,1,0,1,Level 3
2152,21,,,,,5,4068,70,15,11,7,2,3,3,13,,1,48,0,2,1,2,34,1,,Medium,High,,1,0,0,Level 1
2153,42,,,,,5,13946,45,12,10,8,4,3,1,60,,8,36,19,2,2,2,9,2,,,Normal,,1,0,0,Level 3
2154,38,,,,,2,12452,73,14,10,8,2,4,2,83,,7,30,11,4,4,4,32,3,,,Low,,1,0,0,Level 3
2155,50,,,,,2,13962,84,23,4,8,1,2,4,99,,7,35,1,2,1,4,14,3,,,Low,,1,1,1,Level 3
2156,24,,,,,5,18472,90,10,9,0,3,4,3,75,,6,46,1,4,1,4,42,2,,,High,Expert,1,0,0,Level 4
2157,38,,,,,2,8898,57,26,10,7,3,3,2,60,,5,43,8,3,4,2,4,2,,High,Normal,,1,0,0,Level 2
2158,53,,,,,1,10810,95,3,13,4,2,5,2,8,,6,54,4,4,1,3,20,4,,Very High,High,New,0,1,0,Level 2
2159,29,,,,,1,10996,88,2,7,2,2,2,4,96,,1,49,4,3,2,4,18,3,,Very High,High,New,0,0,1,Level 2
2160,44,,,,,3,19833,19,2,1,5,4,2,1,87,,1,39,6,1,4,1,47,1,,,Normal,New,0,0,0,Level 4
2161,21,,,,,2,6639,18,11,3,3,1,5,1,72,,3,45,0,1,3,3,35,4,,High,Normal,Expert,1,0,0,Level 1
2162,30,,,,,2,4913,29,12,12,0,4,5,1,23,,5,46,15,2,3,4,21,4,,Medium,High,,1,0,0,Level 1
2163,50,,,,,3,13989,16,15,5,2,1,2,4,93,,9,57,6,3,2,2,45,3,,,High,,1,1,1,Level 3
2164,34,,,,,4,7633,63,12,7,1,1,2,1,68,,5,56,12,4,1,3,46,2,,High,High,,1,0,0,Level 2
2165,28,,,,,1,8328,70,11,14,0,3,2,2,7,,3,44,12,2,3,4,35,3,,High,Normal,Expert,1,0,0,Level 2
2166,42,,,,,4,8409,22,20,5,9,1,3,4,78,,5,47,3,2,4,1,22,2,,High,High,,1,0,1,Level 2
2167,38,,,,,3,7811,30,20,9,8,2,2,3,44,,2,45,17,4,4,4,32,2,,High,Normal,,1,0,0,Level 2
2168,28,,,,,2,8327,78,14,7,2,1,1,1,52,,6,30,10,3,2,3,4,3,,High,Low,,1,0,0,Level 2
2169,54,,,,,4,6461,98,5,12,0,1,2,2,19,,7,36,17,4,4,1,43,2,,High,Normal,Experienced,1,1,0,Level 1
2170,40,,,,,2,10533,38,19,14,2,2,5,4,57,,1,30,13,1,4,4,37,1,,Very High,Low,,1,0,1,Level 2
2171,28,,,,,3,4459,69,27,1,0,3,1,2,78,,7,46,11,2,4,1,26,4,,Medium,High,,1,0,0,Level 1
2172,47,,,,,5,14410,68,17,6,0,3,5,1,85,,8,31,8,2,4,4,16,4,,,Low,,1,0,0,Level 3
2173,26,,,,,2,17331,95,29,2,8,1,5,4,95,,2,46,12,1,3,2,35,2,,,High,,1,0,1,Level 4
2174,35,,,,,4,19840,83,15,6,0,1,4,4,69,,3,56,7,4,4,1,16,3,,,High,,1,0,1,Level 4
2175,35,,,,,4,11168,92,20,3,4,4,2,1,32,,3,55,9,4,3,1,42,4,,Very High,High,,1,0,0,Level 2
2176,52,,,,,3,8530,92,17,14,4,2,2,4,60,,1,59,4,3,1,2,17,2,,High,High,,1,1,1,Level 2
2177,23,,,,,4,3644,74,29,12,0,3,2,2,10,,9,53,11,2,4,3,40,3,,Medium,High,,1,0,0,Level 1
2178,23,,,,,1,13521,45,12,2,8,4,5,1,91,,8,50,0,3,1,2,9,3,,,High,,1,0,0,Level 3
2179,58,,,,,2,15701,34,8,3,4,1,1,2,2,,3,33,18,4,1,4,15,4,,,Low,Expert,1,1,0,Level 4
2180,59,,,,,1,10264,91,15,11,1,1,2,2,48,,5,43,11,4,1,1,28,2,,Very High,Normal,,1,1,0,Level 2
2181,36,,,,,3,16748,68,21,10,6,4,2,1,56,,4,32,17,2,4,4,22,2,,,Low,,1,0,0,Level 4
2182,56,,,,,1,8747,23,2,4,8,1,1,4,66,,9,40,14,2,3,1,30,1,,High,Normal,New,0,1,1,Level 2
2183,58,,,,,1,5761,48,28,13,3,2,1,2,28,,5,30,3,2,3,2,10,4,,Medium,Low,,1,1,0,Level 1
2184,48,,,,,2,17301,90,21,1,4,4,2,1,10,,2,33,8,3,3,3,44,4,,,Low,,1,0,0,Level 4
2185,55,,,,,2,19853,94,21,4,8,1,4,3,54,,2,58,8,2,3,1,20,1,,,High,,1,1,0,Level 4
2186,57,,,,,5,11500,79,17,6,1,4,2,3,95,,1,33,8,4,3,4,2,3,,Very High,Low,,1,1,0,Level 3
2187,58,,,,,1,9017,30,21,5,4,2,2,2,49,,5,58,8,4,1,4,6,4,,Very High,High,,1,1,0,Level 2
2188,56,,,,,2,9847,84,24,13,5,3,5,2,14,,5,48,12,2,2,4,36,4,,Very High,High,,1,1,0,Level 2
2189,54,,,,,1,11980,98,10,14,2,2,3,1,3,,3,40,18,2,4,3,41,3,,Very High,Normal,Expert,1,1,0,Level 3
2190,26,,,,,1,19674,20,18,5,9,3,2,1,31,,5,35,18,4,3,1,3,3,,,Low,,1,0,0,Level 4
2191,46,,,,,3,3429,49,24,9,8,4,5,4,51,,8,43,6,1,2,2,39,4,,Medium,Normal,,1,0,1,Level 1
2192,47,,,,,3,3597,17,29,9,9,4,3,1,61,,3,33,5,3,2,3,36,1,,Medium,Low,,1,0,0,Level 1
2193,41,,,,,1,11050,35,24,9,7,2,5,4,97,,4,53,1,1,2,3,30,3,,Very High,High,,1,0,1,Level 2
2194,33,,,,,3,7527,21,12,7,3,1,5,2,73,,3,39,9,3,3,3,29,1,,High,Normal,,1,0,0,Level 2
2195,26,,,,,2,4557,92,1,13,4,4,4,4,93,,6,30,4,1,1,2,43,3,,Medium,Low,New,0,0,1,Level 1
2196,56,,,,,1,3672,44,4,10,7,1,1,2,40,,7,45,6,3,4,4,35,2,,Medium,Normal,Experienced,0,1,0,Level 1
2197,41,,,,,3,5854,36,5,9,9,3,1,1,81,,7,57,11,1,1,1,39,3,,Medium,High,Experienced,1,0,0,Level 1
2198,24,,,,,2,8521,28,26,13,9,1,5,1,16,,2,59,10,4,1,1,8,4,,High,High,,1,0,0,Level 2
2199,21,,,,,1,11232,69,24,12,0,1,1,2,4,,7,55,6,3,2,2,34,2,,Very High,High,,1,0,0,Level 2
2200,46,,,,,1,7479,81,3,8,7,1,2,4,71,,1,44,6,1,4,4,5,4,,High,Normal,New,0,0,1,Level 2
2201,40,,,,,3,7278,19,1,8,5,3,4,3,68,,2,57,3,4,1,2,34,4,,High,High,New,0,0,0,Level 2
2202,57,,,,,2,4895,83,7,5,6,4,4,2,80,,2,57,2,4,3,2,9,4,,Medium,High,Senior,1,1,0,Level 1
2203,34,,,,,1,16910,73,20,9,3,4,1,3,38,,8,31,2,3,1,3,17,2,,,Low,,1,0,0,Level 4
2204,40,,,,,1,14488,23,26,8,5,2,1,2,90,,3,42,15,3,3,3,1,4,,,Normal,,1,0,0,Level 3
2205,29,,,,,5,8404,62,12,7,9,2,4,4,31,,5,45,9,4,2,2,37,1,,High,Normal,,1,0,1,Level 2
2206,42,,,,,1,11526,51,21,8,9,3,5,4,6,,4,38,0,1,2,4,37,1,,Very High,Normal,,1,0,1,Level 3
2207,58,,,,,5,15425,82,6,9,3,3,5,3,85,,5,50,1,4,4,4,28,4,,,High,Senior,1,1,0,Level 3
2208,24,,,,,5,8593,34,20,7,9,1,5,2,75,,7,59,8,1,2,1,48,1,,High,High,,1,0,0,Level 2
2209,20,,,,,2,15775,99,17,9,9,4,2,1,49,,9,31,2,2,3,4,27,4,,,Low,,1,0,0,Level 4
2210,32,,,,,4,5676,64,11,8,1,2,5,3,87,,2,39,8,3,2,3,25,1,,Medium,Normal,Expert,1,0,0,Level 1
2211,40,,,,,5,8265,38,8,2,0,3,5,4,48,,8,58,14,2,3,3,23,4,,High,High,Expert,1,0,1,Level 2
2212,45,,,,,2,17744,85,11,3,3,2,1,3,42,,6,39,19,1,1,3,6,3,,,Normal,Expert,1,0,0,Level 4
2213,40,,,,,3,12725,63,13,6,6,4,3,3,16,,8,36,6,1,4,4,24,1,,,Normal,,1,0,0,Level 3
2214,37,,,,,5,6861,22,9,6,7,4,5,2,70,,8,30,3,4,1,4,11,4,,High,Low,Expert,1,0,0,Level 1
2215,56,,,,,4,7954,89,19,7,2,3,5,2,80,,9,33,15,4,4,1,35,2,,High,Low,,1,1,0,Level 2
2216,51,,,,,3,4112,87,26,2,2,3,3,4,19,,6,54,2,4,4,3,17,4,,Medium,High,,1,1,1,Level 1
2217,55,,,,,5,4112,20,20,12,4,1,5,2,90,,7,51,13,1,4,3,14,4,,Medium,High,,1,1,0,Level 1
2218,36,,,,,5,13458,54,5,1,9,4,3,3,44,,2,47,19,3,4,2,22,4,,,High,Experienced,1,0,0,Level 3
2219,54,,,,,4,19733,95,10,11,9,2,3,1,73,,1,37,3,2,1,1,26,2,,,Normal,Expert,1,1,0,Level 4
2220,30,,,,,1,6962,68,13,12,6,2,5,2,69,,4,47,5,2,3,4,36,1,,High,High,,1,0,0,Level 1
2221,40,,,,,4,15692,91,25,5,3,3,2,3,47,,1,37,13,2,2,4,28,4,,,Normal,,1,0,0,Level 4
2222,45,,,,,2,3042,31,5,14,6,4,5,1,31,,9,47,2,2,4,4,34,2,,Medium,High,Experienced,1,0,0,Level 1
2223,23,,,,,2,14737,65,23,11,1,3,2,2,7,,4,37,16,2,4,4,48,1,,,Normal,,1,0,0,Level 3
2224,53,,,,,4,8877,16,3,2,0,3,5,3,43,,1,56,6,3,2,1,41,4,,High,High,New,0,1,0,Level 2
2225,37,,,,,4,8974,44,17,9,5,3,2,4,61,,1,47,15,2,2,4,41,3,,High,High,,1,0,1,Level 2
2226,59,,,,,4,18518,46,22,3,3,4,5,4,82,,4,32,14,1,3,1,34,4,,,Low,,1,1,1,Level 4
2227,54,,,,,4,18491,64,29,12,6,1,4,3,82,,3,52,6,2,4,4,46,2,,,High,,1,1,0,Level 4
2228,48,,,,,4,18918,85,10,2,0,1,4,2,21,,1,33,10,1,1,4,10,4,,,Low,Expert,1,0,0,Level 4
2229,48,,,,,5,16356,30,17,12,0,3,3,3,34,,3,45,16,3,2,2,13,3,,,Normal,,1,0,0,Level 4
2230,57,,,,,3,14584,97,6,12,4,1,1,1,27,,8,59,3,4,2,2,35,4,,,High,Senior,1,1,0,Level 3
2231,40,,,,,2,16301,93,24,7,0,2,4,1,32,,2,32,14,3,2,4,21,4,,,Low,,1,0,0,Level 4
2232,32,,,,,2,16505,69,14,6,1,2,4,1,5,,6,52,9,2,4,1,21,3,,,High,,1,0,0,Level 4
2233,36,,,,,3,15817,71,9,8,2,3,5,1,11,,4,39,11,3,1,1,48,4,,,Normal,Expert,1,0,0,Level 4
2234,28,,,,,4,14560,92,24,9,0,1,1,2,96,,2,52,6,1,1,3,45,1,,,High,,1,0,0,Level 3
2235,20,,,,,3,18860,59,29,3,7,1,5,3,49,,2,39,17,4,3,1,3,2,,,Normal,,1,0,0,Level 4
2236,21,,,,,4,19896,66,5,8,1,3,5,2,97,,8,38,15,4,4,1,37,2,,,Normal,Experienced,1,0,0,Level 4
2237,48,,,,,2,19566,85,23,4,1,1,3,3,60,,1,34,8,3,1,4,7,2,,,Low,,1,0,0,Level 4
2238,52,,,,,1,19258,61,22,2,7,2,5,3,49,,8,38,4,1,4,4,10,2,,,Normal,,1,1,0,Level 4
2239,29,,,,,2,5101,47,25,4,6,2,5,1,75,,2,38,18,2,3,4,26,4,,Medium,Normal,,1,0,0,Level 1
2240,59,,,,,2,12296,38,20,4,2,4,3,1,36,,5,50,17,4,4,2,26,2,,,High,,1,1,0,Level 3
2241,40,,,,,1,19543,49,8,8,4,2,5,4,99,,2,37,2,2,1,3,38,2,,,Normal,Expert,1,0,1,Level 4
2242,47,,,,,3,14649,78,28,10,2,2,1,3,66,,1,31,9,1,4,1,9,1,,,Low,,1,0,0,Level 3
2243,30,,,,,5,8568,99,27,8,4,3,3,4,99,,4,35,7,3,2,4,24,1,,High,Low,,1,0,1,Level 2
2244,53,,,,,4,11929,94,25,13,8,1,4,2,60,,2,47,15,4,2,4,43,4,,Very High,High,,1,1,0,Level 3
2245,27,,,,,4,13503,74,16,7,2,1,5,4,91,,8,30,19,3,2,3,6,2,,,Low,,1,0,1,Level 3
2246,41,,,,,2,14245,95,7,4,2,4,1,1,10,,1,54,5,2,3,4,15,4,,,High,Senior,1,0,0,Level 3
2247,27,,,,,1,6380,43,28,2,0,2,2,1,79,,9,49,1,3,3,3,42,1,,High,High,,1,0,0,Level 1
2248,34,,,,,2,4307,32,23,1,4,1,3,2,53,,6,45,3,3,2,3,6,1,,Medium,Normal,,1,0,0,Level 1
2249,36,,,,,2,13386,72,2,11,2,2,3,3,66,,3,31,14,4,4,4,28,3,,,Low,New,0,0,0,Level 3
2250,42,,,,,3,14667,62,9,2,2,3,5,2,85,,8,55,4,3,2,3,41,1,,,High,Expert,1,0,0,Level 3
2251,43,,,,,4,12961,25,28,2,3,3,5,1,57,,8,54,14,4,1,1,8,2,,,High,,1,0,0,Level 3
2252,38,,,,,5,5594,17,21,3,1,3,3,3,48,,3,39,7,2,2,4,1,3,,Medium,Normal,,1,0,0,Level 1
2253,24,,,,,1,7967,56,10,10,1,4,5,3,78,,8,49,6,1,2,1,19,4,,High,High,Expert,1,0,0,Level 2
2254,51,,,,,5,11766,32,19,5,7,2,5,3,98,,1,54,9,3,1,1,10,4,,Very High,High,,1,1,0,Level 3
2255,20,,,,,1,19465,30,4,1,2,4,1,1,83,,9,33,11,2,3,4,37,1,,,Low,Experienced,0,0,0,Level 4
2256,42,,,,,4,18398,55,13,5,3,2,1,1,42,,3,41,15,2,4,1,7,4,,,Normal,,1,0,0,Level 4
2257,56,,,,,3,11477,79,26,7,1,3,1,2,67,,7,44,2,3,1,4,32,2,,Very High,Normal,,1,1,0,Level 3
2258,27,,,,,5,15182,57,2,12,4,1,4,3,92,,8,41,1,3,4,1,37,2,,,Normal,New,0,0,0,Level 3
2259,32,,,,,1,17319,57,19,14,8,1,3,4,83,,3,45,2,2,4,3,39,4,,,Normal,,1,0,1,Level 4
2260,27,,,,,2,19478,45,6,1,8,4,3,1,28,,2,56,1,4,3,4,11,2,,,High,Senior,1,0,0,Level 4
2261,42,,,,,4,3136,42,16,4,7,4,5,4,13,,5,32,11,4,2,3,44,1,,Medium,Low,,1,0,1,Level 1
2262,20,,,,,3,18988,65,15,11,8,1,5,4,0,,8,36,8,1,4,4,13,1,,,Normal,,1,0,1,Level 4
2263,43,,,,,2,13441,41,14,2,8,2,3,4,17,,2,53,2,2,4,4,32,4,,,High,,1,0,1,Level 3
2264,54,,,,,3,18609,23,13,8,8,2,5,1,80,,5,57,9,1,2,1,20,4,,,High,,1,1,0,Level 4
2265,43,,,,,1,6670,52,28,2,9,4,1,3,14,,2,34,15,2,3,2,25,1,,High,Low,,1,0,0,Level 1
2266,36,,,,,2,12537,50,17,1,1,2,2,4,88,,8,39,1,2,3,1,5,4,,,Normal,,1,0,1,Level 3
2267,24,,,,,3,12191,74,18,14,2,4,4,4,12,,2,50,1,2,1,1,28,2,,,High,,1,0,1,Level 3
2268,39,,,,,4,18333,71,20,14,3,4,1,2,96,,7,46,18,2,2,2,7,3,,,High,,1,0,0,Level 4
2269,40,,,,,5,12216,61,1,2,0,1,1,2,23,,3,55,10,4,1,3,23,4,,,High,New,0,0,0,Level 3
2270,59,,,,,5,17255,82,22,10,5,3,5,4,33,,5,50,17,2,3,1,22,4,,,High,,1,1,1,Level 4
2271,50,,,,,2,15578,65,28,4,1,4,4,3,10,,5,34,15,1,1,4,4,1,,,Low,,1,1,0,Level 3
2272,55,,,,,4,7203,72,4,5,3,1,2,2,61,,4,46,18,4,3,2,23,4,,High,High,Experienced,0,1,0,Level 2
2273,30,,,,,4,18849,62,16,2,4,3,2,3,46,,6,41,7,3,4,4,35,2,,,Normal,,1,0,0,Level 4
2274,34,,,,,3,4833,73,18,4,3,3,5,4,24,,1,44,6,1,1,3,19,2,,Medium,Normal,,1,0,1,Level 1
2275,38,,,,,2,8384,90,10,7,5,2,4,1,31,,8,54,17,3,4,4,16,1,,High,High,Expert,1,0,0,Level 2
2276,26,,,,,4,19282,61,20,5,9,1,1,1,64,,1,33,7,1,4,4,5,3,,,Low,,1,0,0,Level 4
2277,47,,,,,3,5250,29,28,8,9,4,1,1,28,,1,31,11,3,2,2,42,2,,Medium,Low,,1,0,0,Level 1
2278,24,,,,,4,9119,92,8,10,5,3,3,4,40,,7,53,18,1,1,3,9,2,,Very High,High,Expert,1,0,1,Level 2
2279,24,,,,,2,19952,86,6,9,8,4,1,2,74,,6,46,3,3,2,2,33,2,,,High,Senior,1,0,0,Level 4
2280,49,,,,,4,8201,16,27,1,8,2,2,2,21,,6,47,12,3,3,3,19,2,,High,High,,1,0,0,Level 2
2281,51,,,,,4,7275,93,17,1,0,2,2,2,75,,8,48,0,4,3,1,28,1,,High,High,,1,1,0,Level 2
2282,27,,,,,4,10963,75,29,3,9,1,4,2,0,,3,32,17,1,1,2,38,2,,Very High,Low,,1,0,0,Level 2
2283,29,,,,,5,5645,54,5,8,7,2,1,4,15,,5,34,5,2,4,2,34,2,,Medium,Low,Experienced,1,0,1,Level 1
2284,57,,,,,1,11663,57,27,1,4,1,1,3,15,,8,43,11,1,4,1,19,3,,Very High,Normal,,1,1,0,Level 3
2285,51,,,,,2,10837,62,22,10,0,2,1,2,2,,4,48,11,3,1,2,8,3,,Very High,High,,1,1,0,Level 2
2286,47,,,,,5,18404,86,4,2,4,1,2,2,99,,7,43,8,2,1,4,29,1,,,Normal,Experienced,0,0,0,Level 4
2287,36,,,,,1,13181,83,4,14,5,2,2,2,93,,4,48,1,1,1,1,6,1,,,High,Experienced,0,0,0,Level 3
2288,50,,,,,4,19992,71,19,1,6,3,5,2,2,,9,30,0,3,4,4,37,1,,,Low,,1,1,0,Level 4
2289,27,,,,,4,10525,82,29,14,2,4,3,2,98,,1,53,18,4,2,2,6,1,,Very High,High,,1,0,0,Level 2
2290,59,,,,,5,12274,26,26,1,8,4,1,3,51,,7,34,1,1,1,2,42,4,,,Low,,1,1,0,Level 3
2291,44,,,,,3,7319,88,26,12,2,4,5,1,30,,9,53,19,4,1,2,37,1,,High,High,,1,0,0,Level 2
2292,28,,,,,2,9953,82,22,13,0,1,4,2,34,,5,46,4,3,3,3,12,4,,Very High,High,,1,0,0,Level 2
2293,21,,,,,1,8127,65,28,9,2,3,1,1,49,,4,54,3,1,2,2,10,3,,High,High,,1,0,0,Level 2
2294,34,,,,,4,19997,88,9,12,6,1,1,2,75,,9,46,16,3,1,1,1,3,,,High,Expert,1,0,0,Level 4
2295,22,,,,,2,8971,43,13,10,9,1,5,2,93,,7,48,11,3,4,3,48,3,,High,High,,1,0,0,Level 2
2296,55,,,,,4,11575,43,7,1,0,1,3,3,88,,2,42,12,1,2,4,11,2,,Very High,Normal,Senior,1,1,0,Level 3
2297,23,,,,,4,9038,97,25,4,3,2,4,1,22,,9,41,7,3,4,2,1,4,,Very High,Normal,,1,0,0,Level 2
2298,33,,,,,4,5775,27,28,7,6,3,4,4,80,,5,53,4,1,3,2,32,1,,Medium,High,,1,0,1,Level 1
2299,44,,,,,2,10477,71,22,12,2,2,4,3,64,,3,45,8,1,1,1,16,3,,Very High,Normal,,1,0,0,Level 2
2300,29,,,,,5,9374,60,29,5,6,1,2,4,80,,7,30,16,4,1,3,35,3,,Very High,Low,,1,0,1,Level 2
2301,40,,,,,2,5283,34,18,10,3,3,3,4,58,,2,52,18,1,3,2,41,2,,Medium,High,,1,0,1,Level 1
2302,55,,,,,2,16891,96,22,13,6,4,1,1,34,,9,34,14,4,2,2,3,1,,,Low,,1,1,0,Level 4
2303,31,,,,,3,11413,73,23,5,8,3,3,3,62,,1,43,6,2,4,3,33,3,,Very High,Normal,,1,0,0,Level 3
2304,46,,,,,3,3751,50,18,7,9,1,3,3,17,,5,42,6,3,3,1,20,4,,Medium,Normal,,1,0,0,Level 1
2305,59,,,,,5,17491,15,17,6,4,2,3,1,9,,9,32,3,3,2,3,16,2,,,Low,,1,1,0,Level 4
2306,21,,,,,3,18968,17,29,6,2,3,3,4,46,,5,56,6,4,1,1,16,3,,,High,,1,0,1,Level 4
2307,32,,,,,5,6154,58,22,13,0,3,3,3,32,,7,53,2,3,3,2,44,3,,High,High,,1,0,0,Level 1
2308,51,,,,,4,9718,69,28,8,2,3,2,4,5,,2,57,17,2,4,3,26,2,,Very High,High,,1,1,1,Level 2
2309,50,,,,,4,13328,74,8,10,3,4,5,3,20,,6,52,17,1,3,4,29,4,,,High,Expert,1,1,0,Level 3
2310,35,,,,,2,13525,17,11,9,1,4,3,2,46,,1,31,16,4,1,3,49,2,,,Low,Expert,1,0,0,Level 3
2311,51,,,,,4,13063,99,6,13,3,2,1,4,29,,1,58,1,2,2,4,42,1,,,High,Senior,1,1,1,Level 3
2312,51,,,,,3,8327,77,8,11,4,3,3,1,89,,8,57,18,1,4,4,42,3,,High,High,Expert,1,1,0,Level 2
2313,53,,,,,1,14642,96,22,2,7,4,4,4,70,,1,41,13,1,4,3,48,4,,,Normal,,1,1,1,Level 3
2314,30,,,,,2,4664,45,22,12,4,1,4,4,20,,5,38,4,1,3,4,49,2,,Medium,Normal,,1,0,1,Level 1
2315,29,,,,,5,19785,75,8,12,1,2,4,3,44,,3,35,2,2,2,4,25,3,,,Low,Expert,1,0,0,Level 4
2316,34,,,,,4,11803,63,19,10,0,1,4,4,96,,5,39,8,2,2,4,10,2,,Very High,Normal,,1,0,1,Level 3
2317,36,,,,,2,18535,58,15,4,8,3,3,1,49,,3,47,17,4,2,4,41,4,,,High,,1,0,0,Level 4
2318,59,,,,,2,15644,66,19,10,3,1,4,3,2,,6,45,15,2,3,2,38,4,,,Normal,,1,1,0,Level 3
2319,37,,,,,2,16627,45,6,9,8,1,2,3,75,,1,42,19,2,2,2,46,3,,,Normal,Senior,1,0,0,Level 4
2320,28,,,,,4,10829,86,4,14,8,4,3,2,32,,8,47,16,4,4,4,5,1,,Very High,High,Experienced,0,0,0,Level 2
2321,44,,,,,5,8874,63,23,14,0,2,5,4,87,,1,43,13,4,4,1,7,2,,High,Normal,,1,0,1,Level 2
2322,59,,,,,2,4106,60,27,10,6,2,4,2,70,,7,46,0,4,1,2,7,4,,Medium,High,,1,1,0,Level 1
2323,33,,,,,2,17116,68,7,1,5,2,3,2,57,,3,57,19,3,4,4,15,3,,,High,Senior,1,0,0,Level 4
2324,44,,,,,2,16893,98,25,10,1,3,2,2,71,,8,42,4,2,3,4,13,3,,,Normal,,1,0,0,Level 4
2325,41,,,,,4,11419,25,2,13,9,2,1,3,46,,7,49,8,4,2,1,38,4,,Very High,High,New,0,0,0,Level 3
2326,49,,,,,3,11140,79,27,8,3,2,3,1,36,,5,57,10,1,4,4,10,3,,Very High,High,,1,0,0,Level 2
2327,39,,,,,5,9019,99,2,11,4,4,5,2,53,,1,50,14,4,4,3,14,2,,Very High,High,New,0,0,0,Level 2
2328,40,,,,,2,12441,31,22,1,4,4,1,3,34,,9,59,3,1,1,3,11,4,,,High,,1,0,0,Level 3
2329,51,,,,,2,19827,42,14,11,6,1,4,2,62,,3,38,2,1,3,3,5,1,,,Normal,,1,1,0,Level 4
2330,40,,,,,2,11806,96,9,4,9,4,3,3,6,,7,38,17,3,3,2,29,1,,Very High,Normal,Expert,1,0,0,Level 3
2331,54,,,,,4,18222,88,29,9,1,1,4,4,3,,5,43,9,4,4,4,15,1,,,Normal,,1,1,1,Level 4
2332,51,,,,,3,8932,23,7,4,2,4,1,1,33,,2,31,8,4,3,4,8,3,,High,Low,Senior,1,1,0,Level 2
2333,49,,,,,2,14724,48,22,5,1,4,2,3,38,,7,36,17,4,2,4,44,4,,,Normal,,1,0,0,Level 3
2334,58,,,,,2,12127,34,5,14,6,1,5,2,85,,7,35,1,4,3,3,10,4,,,Low,Experienced,1,1,0,Level 3
2335,31,,,,,4,12936,17,24,13,6,4,3,4,32,,9,34,7,2,1,4,13,2,,,Low,,1,0,1,Level 3
2336,37,,,,,5,15669,15,12,9,8,2,1,1,74,,3,43,1,3,1,4,9,3,,,Normal,,1,0,0,Level 3
2337,40,,,,,5,13878,74,18,8,3,2,1,4,8,,3,58,10,3,2,2,46,2,,,High,,1,0,1,Level 3
2338,32,,,,,3,11713,64,28,1,3,3,3,3,14,,6,33,11,3,3,4,17,1,,Very High,Low,,1,0,0,Level 3
2339,40,,,,,5,7937,22,19,3,5,1,3,3,91,,7,41,9,4,1,1,35,4,,High,Normal,,1,0,0,Level 2
2340,27,,,,,2,4876,32,16,4,2,3,4,3,29,,3,44,0,1,3,1,15,1,,Medium,Normal,,1,0,0,Level 1
2341,59,,,,,4,7032,44,12,3,2,2,3,1,43,,7,51,16,3,1,4,2,1,,High,High,,1,1,0,Level 1
2342,26,,,,,2,5205,36,6,9,8,4,3,3,22,,4,39,13,3,3,2,14,2,,Medium,Normal,Senior,1,0,0,Level 1
2343,42,,,,,2,3546,95,1,6,6,3,1,4,67,,3,47,3,4,3,4,49,4,,Medium,High,New,0,0,1,Level 1
2344,51,,,,,3,13745,23,12,3,8,2,4,3,77,,6,33,19,4,2,3,7,3,,,Low,,1,1,0,Level 3
2345,30,,,,,5,5069,36,24,8,1,2,4,1,82,,4,30,19,1,2,1,1,1,,Medium,Low,,1,0,0,Level 1
2346,41,,,,,5,19066,24,11,9,3,3,5,3,87,,4,45,4,1,3,3,27,4,,,Normal,Expert,1,0,0,Level 4
2347,41,,,,,5,18971,81,11,10,7,4,5,4,56,,9,45,7,4,2,1,49,2,,,Normal,Expert,1,0,1,Level 4
2348,44,,,,,2,3016,95,9,4,8,1,5,4,44,,3,35,15,1,4,3,11,3,,Medium,Low,Expert,1,0,1,Level 1
2349,41,,,,,4,5809,23,2,13,2,3,5,2,99,,1,38,14,3,2,2,19,2,,Medium,Normal,New,0,0,0,Level 1
2350,47,,,,,4,15542,61,29,5,7,4,4,4,70,,5,50,12,1,3,4,24,2,,,High,,1,0,1,Level 3
2351,48,,,,,2,11519,54,25,3,7,1,1,1,17,,1,54,13,2,2,2,29,3,,Very High,High,,1,0,0,Level 3
2352,32,,,,,1,13189,50,21,14,2,1,5,3,44,,8,37,11,4,3,3,7,3,,,Normal,,1,0,0,Level 3
2353,37,,,,,2,8592,33,8,5,7,2,5,4,48,,8,42,13,4,4,4,23,4,,High,Normal,Expert,1,0,1,Level 2
2354,21,,,,,5,5354,16,1,2,5,3,4,3,14,,7,53,3,3,1,1,13,2,,Medium,High,New,0,0,0,Level 1
2355,48,,,,,2,15463,59,1,2,8,1,2,1,46,,1,51,7,2,3,1,36,1,,,High,New,0,0,0,Level 3
2356,40,,,,,1,17648,97,28,11,0,2,1,3,4,,9,40,18,4,3,2,34,3,,,Normal,,1,0,0,Level 4
2357,34,,,,,2,18241,47,12,13,8,1,1,3,99,,4,53,17,1,4,1,44,3,,,High,,1,0,0,Level 4
2358,46,,,,,5,11735,78,4,5,7,1,1,1,61,,6,33,12,4,3,3,3,2,,Very High,Low,Experienced,0,0,0,Level 3
2359,50,,,,,3,18171,40,1,7,9,1,2,4,83,,1,47,14,2,3,2,1,2,,,High,New,0,1,1,Level 4
2360,34,,,,,4,10707,48,12,1,7,2,5,1,6,,2,36,16,2,3,3,3,2,,Very High,Normal,,1,0,0,Level 2
2361,42,,,,,1,10043,77,14,3,7,1,5,4,73,,2,56,15,1,2,2,13,3,,Very High,High,,1,0,1,Level 2
2362,43,,,,,3,5748,42,1,1,9,2,1,1,64,,6,33,17,1,1,3,47,3,,Medium,Low,New,0,0,0,Level 1
2363,32,,,,,4,12548,94,12,8,6,2,2,3,97,,1,39,3,3,2,2,49,1,,,Normal,,1,0,0,Level 3
2364,41,,,,,3,12558,92,5,2,2,1,2,3,86,,4,40,1,2,4,1,26,1,,,Normal,Experienced,1,0,0,Level 3
2365,56,,,,,2,9412,20,2,6,5,1,4,2,93,,1,58,12,1,3,3,18,3,,Very High,High,New,0,1,0,Level 2
2366,52,,,,,2,11377,25,4,11,9,2,4,3,39,,2,39,1,1,3,4,29,3,,Very High,Normal,Experienced,0,1,0,Level 2
2367,22,,,,,4,11103,60,24,6,7,1,5,4,82,,4,35,15,1,3,2,34,2,,Very High,Low,,1,0,1,Level 2
2368,38,,,,,4,6915,34,11,9,7,3,5,3,56,,9,58,9,3,3,2,44,1,,High,High,Expert,1,0,0,Level 1
2369,42,,,,,2,8341,50,22,6,3,4,5,1,32,,1,46,8,3,4,3,13,4,,High,High,,1,0,0,Level 2
2370,48,,,,,2,10940,30,18,10,7,1,1,1,97,,9,42,14,1,2,2,7,2,,Very High,Normal,,1,0,0,Level 2
2371,49,,,,,4,8865,84,19,6,7,1,1,3,79,,8,33,17,2,2,2,44,4,,High,Low,,1,0,0,Level 2
2372,58,,,,,4,12851,86,18,13,0,4,4,3,33,,4,41,5,4,2,2,47,3,,,Normal,,1,1,0,Level 3
2373,44,,,,,4,3037,59,20,11,4,3,5,4,29,,1,49,4,1,2,2,3,3,,Medium,High,,1,0,1,Level 1
2374,56,,,,,5,4978,62,15,1,6,2,5,1,23,,4,31,7,3,2,1,42,4,,Medium,Low,,1,1,0,Level 1
2375,27,,,,,5,17429,18,21,7,7,4,4,1,95,,5,57,10,1,4,2,27,1,,,High,,1,0,0,Level 4
2376,35,,,,,2,18592,62,28,14,8,2,1,4,35,,8,53,3,2,2,3,23,2,,,High,,1,0,1,Level 4
2377,27,,,,,5,13921,98,15,14,5,4,1,2,15,,9,33,7,4,4,2,39,2,,,Low,,1,0,0,Level 3
2378,20,,,,,1,9241,81,9,12,9,2,4,1,82,,7,55,8,2,1,3,46,2,,Very High,High,Expert,1,0,0,Level 2
2379,24,,,,,2,6454,42,23,6,4,2,2,2,57,,5,41,14,3,4,2,22,2,,High,Normal,,1,0,0,Level 1
2380,22,,,,,1,7674,44,8,13,7,3,3,3,2,,6,56,16,2,4,2,1,1,,High,High,Expert,1,0,0,Level 2
2381,20,,,,,3,6360,43,23,14,5,2,3,2,80,,8,44,11,1,4,1,11,4,,High,Normal,,1,0,0,Level 1
2382,23,,,,,1,7298,35,27,8,1,3,4,4,30,,2,49,2,1,2,4,4,2,,High,High,,1,0,1,Level 2
2383,59,,,,,3,16799,56,10,1,8,3,2,4,2,,9,35,19,1,3,2,11,2,,,Low,Expert,1,1,1,Level 4
2384,54,,,,,1,6475,64,8,8,8,1,4,2,11,,5,40,5,1,4,2,17,2,,High,Normal,Expert,1,1,0,Level 1
2385,51,,,,,3,9560,17,29,8,0,2,5,1,37,,7,33,7,4,3,1,18,1,,Very High,Low,,1,1,0,Level 2
2386,53,,,,,3,16062,79,11,1,8,4,2,1,45,,2,46,5,3,3,2,38,1,,,High,Expert,1,1,0,Level 4
2387,44,,,,,2,15905,37,21,11,4,2,5,1,93,,8,43,17,2,4,1,26,1,,,Normal,,1,0,0,Level 4
2388,29,,,,,4,10297,19,19,7,8,1,4,1,61,,2,32,5,2,2,1,4,3,,Very High,Low,,1,0,0,Level 2
2389,40,,,,,4,17084,39,12,7,4,1,1,1,69,,5,37,17,4,4,1,18,4,,,Normal,,1,0,0,Level 4
2390,58,,,,,2,18169,49,7,7,9,2,5,3,76,,4,31,0,2,2,1,47,4,,,Low,Senior,1,1,0,Level 4
2391,46,,,,,3,7233,79,1,12,5,3,1,4,52,,6,53,7,4,1,3,11,1,,High,High,New,0,0,1,Level 2
2392,46,,,,,4,5462,93,3,13,8,4,1,3,33,,9,45,16,1,3,2,36,4,,Medium,Normal,New,0,0,0,Level 1
2393,21,,,,,4,13859,53,23,13,6,4,4,4,4,,7,44,11,1,4,4,10,1,,,Normal,,1,0,1,Level 3
2394,32,,,,,1,19909,32,13,3,3,2,4,3,85,,4,35,0,1,3,2,9,4,,,Low,,1,0,0,Level 4
2395,28,,,,,5,11106,39,4,3,5,1,3,1,72,,8,58,2,1,4,2,31,3,,Very High,High,Experienced,0,0,0,Level 2
2396,55,,,,,2,3462,15,23,11,7,2,5,2,32,,9,54,16,1,1,2,27,2,,Medium,High,,1,1,0,Level 1
2397,41,,,,,5,15308,76,26,8,4,2,1,2,26,,5,31,5,2,3,1,7,1,,,Low,,1,0,0,Level 3
2398,45,,,,,3,8916,23,10,8,3,2,5,2,11,,9,59,14,2,4,3,19,1,,High,High,Expert,1,0,0,Level 2
2399,31,,,,,1,13170,55,6,8,6,3,5,2,17,,7,46,7,1,4,4,44,4,,,High,Senior,1,0,0,Level 3
2400,36,,,,,4,15735,36,4,12,2,3,4,1,46,,8,57,3,2,3,2,32,3,,,High,Experienced,0,0,0,Level 4
2401,33,,,,,1,15542,80,23,3,3,1,5,2,41,,5,47,4,4,4,3,17,3,,,High,,1,0,0,Level 3
2402,33,,,,,2,3302,59,8,4,6,3,3,2,72,,1,50,12,4,1,1,34,4,,Medium,High,Expert,1,0,0,Level 1
2403,53,,,,,3,3776,66,14,12,4,3,2,1,88,,2,36,12,1,1,4,31,4,,Medium,Normal,,1,1,0,Level 1
2404,39,,,,,1,14451,34,24,2,0,1,1,4,29,,8,36,8,4,3,3,31,1,,,Normal,,1,0,1,Level 3
2405,30,,,,,1,3623,26,23,11,5,3,2,2,36,,2,38,0,4,1,2,19,1,,Medium,Normal,,1,0,0,Level 1
2406,35,,,,,1,4459,88,18,3,8,4,2,3,41,,6,50,8,4,1,4,37,3,,Medium,High,,1,0,0,Level 1
2407,50,,,,,4,10030,78,8,5,9,4,1,2,15,,1,38,9,2,2,2,4,1,,Very High,Normal,Expert,1,1,0,Level 2
2408,25,,,,,3,17723,46,5,3,2,1,2,3,26,,5,53,14,3,4,2,30,2,,,High,Experienced,1,0,0,Level 4
2409,38,,,,,4,7775,76,14,4,3,1,5,3,22,,9,53,18,2,2,1,34,4,,High,High,,1,0,0,Level 2
2410,56,,,,,1,4061,19,25,7,9,3,4,1,69,,1,45,8,1,4,4,11,1,,Medium,Normal,,1,1,0,Level 1
2411,23,,,,,4,3287,58,22,3,1,4,3,4,94,,5,50,8,3,4,1,21,4,,Medium,High,,1,0,1,Level 1
2412,23,,,,,4,18081,43,15,1,2,2,3,4,77,,1,34,15,1,4,3,22,2,,,Low,,1,0,1,Level 4
2413,39,,,,,2,10955,47,20,13,4,3,5,3,26,,4,47,15,4,1,3,28,3,,Very High,High,,1,0,0,Level 2
2414,29,,,,,5,4143,27,25,14,5,4,4,2,16,,4,49,11,2,2,3,31,2,,Medium,High,,1,0,0,Level 1
2415,43,,,,,5,9544,64,17,1,1,2,4,1,5,,4,41,6,3,3,3,33,1,,Very High,Normal,,1,0,0,Level 2
2416,54,,,,,2,12615,16,4,4,1,3,2,3,77,,7,34,17,3,3,1,48,4,,,Low,Experienced,0,1,0,Level 3
2417,45,,,,,2,18882,89,27,1,5,3,3,3,82,,9,49,15,1,4,1,20,4,,,High,,1,0,0,Level 4
2418,56,,,,,4,16196,42,21,6,0,3,3,3,9,,8,59,14,2,3,4,2,2,,,High,,1,1,0,Level 4
2419,57,,,,,4,11849,32,20,4,1,4,3,3,44,,5,52,6,4,4,4,3,4,,Very High,High,,1,1,0,Level 3
2420,40,,,,,3,10713,87,13,5,3,2,1,2,55,,9,56,5,2,2,2,29,4,,Very High,High,,1,0,0,Level 2
2421,59,,,,,5,16909,80,15,6,0,4,3,2,30,,9,40,15,4,3,4,10,1,,,Normal,,1,1,0,Level 4
2422,58,,,,,4,11870,60,9,2,4,4,1,1,90,,6,51,18,4,2,1,14,3,,Very High,High,Expert,1,1,0,Level 3
2423,40,,,,,3,5744,31,17,1,2,4,5,1,39,,5,58,18,3,1,4,8,3,,Medium,High,,1,0,0,Level 1
2424,29,,,,,5,4679,47,3,13,9,4,1,3,2,,2,58,18,2,1,4,37,3,,Medium,High,New,0,0,0,Level 1
2425,57,,,,,3,17689,47,9,10,0,2,1,4,46,,9,52,8,1,4,1,39,2,,,High,Expert,1,1,1,Level 4
2426,23,,,,,3,8002,98,28,12,3,1,4,4,91,,1,40,12,4,4,1,2,1,,High,Normal,,1,0,1,Level 2
2427,39,,,,,2,6966,44,23,12,0,4,2,2,23,,8,40,2,1,1,1,14,4,,High,Normal,,1,0,0,Level 1
2428,36,,,,,1,16766,36,21,2,1,2,4,2,10,,3,40,10,3,2,1,42,2,,,Normal,,1,0,0,Level 4
2429,26,,,,,1,9335,67,11,14,9,2,3,3,74,,5,37,15,1,2,2,10,1,,Very High,Normal,Expert,1,0,0,Level 2
2430,23,,,,,1,11784,60,22,6,6,4,4,4,30,,5,45,3,2,4,2,26,4,,Very High,Normal,,1,0,1,Level 3
2431,48,,,,,3,19203,58,20,13,0,2,2,1,46,,7,45,9,4,3,2,40,4,,,Normal,,1,0,0,Level 4
2432,33,,,,,4,16185,89,21,10,5,3,1,4,77,,4,47,11,3,2,2,40,3,,,High,,1,0,1,Level 4
2433,22,,,,,1,12776,48,24,9,3,4,1,4,42,,1,54,3,4,4,2,27,4,,,High,,1,0,1,Level 3
2434,43,,,,,4,7911,42,5,8,5,2,5,3,10,,1,47,15,2,1,2,21,1,,High,High,Experienced,1,0,0,Level 2
2435,56,,,,,5,13806,49,26,10,4,3,5,1,55,,4,48,15,4,3,1,30,1,,,High,,1,1,0,Level 3
2436,35,,,,,1,7207,82,18,11,5,3,2,2,5,,2,54,2,4,1,1,14,4,,High,High,,1,0,0,Level 2
2437,23,,,,,3,7766,23,24,1,4,3,2,3,0,,2,57,9,1,4,1,5,4,,High,High,,1,0,0,Level 2
2438,43,,,,,2,11217,36,12,5,1,3,4,1,75,,2,48,16,3,1,3,15,4,,Very High,High,,1,0,0,Level 2
2439,53,,,,,3,6048,75,19,7,9,2,2,1,1,,4,48,4,1,1,4,12,2,,High,High,,1,1,0,Level 1
2440,49,,,,,4,11813,99,5,8,3,3,4,1,35,,1,41,9,2,3,1,11,1,,Very High,Normal,Experienced,1,0,0,Level 3
2441,37,,,,,5,16377,39,29,7,6,2,5,4,72,,5,54,11,3,4,1,13,3,,,High,,1,0,1,Level 4
2442,38,,,,,3,11908,95,12,1,3,4,4,4,79,,8,36,12,1,2,1,12,3,,Very High,Normal,,1,0,1,Level 3
2443,50,,,,,2,10667,93,27,12,4,4,4,4,40,,2,45,6,1,3,4,19,2,,Very High,Normal,,1,1,1,Level 2
2444,38,,,,,2,10903,55,6,4,1,1,5,3,97,,1,56,17,4,3,3,42,2,,Very High,High,Senior,1,0,0,Level 2
2445,38,,,,,5,9725,21,17,4,2,1,3,3,64,,5,30,18,3,1,4,35,1,,Very High,Low,,1,0,0,Level 2
2446,41,,,,,1,7464,73,14,9,4,3,2,2,32,,2,39,16,4,1,1,46,2,,High,Normal,,1,0,0,Level 2
2447,43,,,,,3,4845,86,3,12,3,1,1,1,65,,4,42,9,3,3,3,49,3,,Medium,Normal,New,0,0,0,Level 1
2448,31,,,,,3,15429,81,1,6,2,1,5,3,92,,4,44,16,3,1,3,38,1,,,Normal,New,0,0,0,Level 3
2449,49,,,,,2,11205,47,23,6,1,1,4,3,72,,3,47,9,4,4,4,31,3,,Very High,High,,1,0,0,Level 2
2450,57,,,,,4,5758,95,13,5,8,3,1,2,7,,6,34,4,2,2,1,43,2,,Medium,Low,,1,1,0,Level 1
2451,50,,,,,3,19914,79,18,5,1,1,2,1,91,,2,48,14,2,2,4,28,1,,,High,,1,1,0,Level 4
2452,55,,,,,2,18162,74,10,9,8,3,1,4,2,,1,36,8,1,4,2,7,1,,,Normal,Expert,1,1,1,Level 4
2453,38,,,,,4,6404,95,23,2,3,2,1,3,43,,1,47,7,1,2,4,16,3,,High,High,,1,0,0,Level 1
2454,55,,,,,1,19766,72,28,10,9,1,2,4,10,,7,31,10,1,2,4,49,4,,,Low,,1,1,1,Level 4
2455,49,,,,,1,18710,58,19,5,8,3,4,3,0,,5,43,19,4,3,2,2,4,,,Normal,,1,0,0,Level 4
2456,52,,,,,2,12481,62,19,1,8,4,4,3,47,,5,49,19,2,1,4,32,3,,,High,,1,1,0,Level 3
2457,37,,,,,2,8068,51,17,5,9,4,3,3,69,,9,51,2,2,2,4,6,2,,High,High,,1,0,0,Level 2
2458,47,,,,,1,16968,39,7,4,4,2,4,2,41,,7,37,3,3,1,4,49,1,,,Normal,Senior,1,0,0,Level 4
2459,30,,,,,2,13229,39,28,4,6,1,3,2,76,,9,42,9,1,4,2,23,4,,,Normal,,1,0,0,Level 3
2460,52,,,,,5,14908,71,8,13,3,1,5,1,44,,5,37,4,2,1,2,30,2,,,Normal,Expert,1,1,0,Level 3
2461,36,,,,,3,13644,27,16,4,9,3,2,2,90,,9,50,14,2,3,3,14,4,,,High,,1,0,0,Level 3
2462,25,,,,,5,14686,91,16,3,3,1,3,1,86,,6,32,1,2,3,3,16,2,,,Low,,1,0,0,Level 3
2463,23,,,,,4,16971,26,27,6,0,1,2,1,33,,1,41,11,1,2,3,13,1,,,Normal,,1,0,0,Level 4
2464,39,,,,,2,6014,77,16,3,9,3,1,3,31,,8,33,10,4,2,1,5,4,,High,Low,,1,0,0,Level 1
2465,46,,,,,2,7174,76,20,6,8,2,2,3,60,,8,42,19,4,4,1,48,3,,High,Normal,,1,0,0,Level 1
2466,34,,,,,4,6104,98,9,6,9,2,2,3,92,,7,41,19,2,4,4,10,4,,High,Normal,Expert,1,0,0,Level 1
2467,25,,,,,3,17017,42,13,11,7,1,2,1,5,,5,46,0,4,1,1,30,1,,,High,,1,0,0,Level 4
2468,33,,,,,1,12905,69,4,10,8,3,1,3,77,,6,48,19,1,3,2,43,2,,,High,Experienced,0,0,0,Level 3
2469,30,,,,,5,15063,89,10,2,0,2,4,3,77,,5,45,5,2,3,3,15,4,,,Normal,Expert,1,0,0,Level 3
2470,58,,,,,3,18814,56,21,9,1,2,3,2,96,,1,45,1,1,1,4,41,3,,,Normal,,1,1,0,Level 4
2471,28,,,,,1,7565,75,27,10,7,2,5,4,87,,2,55,14,3,3,2,32,4,,High,High,,1,0,1,Level 2
2472,45,,,,,1,4538,94,22,8,7,2,2,2,61,,6,52,15,2,1,3,6,2,,Medium,High,,1,0,0,Level 1
2473,35,,,,,2,13804,52,9,14,0,3,2,4,34,,7,58,8,1,1,4,20,3,,,High,Expert,1,0,1,Level 3
2474,24,,,,,4,16225,95,25,13,9,2,3,2,10,,1,41,19,2,4,1,5,3,,,Normal,,1,0,0,Level 4
2475,29,,,,,2,15861,19,24,7,4,4,3,2,13,,8,41,18,4,3,3,43,1,,,Normal,,1,0,0,Level 4
2476,22,,,,,4,11416,98,26,9,5,2,1,4,44,,6,41,16,1,3,3,8,2,,Very High,Normal,,1,0,1,Level 3
2477,32,,,,,2,3846,62,28,8,4,4,3,1,25,,5,44,12,4,4,3,10,3,,Medium,Normal,,1,0,0,Level 1
2478,49,,,,,5,18211,49,18,9,5,4,1,3,89,,3,40,18,4,2,4,29,4,,,Normal,,1,0,0,Level 4
2479,25,,,,,2,17582,62,12,8,6,2,4,2,39,,5,55,13,1,4,3,16,2,,,High,,1,0,0,Level 4
2480,36,,,,,5,7069,28,26,13,9,1,1,1,33,,5,57,17,1,1,2,7,1,,High,High,,1,0,0,Level 1
2481,38,,,,,3,9911,68,10,3,5,2,2,1,78,,9,44,15,1,4,3,42,1,,Very High,Normal,Expert,1,0,0,Level 2
2482,54,,,,,3,12775,40,17,10,2,1,5,3,91,,9,47,7,4,3,3,18,4,,,High,,1,1,0,Level 3
2483,45,,,,,2,15912,57,12,1,5,2,2,1,94,,8,31,10,3,2,4,31,2,,,Low,,1,0,0,Level 4
2484,24,,,,,3,12478,56,2,11,8,3,1,1,65,,7,44,14,2,1,4,29,1,,,Normal,New,0,0,0,Level 3
2485,48,,,,,1,3057,32,14,6,5,3,2,1,21,,7,32,0,2,2,3,37,2,,Medium,Low,,1,0,0,Level 1
2486,56,,,,,5,12876,69,6,12,5,4,4,2,40,,6,52,14,1,4,4,2,3,,,High,Senior,1,1,0,Level 3
2487,39,,,,,4,9869,64,11,14,4,3,4,2,58,,5,49,16,3,4,3,20,4,,Very High,High,Expert,1,0,0,Level 2
2488,40,,,,,5,19171,35,14,3,0,1,5,2,98,,3,57,5,1,2,1,40,3,,,High,,1,0,0,Level 4
2489,29,,,,,2,4304,48,23,3,4,1,5,4,81,,4,39,13,1,1,2,7,3,,Medium,Normal,,1,0,1,Level 1
2490,24,,,,,3,9003,54,14,6,0,4,4,4,31,,6,57,15,1,2,3,46,4,,Very High,High,,1,0,1,Level 2
2491,55,,,,,3,19796,44,6,10,7,2,4,3,34,,7,51,0,1,2,4,26,1,,,High,Senior,1,1,0,Level 4
2492,25,,,,,1,8136,84,1,12,0,3,2,4,69,,2,56,9,2,1,1,37,3,,High,High,New,0,0,1,Level 2
2493,45,,,,,3,5777,39,17,9,7,2,4,3,3,,3,49,18,2,4,2,14,4,,Medium,High,,1,0,0,Level 1
2494,23,,,,,2,3739,83,17,14,3,2,1,4,93,,7,41,14,1,1,2,22,3,,Medium,Normal,,1,0,1,Level 1
2495,58,,,,,2,18783,43,17,5,2,3,2,3,75,,7,45,17,3,3,2,42,3,,,Normal,,1,1,0,Level 4
2496,58,,,,,4,10585,81,10,1,3,2,3,2,7,,8,33,6,2,2,2,48,3,,Very High,Low,Expert,1,1,0,Level 2
2497,54,,,,,5,16753,71,10,10,1,1,5,1,52,,9,40,17,4,4,4,15,4,,,Normal,Expert,1,1,0,Level 4
2498,20,,,,,5,8621,61,14,7,2,4,5,1,84,,9,31,17,1,1,1,41,1,,High,Low,,1,0,0,Level 2
2499,43,,,,,5,15367,31,1,14,3,1,5,3,30,,1,43,0,2,4,4,20,3,,,Normal,New,0,0,0,Level 3
2500,55,,,,,4,4503,63,2,9,8,3,2,3,21,,1,39,6,3,1,2,26,4,,Medium,Normal,New,0,1,0,Level 1
2501,25,,,,,4,3827,64,18,10,9,3,4,2,13,,6,49,19,2,1,1,48,4,,Medium,High,,1,0,0,Level 1
2502,50,,,,,4,18089,98,20,2,1,3,1,4,72,,1,51,4,3,4,4,42,3,,,High,,1,1,1,Level 4
2503,39,,,,,1,12809,19,3,9,2,3,3,3,32,,9,52,11,1,4,3,21,4,,,High,New,0,0,0,Level 3
2504,43,,,,,4,16355,27,4,5,3,2,5,2,15,,1,32,9,1,2,4,31,4,,,Low,Experienced,0,0,0,Level 4
2505,44,,,,,3,12876,77,5,13,2,2,2,4,17,,5,49,6,2,4,1,46,4,,,High,Experienced,1,0,1,Level 3
2506,55,,,,,1,16947,53,20,1,2,4,1,3,15,,1,37,6,1,3,4,33,3,,,Normal,,1,1,0,Level 4
2507,40,,,,,3,8632,82,3,4,8,3,4,1,29,,5,52,18,2,4,2,40,3,,High,High,New,0,0,0,Level 2
2508,49,,,,,5,11886,59,3,8,4,3,3,4,11,,4,56,11,1,4,4,5,3,,Very High,High,New,0,0,1,Level 3
2509,43,,,,,2,19374,31,4,3,8,2,5,1,13,,6,32,8,4,1,2,45,3,,,Low,Experienced,0,0,0,Level 4
2510,49,,,,,5,19282,73,6,5,5,2,4,2,93,,8,31,11,2,3,4,30,1,,,Low,Senior,1,0,0,Level 4
2511,41,,,,,4,8523,94,7,2,9,1,2,1,84,,9,43,13,4,3,2,33,2,,High,Normal,Senior,1,0,0,Level 2
2512,47,,,,,2,12438,73,4,5,7,4,5,1,5,,5,30,11,4,3,4,23,3,,,Low,Experienced,0,0,0,Level 3
2513,26,,,,,5,11591,22,24,14,0,2,2,4,23,,8,46,14,4,3,2,21,1,,Very High,High,,1,0,1,Level 3
2514,54,,,,,1,18821,44,15,12,7,4,4,1,12,,6,42,14,1,3,1,39,4,,,Normal,,1,1,0,Level 4
2515,47,,,,,4,18391,17,6,9,0,3,3,2,51,,8,45,16,2,1,2,31,3,,,Normal,Senior,1,0,0,Level 4
2516,33,,,,,5,3287,31,5,12,8,3,5,3,91,,5,50,7,3,2,2,30,3,,Medium,High,Experienced,1,0,0,Level 1
2517,29,,,,,2,18796,65,8,3,2,1,5,3,80,,8,59,1,4,4,1,7,3,,,High,Expert,1,0,0,Level 4
2518,35,,,,,3,7532,38,6,7,8,1,1,4,73,,6,35,8,3,4,2,20,3,,High,Low,Senior,1,0,1,Level 2
2519,35,,,,,5,13369,94,17,13,7,1,5,4,76,,9,54,3,2,4,4,1,4,,,High,,1,0,1,Level 3
2520,50,,,,,1,3440,78,16,6,6,2,1,2,96,,4,55,17,4,2,1,16,4,,Medium,High,,1,1,0,Level 1
2521,44,,,,,2,7885,98,11,2,0,4,4,3,70,,1,45,2,4,1,1,37,2,,High,Normal,Expert,1,0,0,Level 2
2522,32,,,,,5,4268,88,1,14,6,2,4,1,68,,1,58,12,3,3,4,24,1,,Medium,High,New,0,0,0,Level 1
2523,25,,,,,3,9864,85,14,7,1,3,3,1,96,,3,59,19,4,1,4,45,4,,Very High,High,,1,0,0,Level 2
2524,28,,,,,4,17565,63,13,10,1,3,4,1,97,,5,52,10,3,2,2,34,1,,,High,,1,0,0,Level 4
2525,55,,,,,4,3185,34,10,4,8,1,3,2,13,,4,30,0,4,4,1,20,3,,Medium,Low,Expert,1,1,0,Level 1
2526,39,,,,,4,19348,91,10,14,8,1,2,2,84,,8,47,11,1,4,3,19,1,,,High,Expert,1,0,0,Level 4
2527,37,,,,,2,13640,43,22,6,0,4,1,1,81,,8,52,11,3,3,4,8,4,,,High,,1,0,0,Level 3
2528,40,,,,,3,6543,24,8,7,6,2,2,2,77,,2,58,16,3,2,3,11,3,,High,High,Expert,1,0,0,Level 1
2529,23,,,,,3,12671,23,9,9,4,3,3,2,90,,5,45,5,1,1,1,32,4,,,Normal,Expert,1,0,0,Level 3
2530,52,,,,,5,7886,85,4,7,5,3,5,2,38,,6,42,6,4,2,2,3,4,,High,Normal,Experienced,0,1,0,Level 2
2531,46,,,,,4,7640,77,11,3,0,1,1,1,47,,9,30,3,1,1,1,40,3,,High,Low,Expert,1,0,0,Level 2
2532,26,,,,,2,4144,47,23,9,5,2,2,2,25,,2,44,13,2,2,4,40,4,,Medium,Normal,,1,0,0,Level 1
2533,25,,,,,4,3634,38,9,13,0,3,2,4,27,,9,58,7,3,1,4,19,2,,Medium,High,Expert,1,0,1,Level 1
2534,34,,,,,4,10577,94,12,6,3,3,2,4,64,,4,31,17,4,4,1,26,3,,Very High,Low,,1,0,1,Level 2
2535,37,,,,,5,15853,46,13,4,1,2,4,2,12,,7,51,7,2,2,2,4,1,,,High,,1,0,0,Level 4
2536,51,,,,,5,19916,18,8,12,1,1,5,1,98,,8,30,18,4,1,1,36,4,,,Low,Expert,1,1,0,Level 4
2537,30,,,,,5,15841,76,28,10,0,4,2,3,85,,9,55,13,1,4,1,25,2,,,High,,1,0,0,Level 4
2538,39,,,,,1,3952,92,13,5,6,1,2,1,44,,2,50,4,4,4,4,33,2,,Medium,High,,1,0,0,Level 1
2539,43,,,,,1,5805,36,24,10,1,2,2,1,2,,7,45,0,4,1,1,14,3,,Medium,Normal,,1,0,0,Level 1
2540,34,,,,,2,17363,37,1,1,6,2,5,2,49,,5,47,13,2,4,4,7,3,,,High,New,0,0,0,Level 4
2541,26,,,,,2,9782,40,26,12,1,2,2,3,84,,1,49,4,1,2,2,26,3,,Very High,High,,1,0,0,Level 2
2542,40,,,,,5,14407,63,22,4,6,3,1,2,0,,1,40,5,1,4,2,16,3,,,Normal,,1,0,0,Level 3
2543,45,,,,,3,8212,58,11,14,3,2,4,4,98,,8,42,13,4,2,2,12,1,,High,Normal,Expert,1,0,1,Level 2
2544,33,,,,,2,7130,36,25,3,8,4,4,2,51,,5,41,12,2,4,3,31,1,,High,Normal,,1,0,0,Level 1
2545,56,,,,,1,13765,81,24,6,0,1,2,3,37,,9,44,12,1,4,1,24,1,,,Normal,,1,1,0,Level 3
2546,40,,,,,1,6386,56,2,9,2,3,5,3,9,,2,45,14,2,3,1,8,4,,High,Normal,New,0,0,0,Level 1
2547,37,,,,,4,14069,66,5,13,4,2,5,4,87,,4,56,14,3,1,4,37,4,,,High,Experienced,1,0,1,Level 3
2548,24,,,,,5,12929,31,11,3,6,2,3,1,62,,6,30,1,2,4,2,12,4,,,Low,Expert,1,0,0,Level 3
2549,22,,,,,3,14073,28,4,14,6,2,3,1,51,,6,48,2,3,2,1,36,3,,,High,Experienced,0,0,0,Level 3
2550,42,,,,,5,19149,78,8,12,5,4,1,1,7,,6,44,15,3,1,2,14,1,,,Normal,Expert,1,0,0,Level 4
2551,45,,,,,1,16294,59,25,5,4,4,1,2,57,,5,37,13,4,2,2,19,2,,,Normal,,1,0,0,Level 4
2552,56,,,,,3,13727,78,12,2,4,1,5,2,48,,7,35,1,1,1,3,44,2,,,Low,,1,1,0,Level 3
2553,43,,,,,2,9090,44,3,9,3,1,1,3,3,,7,46,16,2,3,4,10,2,,Very High,High,New,0,0,0,Level 2
2554,38,,,,,4,8495,27,25,8,8,4,3,3,33,,5,57,19,2,3,1,16,2,,High,High,,1,0,0,Level 2
2555,44,,,,,1,15147,40,17,10,7,4,5,1,31,,3,48,17,1,2,1,47,4,,,High,,1,0,0,Level 3
2556,40,,,,,4,6552,46,23,4,8,4,3,2,24,,9,34,8,3,4,4,11,4,,High,Low,,1,0,0,Level 1
2557,31,,,,,5,9547,60,8,11,6,1,2,3,30,,7,57,19,3,1,1,43,4,,Very High,High,Expert,1,0,0,Level 2
2558,52,,,,,3,13996,65,6,8,4,3,2,4,9,,2,53,18,3,1,4,48,4,,,High,Senior,1,1,1,Level 3
2559,23,,,,,5,12739,48,4,10,9,1,1,1,34,,3,40,16,1,3,4,33,1,,,Normal,Experienced,0,0,0,Level 3
2560,26,,,,,4,19777,90,4,4,1,2,3,2,39,,9,47,13,3,1,3,37,3,,,High,Experienced,0,0,0,Level 4
2561,41,,,,,1,19487,42,7,2,3,1,5,4,76,,4,59,12,4,1,1,8,2,,,High,Senior,1,0,1,Level 4
2562,52,,,,,4,16297,33,10,9,5,4,5,4,59,,5,44,5,4,4,3,27,4,,,Normal,Expert,1,1,1,Level 4
2563,36,,,,,1,4743,62,6,2,7,3,1,1,77,,1,31,2,4,2,1,30,4,,Medium,Low,Senior,1,0,0,Level 1
2564,43,,,,,4,16536,86,4,1,4,1,3,3,67,,4,45,2,2,4,4,12,3,,,Normal,Experienced,0,0,0,Level 4
2565,53,,,,,5,8436,48,21,1,8,3,1,2,99,,9,37,17,2,3,3,28,4,,High,Normal,,1,1,0,Level 2
2566,47,,,,,4,3421,30,10,14,3,2,5,4,2,,9,46,1,3,4,4,13,4,,Medium,High,Expert,1,0,1,Level 1
2567,58,,,,,2,9416,85,20,13,5,3,2,1,66,,2,41,3,4,1,3,9,1,,Very High,Normal,,1,1,0,Level 2
2568,41,,,,,5,17582,41,17,3,3,1,3,1,2,,2,47,11,4,3,4,43,2,,,High,,1,0,0,Level 4
2569,36,,,,,4,9808,65,20,10,5,2,1,1,63,,9,44,3,2,3,4,25,4,,Very High,Normal,,1,0,0,Level 2
2570,53,,,,,4,7713,98,6,7,9,1,2,2,47,,2,56,17,1,1,2,25,1,,High,High,Senior,1,1,0,Level 2
2571,25,,,,,3,6177,68,11,6,2,4,4,1,52,,6,42,8,4,1,1,44,1,,High,Normal,Expert,1,0,0,Level 1
2572,25,,,,,5,6776,31,18,12,7,1,3,3,7,,5,54,12,3,1,2,16,1,,High,High,,1,0,0,Level 1
2573,53,,,,,3,19243,86,23,13,3,4,5,2,46,,2,59,15,2,2,2,10,3,,,High,,1,1,0,Level 4
2574,20,,,,,5,15598,82,9,3,6,2,5,3,60,,7,56,0,2,3,4,25,4,,,High,Expert,1,0,0,Level 3
2575,29,,,,,1,17980,15,12,5,9,2,4,4,26,,9,37,15,4,3,1,6,4,,,Normal,,1,0,1,Level 4
2576,40,,,,,5,19633,28,11,10,7,1,3,1,72,,2,46,12,1,1,4,40,2,,,High,Expert,1,0,0,Level 4
2577,24,,,,,5,14659,21,26,6,8,2,1,2,69,,2,52,18,1,4,4,31,1,,,High,,1,0,0,Level 3
2578,21,,,,,4,8051,78,18,10,1,1,3,2,19,,5,44,15,1,1,2,1,4,,High,Normal,,1,0,0,Level 2
2579,41,,,,,2,9111,86,23,2,2,3,3,4,99,,7,51,10,4,4,4,14,2,,Very High,High,,1,0,1,Level 2
2580,21,,,,,5,7391,22,2,3,8,3,4,3,9,,1,47,19,4,2,1,14,2,,High,High,New,0,0,0,Level 2
2581,29,,,,,3,10787,68,16,13,6,1,5,1,27,,4,49,6,2,1,1,14,1,,Very High,High,,1,0,0,Level 2
2582,53,,,,,2,7905,38,9,4,6,3,2,2,67,,9,34,5,3,3,4,49,4,,High,Low,Expert,1,1,0,Level 2
2583,35,,,,,5,5336,69,16,8,3,4,5,1,51,,1,39,18,3,3,2,47,3,,Medium,Normal,,1,0,0,Level 1
2584,58,,,,,2,6917,15,12,13,0,4,3,1,1,,7,36,7,2,2,4,32,4,,High,Normal,,1,1,0,Level 1
2585,41,,,,,1,15808,86,17,11,7,1,5,2,37,,5,33,16,3,3,4,25,2,,,Low,,1,0,0,Level 4
2586,31,,,,,2,4114,83,13,1,9,2,4,1,0,,3,42,18,2,3,2,16,4,,Medium,Normal,,1,0,0,Level 1
2587,43,,,,,1,16010,46,4,9,8,3,2,4,42,,5,53,13,3,1,2,49,1,,,High,Experienced,0,0,1,Level 4
2588,59,,,,,2,9040,15,13,1,3,4,2,2,57,,5,57,16,2,1,1,10,4,,Very High,High,,1,1,0,Level 2
2589,57,,,,,2,10967,80,12,12,0,2,1,3,63,,3,31,18,4,4,2,48,2,,Very High,Low,,1,1,0,Level 2
2590,29,,,,,3,15763,56,2,3,8,4,5,4,2,,9,50,8,4,2,3,48,1,,,High,New,0,0,1,Level 4
2591,54,,,,,3,17443,93,17,3,4,4,5,4,68,,2,32,1,2,1,3,14,3,,,Low,,1,1,1,Level 4
2592,51,,,,,4,13168,23,15,9,5,1,4,3,7,,1,53,1,4,4,4,26,1,,,High,,1,1,0,Level 3
2593,26,,,,,2,17924,90,13,3,1,1,5,4,15,,8,37,1,2,3,2,41,3,,,Normal,,1,0,1,Level 4
2594,40,,,,,1,12788,88,2,3,4,3,4,2,75,,3,53,1,2,1,4,32,2,,,High,New,0,0,0,Level 3
2595,39,,,,,2,4145,38,26,2,0,4,1,2,83,,2,35,16,2,4,1,49,2,,Medium,Low,,1,0,0,Level 1
2596,45,,,,,5,4627,33,6,4,2,4,3,1,13,,1,35,16,4,3,2,41,1,,Medium,Low,Senior,1,0,0,Level 1
2597,23,,,,,1,13050,65,21,11,0,2,5,2,91,,7,55,9,4,3,1,12,2,,,High,,1,0,0,Level 3
2598,41,,,,,5,12674,95,12,8,0,1,3,3,32,,7,38,7,1,3,4,9,1,,,Normal,,1,0,0,Level 3
2599,34,,,,,4,19753,16,29,6,8,1,1,1,42,,4,50,3,3,2,2,18,2,,,High,,1,0,0,Level 4
2600,59,,,,,5,17264,24,1,1,5,4,5,4,41,,5,45,8,1,3,1,2,1,,,Normal,New,0,1,1,Level 4
2601,40,,,,,4,19958,83,15,5,7,2,5,3,45,,1,41,13,3,1,4,5,3,,,Normal,,1,0,0,Level 4
2602,34,,,,,4,18759,20,3,13,4,2,3,3,46,,3,45,7,2,3,4,2,1,,,Normal,New,0,0,0,Level 4
2603,41,,,,,4,19088,76,28,12,8,1,1,3,87,,1,39,13,2,4,1,22,4,,,Normal,,1,0,0,Level 4
2604,47,,,,,5,8504,80,10,11,3,2,1,1,1,,9,33,6,3,1,4,2,1,,High,Low,Expert,1,0,0,Level 2
2605,33,,,,,4,11020,22,6,10,9,4,3,3,69,,1,48,17,3,1,3,2,3,,Very High,High,Senior,1,0,0,Level 2
2606,46,,,,,4,17404,82,5,11,7,3,3,3,32,,7,41,3,3,4,2,25,1,,,Normal,Experienced,1,0,0,Level 4
2607,59,,,,,3,5572,73,22,8,5,2,5,3,68,,5,47,16,3,4,4,21,3,,Medium,High,,1,1,0,Level 1
2608,47,,,,,2,15271,64,8,1,9,3,1,4,58,,4,58,5,4,4,1,28,1,,,High,Expert,1,0,1,Level 3
2609,45,,,,,4,12348,50,6,6,4,4,2,2,43,,4,44,5,2,4,3,45,1,,,Normal,Senior,1,0,0,Level 3
2610,21,,,,,1,10193,22,11,11,4,2,1,3,87,,4,55,7,4,4,4,12,1,,Very High,High,Expert,1,0,0,Level 2
2611,44,,,,,1,11950,31,14,7,2,4,5,4,27,,9,54,7,2,4,2,45,1,,Very High,High,,1,0,1,Level 3
2612,22,,,,,3,5748,73,21,13,3,1,3,1,47,,6,54,18,2,3,4,30,2,,Medium,High,,1,0,0,Level 1
2613,27,,,,,5,8405,92,27,5,9,1,5,2,63,,6,37,11,2,2,3,13,1,,High,Normal,,1,0,0,Level 2
2614,52,,,,,5,18805,22,20,4,4,2,2,3,96,,1,57,16,4,3,2,25,1,,,High,,1,1,0,Level 4
2615,54,,,,,5,12021,92,5,14,8,2,1,2,57,,7,33,12,1,2,2,4,3,,,Low,Experienced,1,1,0,Level 3
2616,25,,,,,4,12040,57,13,7,9,4,2,1,17,,8,59,14,2,2,3,15,2,,,High,,1,0,0,Level 3
2617,58,,,,,5,10899,77,27,9,2,1,1,2,88,,2,59,3,3,2,4,32,2,,Very High,High,,1,1,0,Level 2
2618,42,,,,,5,9981,95,9,4,4,2,5,4,36,,4,39,11,4,2,4,1,1,,Very High,Normal,Expert,1,0,1,Level 2
2619,44,,,,,2,7344,26,10,3,8,1,2,4,28,,5,49,16,1,1,2,28,3,,High,High,Expert,1,0,1,Level 2
2620,38,,,,,4,16402,98,11,14,0,1,5,1,51,,7,33,14,3,3,3,22,2,,,Low,Expert,1,0,0,Level 4
2621,24,,,,,4,10203,70,6,10,4,1,5,3,60,,3,43,14,4,4,1,31,3,,Very High,Normal,Senior,1,0,0,Level 2
2622,30,,,,,1,16318,63,21,4,3,3,5,2,76,,8,51,19,1,2,3,31,3,,,High,,1,0,0,Level 4
2623,31,,,,,1,12721,66,27,5,0,4,2,2,52,,2,33,2,1,4,4,8,1,,,Low,,1,0,0,Level 3
2624,29,,,,,2,8440,25,27,9,0,3,1,1,79,,9,42,12,3,4,1,32,3,,High,Normal,,1,0,0,Level 2
2625,27,,,,,3,13441,41,24,11,6,3,5,3,76,,5,38,17,1,4,4,28,1,,,Normal,,1,0,0,Level 3
2626,43,,,,,4,5892,76,5,1,5,1,5,1,19,,4,58,2,2,1,3,13,4,,Medium,High,Experienced,1,0,0,Level 1
2627,47,,,,,1,9687,23,5,9,0,1,3,2,66,,5,35,11,1,4,1,35,3,,Very High,Low,Experienced,1,0,0,Level 2
2628,55,,,,,5,9304,96,16,9,3,2,3,1,42,,4,55,13,2,1,3,15,2,,Very High,High,,1,1,0,Level 2
2629,56,,,,,4,18389,50,24,8,6,3,2,1,57,,6,40,13,1,3,3,13,1,,,Normal,,1,1,0,Level 4
2630,40,,,,,4,7454,60,25,13,5,1,4,3,13,,5,30,14,3,4,1,29,3,,High,Low,,1,0,0,Level 2
2631,27,,,,,4,5171,98,8,10,9,2,5,4,11,,4,45,8,1,4,3,47,3,,Medium,Normal,Expert,1,0,1,Level 1
2632,28,,,,,1,11469,43,15,8,1,4,2,2,32,,5,31,5,1,2,1,44,2,,Very High,Low,,1,0,0,Level 3
2633,34,,,,,2,7621,82,15,8,8,2,1,1,80,,2,49,18,1,1,2,30,3,,High,High,,1,0,0,Level 2
2634,59,,,,,1,15905,93,9,4,9,3,2,3,81,,2,32,12,1,4,1,49,1,,,Low,Expert,1,1,0,Level 4
2635,37,,,,,5,3269,55,15,13,2,3,5,4,11,,9,37,10,4,2,3,24,2,,Medium,Normal,,1,0,1,Level 1
2636,39,,,,,5,16825,42,25,7,1,3,1,2,44,,5,48,10,1,1,3,15,2,,,High,,1,0,0,Level 4
2637,25,,,,,3,8226,78,8,14,0,1,3,3,25,,8,40,15,1,4,2,40,3,,High,Normal,Expert,1,0,0,Level 2
2638,31,,,,,1,8253,38,14,2,2,1,5,3,27,,9,59,15,3,2,2,31,3,,High,High,,1,0,0,Level 2
2639,21,,,,,1,16720,30,7,3,5,4,3,3,76,,1,42,11,2,1,2,25,4,,,Normal,Senior,1,0,0,Level 4
2640,26,,,,,3,16762,36,29,8,9,3,5,2,11,,3,45,5,3,3,2,40,4,,,Normal,,1,0,0,Level 4
2641,35,,,,,3,11726,61,23,4,0,2,1,2,56,,8,43,10,3,3,2,19,1,,Very High,Normal,,1,0,0,Level 3
2642,22,,,,,4,5398,31,12,10,1,1,5,3,3,,2,31,9,2,4,3,39,1,,Medium,Low,,1,0,0,Level 1
2643,22,,,,,4,10232,15,1,11,8,1,5,2,83,,8,58,2,3,1,4,9,3,,Very High,High,New,0,0,0,Level 2
2644,46,,,,,5,16505,45,15,6,0,3,2,4,56,,1,34,16,2,3,4,2,3,,,Low,,1,0,1,Level 4
2645,59,,,,,2,18658,26,7,12,0,1,4,4,9,,6,44,18,1,3,1,47,4,,,Normal,Senior,1,1,1,Level 4
2646,57,,,,,5,11655,34,15,14,8,3,2,3,48,,6,43,9,1,1,3,10,1,,Very High,Normal,,1,1,0,Level 3
2647,52,,,,,1,3022,33,10,11,2,4,4,4,44,,9,54,15,2,3,2,14,4,,Medium,High,Expert,1,1,1,Level 1
2648,47,,,,,2,11880,19,6,8,5,1,4,3,46,,5,42,10,2,4,4,46,4,,Very High,Normal,Senior,1,0,0,Level 3
2649,20,,,,,4,4286,29,16,8,2,2,1,1,73,,8,33,3,1,3,4,47,2,,Medium,Low,,1,0,0,Level 1
2650,27,,,,,3,6860,39,14,5,1,1,5,2,27,,7,32,6,2,4,3,2,1,,High,Low,,1,0,0,Level 1
2651,56,,,,,3,13274,49,12,11,2,4,3,3,11,,7,45,8,3,4,1,35,4,,,Normal,,1,1,0,Level 3
2652,51,,,,,5,13726,69,17,14,9,3,5,3,21,,1,39,17,2,4,4,49,2,,,Normal,,1,1,0,Level 3
2653,56,,,,,1,17290,77,10,7,3,2,4,1,63,,8,58,16,3,2,2,11,4,,,High,Expert,1,1,0,Level 4
2654,23,,,,,1,5377,61,29,1,0,4,4,4,84,,6,39,3,3,2,4,22,3,,Medium,Normal,,1,0,1,Level 1
2655,49,,,,,3,19236,81,10,5,2,2,1,4,44,,2,37,11,1,2,1,9,4,,,Normal,Expert,1,0,1,Level 4
2656,25,,,,,5,12696,96,8,3,6,3,2,1,14,,3,38,11,1,3,3,49,4,,,Normal,Expert,1,0,0,Level 3
2657,38,,,,,5,16704,78,25,13,1,4,4,4,79,,7,51,14,3,1,1,45,4,,,High,,1,0,1,Level 4
2658,51,,,,,4,8392,36,11,4,6,2,4,3,63,,9,48,16,1,2,4,42,4,,High,High,Expert,1,1,0,Level 2
2659,28,,,,,4,15216,94,27,1,3,1,2,4,65,,5,54,18,1,2,2,44,2,,,High,,1,0,1,Level 3
2660,31,,,,,4,12881,93,18,1,6,2,3,4,49,,2,34,2,3,2,4,6,2,,,Low,,1,0,1,Level 3
2661,30,,,,,2,14837,83,13,3,2,4,2,4,78,,1,55,4,3,4,2,13,4,,,High,,1,0,1,Level 3
2662,35,,,,,5,9224,91,20,4,6,2,2,3,78,,2,54,2,2,3,3,33,2,,Very High,High,,1,0,0,Level 2
2663,20,,,,,5,11689,88,16,13,9,2,2,1,86,,6,36,12,1,3,4,35,2,,Very High,Normal,,1,0,0,Level 3
2664,40,,,,,4,4565,94,27,3,6,1,4,1,81,,9,32,19,3,3,3,5,2,,Medium,Low,,1,0,0,Level 1
2665,49,,,,,3,7620,16,23,2,2,4,3,2,92,,2,50,16,2,4,1,35,3,,High,High,,1,0,0,Level 2
2666,32,,,,,4,15408,39,14,11,5,4,1,1,42,,7,42,11,1,1,4,38,3,,,Normal,,1,0,0,Level 3
2667,53,,,,,2,15509,75,12,7,8,2,1,2,32,,5,32,15,1,1,4,36,1,,,Low,,1,1,0,Level 3
2668,23,,,,,3,7956,19,13,10,6,1,1,4,92,,2,30,0,1,3,4,8,2,,High,Low,,1,0,1,Level 2
2669,47,,,,,5,9765,42,27,9,4,2,5,1,36,,6,47,8,1,1,4,20,1,,Very High,High,,1,0,0,Level 2
2670,57,,,,,2,14911,95,13,11,0,3,5,4,16,,4,45,7,3,3,4,18,3,,,Normal,,1,1,1,Level 3
2671,50,,,,,2,18467,80,16,3,7,4,1,4,25,,4,40,9,2,4,1,10,1,,,Normal,,1,1,1,Level 4
2672,46,,,,,3,18696,29,1,9,3,4,3,4,42,,5,44,15,4,4,1,44,1,,,Normal,New,0,0,1,Level 4
2673,24,,,,,4,9670,69,24,8,1,1,2,3,57,,1,54,10,4,4,4,28,4,,Very High,High,,1,0,0,Level 2
2674,44,,,,,4,17530,52,12,5,8,4,2,2,8,,5,37,4,2,3,1,2,3,,,Normal,,1,0,0,Level 4
2675,22,,,,,1,13500,37,9,14,2,1,4,2,20,,2,57,11,3,2,3,25,1,,,High,Expert,1,0,0,Level 3
2676,52,,,,,3,16527,96,13,11,5,4,4,3,64,,8,30,15,3,1,2,1,3,,,Low,,1,1,0,Level 4
2677,23,,,,,4,15036,28,13,12,2,1,4,4,62,,9,46,18,4,2,4,27,2,,,High,,1,0,1,Level 3
2678,44,,,,,2,16210,46,8,6,6,2,2,3,72,,9,57,13,1,2,1,7,4,,,High,Expert,1,0,0,Level 4
2679,39,,,,,4,6184,58,18,1,1,1,5,1,26,,6,48,12,2,4,4,34,2,,High,High,,1,0,0,Level 1
2680,53,,,,,4,8748,84,24,13,3,3,5,2,77,,9,45,11,3,3,1,37,2,,High,Normal,,1,1,0,Level 2
2681,45,,,,,2,11531,96,24,6,9,3,1,4,35,,7,48,3,3,1,2,42,4,,Very High,High,,1,0,1,Level 3
2682,24,,,,,3,13286,72,18,9,8,2,4,4,58,,3,46,1,2,2,1,10,2,,,High,,1,0,1,Level 3
2683,54,,,,,1,7925,18,27,7,7,1,5,4,94,,7,41,17,4,2,4,36,3,,High,Normal,,1,1,1,Level 2
2684,47,,,,,4,16100,76,9,9,7,2,4,4,45,,7,39,2,2,1,1,35,2,,,Normal,Expert,1,0,1,Level 4
2685,48,,,,,4,19872,74,1,5,7,3,2,3,98,,3,46,10,2,4,3,38,4,,,High,New,0,0,0,Level 4
2686,28,,,,,4,12537,89,7,14,6,4,3,2,29,,4,59,3,1,2,2,10,3,,,High,Senior,1,0,0,Level 3
2687,57,,,,,3,11982,73,13,5,5,2,4,2,81,,5,39,18,4,2,2,16,3,,Very High,Normal,,1,1,0,Level 3
2688,25,,,,,2,14708,89,15,5,7,3,1,1,16,,7,42,2,2,4,1,20,4,,,Normal,,1,0,0,Level 3
2689,38,,,,,2,15380,43,2,6,6,3,3,2,80,,5,59,6,2,4,2,34,4,,,High,New,0,0,0,Level 3
2690,30,,,,,2,8277,33,24,14,0,2,3,1,51,,8,48,16,4,4,2,10,4,,High,High,,1,0,0,Level 2
2691,21,,,,,2,15425,31,8,4,5,3,5,4,46,,2,30,10,2,2,3,9,4,,,Low,Expert,1,0,1,Level 3
2692,28,,,,,2,9433,18,20,10,7,3,3,2,91,,5,54,12,4,4,3,47,2,,Very High,High,,1,0,0,Level 2
2693,40,,,,,2,17400,58,24,14,4,3,1,2,87,,7,41,3,3,4,4,24,1,,,Normal,,1,0,0,Level 4
2694,43,,,,,4,10941,18,5,14,5,1,5,2,36,,9,33,8,2,1,4,5,3,,Very High,Low,Experienced,1,0,0,Level 2
2695,53,,,,,4,16248,73,9,9,1,3,3,1,98,,2,45,17,4,1,3,38,2,,,Normal,Expert,1,1,0,Level 4
2696,41,,,,,2,19260,26,17,7,1,2,3,1,91,,8,43,1,2,4,3,5,4,,,Normal,,1,0,0,Level 4
2697,22,,,,,2,4273,61,29,3,1,4,1,2,13,,1,34,4,1,4,3,45,4,,Medium,Low,,1,0,0,Level 1
2698,31,,,,,3,3538,21,21,10,5,1,5,3,35,,6,41,18,3,4,3,44,3,,Medium,Normal,,1,0,0,Level 1
2699,47,,,,,3,14945,99,14,7,4,4,5,3,34,,1,47,17,2,3,4,13,3,,,High,,1,0,0,Level 3
2700,49,,,,,5,7212,26,29,11,5,1,3,3,57,,6,52,16,2,2,4,46,3,,High,High,,1,0,0,Level 2
2701,45,,,,,4,3485,85,9,3,5,2,1,4,49,,2,49,5,1,4,4,6,4,,Medium,High,Expert,1,0,1,Level 1
2702,40,,,,,2,3783,68,15,3,3,4,2,3,5,,3,33,5,1,1,3,28,4,,Medium,Low,,1,0,0,Level 1
2703,47,,,,,4,14251,72,22,4,6,3,1,4,61,,3,37,2,4,1,3,37,2,,,Normal,,1,0,1,Level 3
2704,45,,,,,5,5924,77,20,12,8,2,3,3,61,,6,52,14,2,3,3,5,1,,Medium,High,,1,0,0,Level 1
2705,52,,,,,3,11061,29,1,2,6,2,3,4,37,,4,38,18,2,3,2,2,4,,Very High,Normal,New,0,1,1,Level 2
2706,40,,,,,5,10289,51,13,8,5,4,2,2,84,,8,49,18,1,1,3,49,3,,Very High,High,,1,0,0,Level 2
2707,54,,,,,1,6532,70,10,13,2,3,2,4,91,,6,54,12,1,1,1,28,1,,High,High,Expert,1,1,1,Level 1
2708,53,,,,,3,7524,87,12,12,5,4,5,3,8,,4,44,9,2,2,2,19,3,,High,Normal,,1,1,0,Level 2
2709,37,,,,,4,3969,94,14,1,7,3,3,3,12,,1,55,16,2,1,3,44,1,,Medium,High,,1,0,0,Level 1
2710,30,,,,,3,11551,45,6,10,7,1,5,2,79,,6,58,10,4,3,2,4,1,,Very High,High,Senior,1,0,0,Level 3
2711,42,,,,,5,3918,29,11,1,3,4,3,3,22,,8,50,4,1,3,4,28,1,,Medium,High,Expert,1,0,0,Level 1
2712,41,,,,,2,19551,16,23,11,4,1,1,1,95,,9,54,14,3,3,2,26,2,,,High,,1,0,0,Level 4
2713,36,,,,,5,18802,27,7,1,3,3,4,3,32,,8,34,15,1,3,3,22,2,,,Low,Senior,1,0,0,Level 4
2714,24,,,,,5,14031,19,25,4,1,3,5,3,53,,9,37,9,2,2,2,22,1,,,Normal,,1,0,0,Level 3
2715,30,,,,,2,16661,62,20,1,4,2,5,2,44,,9,35,9,2,4,1,18,3,,,Low,,1,0,0,Level 4
2716,49,,,,,4,7783,47,4,3,0,3,5,4,47,,7,53,13,3,1,3,38,1,,High,High,Experienced,0,0,1,Level 2
2717,34,,,,,4,7493,46,21,7,1,4,4,1,84,,6,51,13,4,4,3,10,1,,High,High,,1,0,0,Level 2
2718,46,,,,,3,15009,67,12,3,6,4,4,2,67,,3,57,1,1,2,4,36,4,,,High,,1,0,0,Level 3
2719,54,,,,,5,4973,35,25,12,4,3,2,4,60,,3,44,18,1,2,2,9,2,,Medium,Normal,,1,1,1,Level 1
2720,52,,,,,3,13900,80,2,2,9,3,3,1,98,,6,56,17,2,2,3,22,3,,,High,New,0,1,0,Level 3
2721,39,,,,,2,19481,75,20,13,7,4,1,2,51,,9,32,0,1,4,1,22,1,,,Low,,1,0,0,Level 4
2722,35,,,,,1,5206,68,14,14,5,4,5,2,45,,6,56,0,3,2,3,26,4,,Medium,High,,1,0,0,Level 1
2723,53,,,,,4,3086,89,9,10,7,3,2,1,43,,8,43,8,3,4,2,2,4,,Medium,Normal,Expert,1,1,0,Level 1
2724,21,,,,,2,12958,55,22,13,1,3,5,1,74,,8,35,4,1,3,3,47,2,,,Low,,1,0,0,Level 3
2725,54,,,,,4,14383,52,14,6,7,4,3,1,48,,5,32,6,3,2,1,6,4,,,Low,,1,1,0,Level 3
2726,59,,,,,3,9315,47,6,8,8,2,4,1,36,,5,41,9,1,4,2,14,4,,Very High,Normal,Senior,1,1,0,Level 2
2727,47,,,,,1,6677,22,23,4,7,3,3,3,40,,3,39,12,2,2,2,25,1,,High,Normal,,1,0,0,Level 1
2728,58,,,,,5,17570,50,5,12,6,2,3,3,21,,1,47,4,2,1,4,48,4,,,High,Experienced,1,1,0,Level 4
2729,25,,,,,4,10645,47,20,4,7,4,3,4,41,,5,37,4,4,4,1,26,1,,Very High,Normal,,1,0,1,Level 2
2730,28,,,,,5,15408,43,27,11,1,2,2,3,57,,9,52,1,2,2,1,49,2,,,High,,1,0,0,Level 3
2731,39,,,,,3,15784,71,19,2,5,1,3,4,51,,9,50,5,1,3,3,19,4,,,High,,1,0,1,Level 4
2732,20,,,,,4,11326,86,18,5,6,2,3,1,52,,9,52,4,2,2,4,40,4,,Very High,High,,1,0,0,Level 2
2733,27,,,,,3,9212,75,7,10,8,1,3,4,48,,1,57,17,2,3,4,34,3,,Very High,High,Senior,1,0,1,Level 2
2734,42,,,,,5,13437,69,21,13,2,3,1,3,12,,8,35,9,4,3,4,6,1,,,Low,,1,0,0,Level 3
2735,22,,,,,3,9960,66,1,8,5,1,2,3,61,,8,58,12,4,1,3,2,2,,Very High,High,New,0,0,0,Level 2
2736,23,,,,,3,16156,57,20,1,7,4,2,3,35,,7,34,17,2,1,1,20,1,,,Low,,1,0,0,Level 4
2737,44,,,,,3,8439,40,9,2,3,3,1,3,51,,9,55,0,1,1,4,5,3,,High,High,Expert,1,0,0,Level 2
2738,57,,,,,2,6265,16,8,1,4,3,2,1,40,,1,35,14,3,3,2,49,1,,High,Low,Expert,1,1,0,Level 1
2739,34,,,,,2,4968,69,11,4,1,1,5,2,36,,2,56,1,4,4,1,27,2,,Medium,High,Expert,1,0,0,Level 1
2740,40,,,,,4,10513,32,7,7,9,4,2,1,18,,9,46,18,1,2,1,15,3,,Very High,High,Senior,1,0,0,Level 2
2741,54,,,,,3,10091,64,21,11,6,4,2,2,57,,8,33,15,4,2,4,36,1,,Very High,Low,,1,1,0,Level 2
2742,33,,,,,3,16939,95,17,3,7,4,3,1,23,,4,56,9,1,1,1,9,1,,,High,,1,0,0,Level 4
2743,55,,,,,3,4224,59,28,8,5,4,1,1,62,,4,34,1,2,2,1,26,2,,Medium,Low,,1,1,0,Level 1
2744,31,,,,,2,10812,29,21,6,8,2,4,3,99,,6,38,0,3,4,3,7,3,,Very High,Normal,,1,0,0,Level 2
2745,36,,,,,5,4187,21,15,2,2,4,3,3,54,,5,56,0,3,2,3,25,2,,Medium,High,,1,0,0,Level 1
2746,58,,,,,3,19390,95,8,9,8,4,5,1,3,,8,47,6,4,2,2,37,1,,,High,Expert,1,1,0,Level 4
2747,28,,,,,1,5108,97,20,9,8,3,2,3,24,,7,37,8,3,2,4,28,1,,Medium,Normal,,1,0,0,Level 1
2748,54,,,,,4,18711,41,12,13,8,1,3,2,60,,8,57,8,3,3,2,45,3,,,High,,1,1,0,Level 4
2749,32,,,,,2,15378,54,5,7,5,2,4,4,30,,2,51,8,4,4,1,1,1,,,High,Experienced,1,0,1,Level 3
2750,34,,,,,5,8637,31,8,10,8,2,5,2,20,,6,31,1,1,2,2,4,3,,High,Low,Expert,1,0,0,Level 2
2751,37,,,,,1,4308,46,5,8,6,3,2,3,93,,7,42,3,2,4,1,38,2,,Medium,Normal,Experienced,1,0,0,Level 1
2752,52,,,,,3,4416,30,14,10,7,2,2,3,4,,1,52,6,3,3,2,37,2,,Medium,High,,1,1,0,Level 1
2753,25,,,,,2,14402,77,4,1,7,2,4,1,67,,2,42,0,2,1,3,46,3,,,Normal,Experienced,0,0,0,Level 3
2754,46,,,,,3,10782,92,27,14,7,3,4,1,95,,7,32,16,2,2,4,28,1,,Very High,Low,,1,0,0,Level 2
2755,42,,,,,4,9102,74,15,6,2,4,4,1,4,,6,43,8,4,1,2,11,2,,Very High,Normal,,1,0,0,Level 2
2756,46,,,,,2,9030,96,20,9,5,2,5,3,15,,4,42,4,3,3,1,24,1,,Very High,Normal,,1,0,0,Level 2
2757,53,,,,,1,6002,66,29,6,6,1,5,3,90,,4,45,17,3,2,4,49,4,,High,Normal,,1,1,0,Level 1
2758,57,,,,,5,14721,94,22,3,3,4,3,1,11,,3,54,10,4,4,2,33,3,,,High,,1,1,0,Level 3
2759,33,,,,,5,5565,63,10,2,3,4,4,3,64,,5,51,9,4,4,2,42,1,,Medium,High,Expert,1,0,0,Level 1
2760,55,,,,,4,5583,63,17,8,6,4,2,4,65,,5,30,8,1,4,2,10,2,,Medium,Low,,1,1,1,Level 1
2761,27,,,,,5,13464,94,4,11,1,2,1,2,71,,9,58,5,4,2,1,13,2,,,High,Experienced,0,0,0,Level 3
2762,54,,,,,5,13811,40,1,4,7,1,2,2,42,,9,48,12,1,2,2,2,2,,,High,New,0,1,0,Level 3
2763,38,,,,,4,17107,65,28,12,5,2,4,4,97,,7,46,14,1,4,4,34,4,,,High,,1,0,1,Level 4
2764,49,,,,,1,6918,57,6,1,8,3,2,2,24,,8,44,4,4,3,3,9,2,,High,Normal,Senior,1,0,0,Level 1
2765,33,,,,,2,16869,84,8,8,4,2,3,4,97,,1,41,2,4,1,2,1,1,,,Normal,Expert,1,0,1,Level 4
2766,39,,,,,2,9511,85,4,13,9,1,4,1,45,,8,59,10,3,3,1,35,2,,Very High,High,Experienced,0,0,0,Level 2
2767,44,,,,,4,17116,23,24,1,9,2,5,4,0,,5,32,18,2,3,1,4,2,,,Low,,1,0,1,Level 4
2768,59,,,,,3,6213,58,14,2,0,3,1,1,77,,9,56,7,2,2,3,27,1,,High,High,,1,1,0,Level 1
2769,43,,,,,4,6887,78,2,1,6,4,4,2,31,,1,46,0,3,4,4,29,4,,High,High,New,0,0,0,Level 1
2770,33,,,,,4,4222,16,5,8,3,2,2,4,60,,1,58,13,2,2,2,2,1,,Medium,High,Experienced,1,0,1,Level 1
2771,45,,,,,4,16310,50,15,3,9,4,2,2,28,,1,55,12,3,3,1,3,3,,,High,,1,0,0,Level 4
2772,57,,,,,4,8746,17,19,9,3,2,4,4,47,,6,52,11,2,1,2,18,4,,High,High,,1,1,1,Level 2
2773,42,,,,,5,15878,68,14,11,2,1,5,2,82,,5,41,13,1,4,4,19,3,,,Normal,,1,0,0,Level 4
2774,41,,,,,5,17432,35,7,12,4,4,5,3,93,,1,47,11,1,1,1,10,4,,,High,Senior,1,0,0,Level 4
2775,38,,,,,1,19175,81,29,7,5,2,4,2,22,,4,51,18,2,4,4,23,2,,,High,,1,0,0,Level 4
2776,22,,,,,4,7983,23,9,6,2,1,2,4,68,,9,43,8,4,1,2,43,3,,High,Normal,Expert,1,0,1,Level 2
2777,38,,,,,2,13389,26,1,11,7,3,2,2,86,,7,40,4,2,1,3,48,3,,,Normal,New,0,0,0,Level 3
2778,28,,,,,3,16200,86,24,6,1,4,5,1,98,,5,54,7,1,3,3,20,1,,,High,,1,0,0,Level 4
2779,47,,,,,5,5535,51,20,10,6,4,2,1,52,,4,34,2,3,2,3,29,2,,Medium,Low,,1,0,0,Level 1
2780,39,,,,,2,15406,99,29,1,0,2,1,4,70,,1,48,11,1,3,4,5,1,,,High,,1,0,1,Level 3
2781,26,,,,,5,16453,51,10,8,8,4,1,3,94,,7,49,3,1,2,4,44,4,,,High,Expert,1,0,0,Level 4
2782,33,,,,,1,3224,81,11,10,8,3,1,2,77,,2,48,16,3,4,2,44,1,,Medium,High,Expert,1,0,0,Level 1
2783,28,,,,,3,10396,70,21,11,4,4,1,1,90,,2,45,16,1,3,1,48,3,,Very High,Normal,,1,0,0,Level 2
2784,38,,,,,5,5800,99,12,3,1,4,3,3,86,,6,33,7,1,2,4,29,3,,Medium,Low,,1,0,0,Level 1
2785,33,,,,,3,4280,77,1,3,5,3,1,3,25,,7,34,12,1,1,3,46,2,,Medium,Low,New,0,0,0,Level 1
2786,57,,,,,3,18714,40,21,3,9,1,3,3,70,,9,59,6,4,2,3,22,3,,,High,,1,1,0,Level 4
2787,55,,,,,2,3521,60,25,11,4,4,2,1,20,,3,53,9,4,2,4,12,3,,Medium,High,,1,1,0,Level 1
2788,59,,,,,5,14874,67,8,9,3,2,5,2,87,,4,49,10,3,1,1,13,4,,,High,Expert,1,1,0,Level 3
2789,36,,,,,3,5306,74,24,5,1,1,1,4,80,,6,43,7,2,1,2,25,3,,Medium,Normal,,1,0,1,Level 1
2790,49,,,,,4,10822,46,6,2,4,4,1,2,59,,9,37,15,4,1,2,23,3,,Very High,Normal,Senior,1,0,0,Level 2
2791,28,,,,,3,15858,76,12,4,7,1,1,2,54,,7,33,6,4,1,1,30,4,,,Low,,1,0,0,Level 4
2792,52,,,,,3,17184,61,9,7,1,4,3,3,72,,2,46,8,1,3,2,37,2,,,High,Expert,1,1,0,Level 4
2793,44,,,,,5,3942,75,4,12,6,1,1,1,78,,4,58,14,3,2,4,22,1,,Medium,High,Experienced,0,0,0,Level 1
2794,33,,,,,4,6931,18,6,10,2,2,3,1,67,,2,32,7,3,3,1,45,2,,High,Low,Senior,1,0,0,Level 1
2795,30,,,,,3,12345,16,3,1,5,1,1,2,87,,2,37,0,2,1,3,38,3,,,Normal,New,0,0,0,Level 3
2796,54,,,,,5,6749,37,2,2,3,3,5,3,94,,3,32,9,1,1,1,6,2,,High,Low,New,0,1,0,Level 1
2797,33,,,,,5,7740,69,25,8,5,4,1,2,11,,7,50,1,1,4,3,49,4,,High,High,,1,0,0,Level 2
2798,49,,,,,3,19373,55,21,8,1,4,3,2,7,,8,37,15,2,2,4,1,4,,,Normal,,1,0,0,Level 4
2799,23,,,,,1,18883,82,27,3,9,2,5,3,16,,8,47,8,2,4,2,6,2,,,High,,1,0,0,Level 4
2800,23,,,,,1,15419,51,18,5,4,3,2,4,42,,4,42,18,2,4,1,25,2,,,Normal,,1,0,1,Level 3
2801,47,,,,,2,19791,25,5,8,1,1,2,4,8,,7,58,11,2,1,1,10,1,,,High,Experienced,1,0,1,Level 4
2802,27,,,,,1,8272,50,22,10,7,1,5,2,16,,7,41,2,4,1,3,45,4,,High,Normal,,1,0,0,Level 2
2803,21,,,,,1,17617,29,24,14,8,3,2,4,15,,6,49,12,2,3,2,43,3,,,High,,1,0,1,Level 4
2804,41,,,,,5,11758,81,21,9,7,3,5,4,50,,9,51,17,2,3,1,9,2,,Very High,High,,1,0,1,Level 3
2805,35,,,,,5,18103,44,12,11,0,1,1,3,34,,1,53,16,2,3,1,18,3,,,High,,1,0,0,Level 4
2806,48,,,,,3,17381,71,2,2,4,2,2,1,51,,5,33,4,1,3,2,49,3,,,Low,New,0,0,0,Level 4
2807,49,,,,,3,15973,76,29,10,3,2,4,3,76,,6,48,16,2,4,1,37,4,,,High,,1,0,0,Level 4
2808,31,,,,,5,14562,47,23,8,3,1,4,4,11,,2,30,5,3,1,1,32,1,,,Low,,1,0,1,Level 3
2809,54,,,,,3,4979,79,5,3,6,1,5,1,93,,6,36,0,3,3,2,48,4,,Medium,Normal,Experienced,1,1,0,Level 1
2810,30,,,,,5,10140,15,29,9,9,3,4,2,66,,3,39,9,4,2,2,34,4,,Very High,Normal,,1,0,0,Level 2
2811,40,,,,,1,16476,17,27,5,9,4,5,2,68,,9,41,5,2,4,4,45,1,,,Normal,,1,0,0,Level 4
2812,40,,,,,3,5315,23,18,5,3,4,2,2,12,,4,44,19,1,4,4,9,2,,Medium,Normal,,1,0,0,Level 1
2813,24,,,,,1,11292,46,28,11,0,3,5,4,12,,7,36,9,4,4,2,36,1,,Very High,Normal,,1,0,1,Level 2
2814,39,,,,,2,7756,91,6,4,2,1,5,3,27,,4,53,5,1,2,4,4,3,,High,High,Senior,1,0,0,Level 2
2815,56,,,,,3,9796,59,11,8,7,4,1,3,46,,1,47,17,2,2,1,31,3,,Very High,High,Expert,1,1,0,Level 2
2816,22,,,,,5,17314,71,7,1,9,1,2,4,43,,1,45,9,3,2,4,23,1,,,Normal,Senior,1,0,1,Level 4
2817,52,,,,,5,14636,35,16,12,6,1,5,1,62,,3,47,5,3,4,4,6,2,,,High,,1,1,0,Level 3
2818,28,,,,,2,3032,37,8,6,1,4,2,2,68,,1,54,17,2,4,3,9,4,,Medium,High,Expert,1,0,0,Level 1
2819,28,,,,,5,17533,91,3,7,6,3,4,3,19,,4,54,13,2,1,1,21,2,,,High,New,0,0,0,Level 4
2820,23,,,,,1,11523,40,11,8,1,1,5,2,91,,8,56,11,4,3,1,31,2,,Very High,High,Expert,1,0,0,Level 3
2821,54,,,,,5,7215,86,20,4,5,1,4,2,35,,6,35,16,4,2,4,45,3,,High,Low,,1,1,0,Level 2
2822,36,,,,,2,19541,44,28,12,7,4,1,4,44,,6,50,2,1,1,4,40,3,,,High,,1,0,1,Level 4
2823,53,,,,,4,8044,83,22,9,2,3,1,2,81,,2,43,8,2,3,3,39,3,,High,Normal,,1,1,0,Level 2
2824,43,,,,,4,14114,38,19,12,2,4,2,4,56,,9,46,15,2,3,4,25,2,,,High,,1,0,1,Level 3
2825,51,,,,,1,10846,88,11,3,7,3,1,2,86,,8,59,3,3,4,2,19,3,,Very High,High,Expert,1,1,0,Level 2
2826,20,,,,,4,8385,97,22,8,7,2,5,1,90,,7,49,0,1,1,2,18,2,,High,High,,1,0,0,Level 2
2827,27,,,,,5,5098,78,9,10,9,3,2,1,1,,4,50,7,1,3,4,21,3,,Medium,High,Expert,1,0,0,Level 1
2828,42,,,,,2,8454,49,12,11,5,2,4,3,41,,4,39,10,1,1,1,43,2,,High,Normal,,1,0,0,Level 2
2829,59,,,,,1,5127,36,16,10,0,2,3,4,49,,4,32,16,4,1,2,23,3,,Medium,Low,,1,1,1,Level 1
2830,31,,,,,4,5385,53,5,5,2,1,1,3,30,,9,34,7,3,1,4,48,2,,Medium,Low,Experienced,1,0,0,Level 1
2831,31,,,,,5,15719,69,2,12,9,1,5,3,81,,9,44,2,4,1,4,13,3,,,Normal,New,0,0,0,Level 4
2832,34,,,,,5,19024,21,10,5,6,4,4,1,47,,9,52,12,4,3,4,5,2,,,High,Expert,1,0,0,Level 4
2833,38,,,,,3,10762,76,2,7,1,4,3,2,86,,5,37,8,3,4,4,18,3,,Very High,Normal,New,0,0,0,Level 2
2834,45,,,,,3,7426,53,27,5,8,3,2,1,79,,9,54,3,1,4,4,25,2,,High,High,,1,0,0,Level 2
2835,48,,,,,2,4474,34,23,7,8,1,5,3,25,,1,47,16,2,4,4,46,3,,Medium,High,,1,0,0,Level 1
2836,41,,,,,1,16051,70,4,9,1,4,3,1,24,,8,44,11,2,3,1,12,2,,,Normal,Experienced,0,0,0,Level 4
2837,59,,,,,4,8989,80,25,12,5,3,5,2,34,,4,53,6,4,3,2,5,4,,High,High,,1,1,0,Level 2
2838,40,,,,,4,10488,29,25,5,1,1,4,4,85,,5,53,15,4,1,1,12,2,,Very High,High,,1,0,1,Level 2
2839,57,,,,,5,12240,88,16,2,0,2,4,2,72,,8,42,5,4,4,3,1,4,,,Normal,,1,1,0,Level 3
2840,39,,,,,4,19799,35,6,10,9,2,1,2,33,,8,53,9,3,3,3,49,4,,,High,Senior,1,0,0,Level 4
2841,48,,,,,2,8507,93,10,6,8,1,4,4,44,,1,38,5,3,4,4,29,2,,High,Normal,Expert,1,0,1,Level 2
2842,23,,,,,3,8782,48,29,9,4,3,2,4,22,,5,31,11,1,2,2,26,4,,High,Low,,1,0,1,Level 2
2843,26,,,,,5,16903,49,21,13,0,2,2,2,90,,2,30,5,4,1,4,33,4,,,Low,,1,0,0,Level 4
2844,47,,,,,1,15646,19,7,13,6,1,5,1,73,,8,55,2,2,4,3,49,4,,,High,Senior,1,0,0,Level 3
2845,47,,,,,5,10293,70,5,13,2,3,2,2,15,,8,41,16,1,2,4,17,4,,Very High,Normal,Experienced,1,0,0,Level 2
2846,23,,,,,4,19672,97,13,14,5,1,4,4,3,,2,52,8,3,4,2,35,1,,,High,,1,0,1,Level 4
2847,41,,,,,2,5600,21,9,14,3,4,3,2,53,,4,57,2,2,1,1,35,2,,Medium,High,Expert,1,0,0,Level 1
2848,31,,,,,1,17332,67,9,9,2,4,2,4,94,,2,56,9,3,2,2,4,1,,,High,Expert,1,0,1,Level 4
2849,22,,,,,5,9053,58,23,12,5,3,4,4,67,,4,47,11,3,3,1,21,2,,Very High,High,,1,0,1,Level 2
2850,41,,,,,4,3716,72,15,13,7,3,4,2,52,,4,36,15,3,4,1,35,2,,Medium,Normal,,1,0,0,Level 1
2851,21,,,,,5,8323,56,4,14,5,2,5,4,13,,8,56,18,4,3,4,9,4,,High,High,Experienced,0,0,1,Level 2
2852,43,,,,,1,16490,32,1,5,5,1,5,4,79,,9,38,18,4,4,3,38,3,,,Normal,New,0,0,1,Level 4
2853,53,,,,,4,14254,20,20,11,4,2,2,3,82,,8,53,14,4,2,1,8,4,,,High,,1,1,0,Level 3
2854,46,,,,,3,5360,18,28,2,4,2,2,3,2,,3,40,9,1,1,1,4,4,,Medium,Normal,,1,0,0,Level 1
2855,20,,,,,1,4946,83,14,6,0,4,4,1,41,,3,36,5,2,1,2,49,1,,Medium,Normal,,1,0,0,Level 1
2856,27,,,,,3,6512,28,19,12,3,2,2,2,66,,7,37,15,1,1,1,8,2,,High,Normal,,1,0,0,Level 1
2857,42,,,,,3,11118,55,1,4,7,3,3,3,49,,1,34,4,3,2,2,23,4,,Very High,Low,New,0,0,0,Level 2
2858,57,,,,,4,4351,61,29,4,5,2,1,3,19,,9,45,8,3,4,1,41,3,,Medium,Normal,,1,1,0,Level 1
2859,25,,,,,5,18610,67,10,13,6,4,1,3,54,,6,30,8,2,3,1,42,1,,,Low,Expert,1,0,0,Level 4
2860,41,,,,,5,17817,35,4,3,8,2,4,2,65,,6,56,0,1,4,3,22,4,,,High,Experienced,0,0,0,Level 4
2861,44,,,,,2,13539,27,23,12,7,1,1,4,83,,7,45,16,1,1,3,2,1,,,Normal,,1,0,1,Level 3
2862,37,,,,,1,19911,80,18,1,3,2,4,4,52,,8,53,0,2,3,2,36,4,,,High,,1,0,1,Level 4
2863,36,,,,,1,13845,29,29,9,6,1,4,4,25,,8,45,2,3,4,1,14,2,,,Normal,,1,0,1,Level 3
2864,31,,,,,4,17102,94,28,6,2,2,3,1,18,,1,34,17,4,3,1,36,3,,,Low,,1,0,0,Level 4
2865,25,,,,,4,14166,59,12,10,4,3,5,3,62,,5,46,8,1,1,1,22,3,,,High,,1,0,0,Level 3
2866,45,,,,,2,16467,98,7,11,2,3,2,1,32,,3,39,15,2,1,3,47,1,,,Normal,Senior,1,0,0,Level 4
2867,46,,,,,2,18793,79,6,12,6,1,3,2,97,,3,40,13,2,4,4,33,3,,,Normal,Senior,1,0,0,Level 4
2868,27,,,,,3,16668,60,9,3,2,1,5,3,27,,4,38,8,4,1,1,39,2,,,Normal,Expert,1,0,0,Level 4
2869,38,,,,,2,12473,17,27,1,7,4,4,4,47,,9,40,17,1,4,1,23,4,,,Normal,,1,0,1,Level 3
2870,20,,,,,5,8485,31,2,6,9,2,3,1,52,,6,47,4,1,1,1,23,2,,High,High,New,0,0,0,Level 2
2871,48,,,,,3,17175,31,15,4,7,4,4,2,55,,6,47,12,1,2,4,13,4,,,High,,1,0,0,Level 4
2872,54,,,,,2,6279,98,22,13,5,4,1,4,48,,4,30,5,1,2,4,1,4,,High,Low,,1,1,1,Level 1
2873,59,,,,,5,16018,34,13,1,8,3,4,4,77,,4,33,1,1,1,2,40,1,,,Low,,1,1,1,Level 4
2874,33,,,,,5,18740,18,11,10,1,4,1,3,62,,2,59,6,1,3,3,19,1,,,High,Expert,1,0,0,Level 4
2875,54,,,,,3,14486,89,22,4,5,3,4,1,13,,3,35,13,3,3,1,34,3,,,Low,,1,1,0,Level 3
2876,39,,,,,3,4044,29,22,2,3,4,4,4,28,,3,43,0,4,3,1,38,2,,Medium,Normal,,1,0,1,Level 1
2877,32,,,,,5,17482,71,19,14,6,1,5,1,52,,4,51,19,1,1,4,24,1,,,High,,1,0,0,Level 4
2878,57,,,,,4,6439,59,6,3,0,4,4,2,25,,8,31,7,1,2,1,37,3,,High,Low,Senior,1,1,0,Level 1
2879,27,,,,,3,19696,41,9,10,3,2,4,3,32,,5,38,19,2,2,4,1,2,,,Normal,Expert,1,0,0,Level 4
2880,39,,,,,1,18948,34,12,10,9,3,4,1,68,,6,33,11,4,1,3,5,2,,,Low,,1,0,0,Level 4
2881,52,,,,,4,11507,93,29,7,3,1,2,3,65,,6,35,15,4,1,4,7,1,,Very High,Low,,1,1,0,Level 3
2882,45,,,,,1,13642,20,11,7,5,2,2,2,72,,1,55,16,3,3,2,28,3,,,High,Expert,1,0,0,Level 3
2883,58,,,,,2,4890,32,3,5,9,1,3,4,18,,8,42,18,2,3,1,1,1,,Medium,Normal,New,0,1,1,Level 1
2884,40,,,,,3,16759,63,18,10,5,2,5,1,90,,1,41,5,1,2,1,13,4,,,Normal,,1,0,0,Level 4
2885,28,,,,,3,15192,99,24,13,5,3,2,4,58,,8,34,11,3,1,4,7,2,,,Low,,1,0,1,Level 3
2886,43,,,,,5,5028,38,13,2,3,1,3,3,90,,3,32,12,3,1,2,46,2,,Medium,Low,,1,0,0,Level 1
2887,56,,,,,3,18690,95,13,13,4,3,3,1,89,,1,48,13,3,1,1,22,3,,,High,,1,1,0,Level 4
2888,36,,,,,1,16251,25,15,9,7,1,3,4,77,,6,37,8,1,1,2,21,2,,,Normal,,1,0,1,Level 4
2889,43,,,,,4,5907,32,19,13,2,1,5,4,2,,6,50,2,1,3,3,16,3,,Medium,High,,1,0,1,Level 1
2890,40,,,,,2,6143,49,15,9,5,3,1,3,57,,2,57,7,4,3,2,13,2,,High,High,,1,0,0,Level 1
2891,58,,,,,4,11919,69,28,9,0,1,5,4,20,,5,36,0,3,1,4,15,4,,Very High,Normal,,1,1,1,Level 3
2892,58,,,,,1,10574,42,15,6,9,4,3,1,45,,5,30,3,1,2,1,41,1,,Very High,Low,,1,1,0,Level 2
2893,32,,,,,2,12659,50,5,12,5,2,4,2,39,,8,57,12,4,3,4,41,2,,,High,Experienced,1,0,0,Level 3
2894,30,,,,,5,12306,38,5,1,8,2,3,4,71,,7,57,7,1,4,2,20,1,,,High,Experienced,1,0,1,Level 3
2895,38,,,,,3,4677,47,2,12,7,4,4,3,69,,3,51,4,2,1,3,48,1,,Medium,High,New,0,0,0,Level 1
2896,30,,,,,3,5043,51,18,13,4,2,5,3,65,,4,42,12,2,4,4,31,2,,Medium,Normal,,1,0,0,Level 1
2897,32,,,,,5,10681,27,6,6,6,1,1,1,56,,6,42,11,3,1,2,40,1,,Very High,Normal,Senior,1,0,0,Level 2
2898,20,,,,,1,6114,30,18,11,4,1,2,2,5,,7,36,15,4,3,3,23,2,,High,Normal,,1,0,0,Level 1
2899,59,,,,,5,16653,57,22,8,2,1,2,2,58,,5,57,3,4,3,4,21,2,,,High,,1,1,0,Level 4
2900,38,,,,,1,7853,87,28,4,8,3,1,3,38,,6,44,7,3,2,3,47,1,,High,Normal,,1,0,0,Level 2
2901,31,,,,,2,11095,64,28,6,6,1,4,2,74,,8,55,18,4,1,4,19,1,,Very High,High,,1,0,0,Level 2
2902,27,,,,,4,9599,27,7,11,7,1,4,2,68,,1,41,0,4,3,1,20,1,,Very High,Normal,Senior,1,0,0,Level 2
2903,27,,,,,4,5341,85,29,8,6,3,1,1,73,,1,52,4,1,3,1,31,1,,Medium,High,,1,0,0,Level 1
2904,31,,,,,5,15244,49,20,6,6,1,1,2,51,,2,42,11,3,2,3,48,2,,,Normal,,1,0,0,Level 3
2905,52,,,,,3,10408,87,26,13,7,3,3,4,37,,6,35,14,4,1,2,9,3,,Very High,Low,,1,1,1,Level 2
2906,45,,,,,5,6073,49,20,4,7,3,5,2,70,,1,53,5,2,3,1,5,2,,High,High,,1,0,0,Level 1
2907,58,,,,,3,8545,38,29,7,5,3,3,1,99,,4,33,6,3,1,3,39,3,,High,Low,,1,1,0,Level 2
2908,47,,,,,5,13727,99,3,5,3,3,3,3,81,,7,45,16,1,4,2,14,1,,,Normal,New,0,0,0,Level 3
2909,24,,,,,5,3915,67,17,11,4,3,5,4,73,,2,51,19,2,1,3,49,1,,Medium,High,,1,0,1,Level 1
2910,27,,,,,4,19645,53,20,13,5,2,2,1,56,,5,42,1,2,4,4,39,1,,,Normal,,1,0,0,Level 4
2911,44,,,,,3,8514,33,19,11,8,2,5,4,6,,5,35,2,3,1,4,49,2,,High,Low,,1,0,1,Level 2
2912,46,,,,,4,18044,58,8,1,4,1,2,3,35,,4,31,12,3,1,2,10,1,,,Low,Expert,1,0,0,Level 4
2913,42,,,,,3,6040,60,21,3,8,4,5,1,94,,9,34,4,1,2,2,32,4,,High,Low,,1,0,0,Level 1
2914,49,,,,,2,7903,59,23,3,8,1,2,3,49,,6,58,2,1,4,3,40,2,,High,High,,1,0,0,Level 2
2915,42,,,,,2,15835,46,19,1,7,4,4,4,71,,8,51,5,2,4,1,6,1,,,High,,1,0,1,Level 4
2916,39,,,,,2,14186,19,19,4,9,4,4,3,39,,7,34,19,3,1,1,27,1,,,Low,,1,0,0,Level 3
2917,37,,,,,1,9241,90,27,2,5,4,5,3,73,,9,45,19,4,1,4,2,1,,Very High,Normal,,1,0,0,Level 2
2918,37,,,,,4,4972,20,6,12,0,1,1,1,39,,1,44,6,3,1,4,20,4,,Medium,Normal,Senior,1,0,0,Level 1
2919,21,,,,,4,5174,96,26,10,4,1,4,4,50,,8,36,9,3,4,4,20,4,,Medium,Normal,,1,0,1,Level 1
2920,23,,,,,2,9722,21,20,1,2,4,5,3,91,,9,53,18,2,4,4,41,1,,Very High,High,,1,0,0,Level 2
2921,49,,,,,5,12031,97,8,12,8,1,5,4,89,,4,36,19,1,3,3,3,2,,,Normal,Expert,1,0,1,Level 3
2922,52,,,,,4,10248,29,3,13,3,3,4,1,19,,7,31,9,2,3,4,33,3,,Very High,Low,New,0,1,0,Level 2
2923,55,,,,,3,15028,87,5,6,6,2,5,3,1,,1,37,14,4,4,4,8,2,,,Normal,Experienced,1,1,0,Level 3
2924,37,,,,,4,19931,34,1,7,5,2,1,2,86,,4,58,8,4,2,1,6,4,,,High,New,0,0,0,Level 4
2925,56,,,,,4,15354,73,1,13,5,2,2,3,22,,8,35,1,1,4,1,45,3,,,Low,New,0,1,0,Level 3
2926,38,,,,,3,14858,98,24,4,4,4,5,3,80,,2,58,19,3,1,3,22,2,,,High,,1,0,0,Level 3
2927,47,,,,,2,8552,18,23,5,0,3,4,1,40,,4,50,4,2,1,4,14,3,,High,High,,1,0,0,Level 2
2928,59,,,,,2,6876,88,1,9,2,2,1,3,56,,1,59,17,4,1,4,26,1,,High,High,New,0,1,0,Level 1
2929,39,,,,,3,6791,54,6,13,4,3,1,1,20,,8,56,17,3,3,1,48,3,,High,High,Senior,1,0,0,Level 1
2930,52,,,,,4,10542,79,2,14,1,2,5,3,38,,6,39,7,1,3,2,43,3,,Very High,Normal,New,0,1,0,Level 2
2931,31,,,,,4,3574,49,12,8,1,3,3,1,25,,7,51,19,4,1,1,44,3,,Medium,High,,1,0,0,Level 1
2932,34,,,,,2,4101,58,17,14,3,1,4,2,94,,4,37,15,1,4,2,36,1,,Medium,Normal,,1,0,0,Level 1
2933,58,,,,,1,8234,21,10,13,6,1,1,4,71,,6,59,9,2,4,3,37,3,,High,High,Expert,1,1,1,Level 2
2934,21,,,,,2,16816,36,5,2,0,3,4,1,50,,6,44,8,3,4,2,39,1,,,Normal,Experienced,1,0,0,Level 4
2935,48,,,,,3,9874,37,5,14,8,3,5,2,70,,8,51,19,3,4,2,40,3,,Very High,High,Experienced,1,0,0,Level 2
2936,29,,,,,1,18513,79,2,10,0,4,5,4,20,,6,52,16,1,2,3,46,2,,,High,New,0,0,1,Level 4
2937,21,,,,,1,17319,34,12,3,7,3,3,2,57,,6,56,13,4,4,3,29,4,,,High,,1,0,0,Level 4
2938,30,,,,,3,15822,46,5,9,5,4,3,1,49,,1,51,13,1,3,1,1,4,,,High,Experienced,1,0,0,Level 4
2939,32,,,,,5,8845,50,15,5,0,2,5,2,22,,1,44,7,2,2,4,34,2,,High,Normal,,1,0,0,Level 2
2940,29,,,,,2,6731,32,23,1,6,1,2,4,76,,1,36,9,2,4,1,13,3,,High,Normal,,1,0,1,Level 1
2941,33,,,,,4,14714,47,20,9,1,2,2,3,41,,3,44,14,2,3,2,7,3,,,Normal,,1,0,0,Level 3
2942,37,,,,,2,13546,83,18,8,0,4,1,4,41,,2,38,15,2,2,1,9,1,,,Normal,,1,0,1,Level 3
2943,28,,,,,3,6750,96,29,10,7,1,3,2,91,,8,56,17,1,4,3,17,4,,High,High,,1,0,0,Level 1
2944,58,,,,,4,16124,23,21,14,1,2,1,3,39,,1,55,3,2,3,3,22,2,,,High,,1,1,0,Level 4
2945,47,,,,,5,4299,56,27,7,8,2,4,3,26,,9,54,14,3,4,4,11,2,,Medium,High,,1,0,0,Level 1
2946,22,,,,,3,14999,85,6,13,5,3,5,3,95,,4,45,18,1,2,1,41,3,,,Normal,Senior,1,0,0,Level 3
2947,39,,,,,2,14177,93,29,7,0,1,5,4,19,,8,55,16,4,3,3,4,3,,,High,,1,0,1,Level 3
2948,25,,,,,1,10002,18,24,8,7,2,2,2,61,,4,36,4,2,1,2,40,3,,Very High,Normal,,1,0,0,Level 2
2949,46,,,,,3,8527,60,14,11,6,3,1,2,12,,6,47,3,4,1,1,30,1,,High,High,,1,0,0,Level 2
2950,21,,,,,3,14492,86,25,4,0,3,1,1,41,,7,41,5,4,1,4,21,3,,,Normal,,1,0,0,Level 3
2951,48,,,,,2,6298,38,11,7,7,3,4,4,65,,9,36,5,4,1,4,18,3,,High,Normal,Expert,1,0,1,Level 1
2952,57,,,,,5,14590,86,26,8,1,4,1,1,42,,5,36,8,2,4,4,25,4,,,Normal,,1,1,0,Level 3
2953,22,,,,,2,15564,83,8,11,7,4,4,3,82,,3,59,1,1,1,1,42,3,,,High,Expert,1,0,0,Level 3
2954,35,,,,,2,17179,37,23,10,8,3,1,1,48,,9,58,7,1,1,1,19,1,,,High,,1,0,0,Level 4
2955,49,,,,,5,13252,69,25,3,4,2,3,2,78,,6,39,19,4,2,1,49,4,,,Normal,,1,0,0,Level 3
2956,59,,,,,5,17532,29,9,2,4,2,5,3,90,,4,42,16,3,3,4,29,3,,,Normal,Expert,1,1,0,Level 4
2957,21,,,,,3,15902,65,6,2,6,1,4,3,11,,6,45,2,2,3,1,16,1,,,Normal,Senior,1,0,0,Level 4
2958,36,,,,,1,16481,64,28,7,0,2,5,2,39,,6,32,1,1,3,1,10,1,,,Low,,1,0,0,Level 4
2959,31,,,,,2,5156,61,3,9,4,3,5,3,73,,6,44,2,2,4,1,41,3,,Medium,Normal,New,0,0,0,Level 1
2960,54,,,,,1,13615,97,28,14,0,1,1,1,91,,3,32,11,1,2,1,46,4,,,Low,,1,1,0,Level 3
2961,20,,,,,5,5794,39,27,13,7,1,1,2,67,,9,33,0,4,1,3,39,2,,Medium,Low,,1,0,0,Level 1
2962,34,,,,,5,7243,53,8,12,7,2,4,4,3,,5,57,18,4,4,3,33,2,,High,High,Expert,1,0,1,Level 2
2963,45,,,,,2,18360,82,16,8,0,1,2,1,91,,2,58,4,2,1,1,49,4,,,High,,1,0,0,Level 4
2964,56,,,,,3,6042,60,19,10,1,2,2,3,41,,4,50,18,1,3,4,22,4,,High,High,,1,1,0,Level 1
2965,40,,,,,2,9892,86,1,10,6,3,5,4,92,,6,48,6,3,2,4,5,3,,Very High,High,New,0,0,1,Level 2
2966,50,,,,,3,7091,27,13,7,6,3,2,1,11,,7,48,2,3,3,1,4,4,,High,High,,1,1,0,Level 1
2967,44,,,,,4,3435,52,12,9,8,2,3,1,21,,2,41,18,2,3,4,41,1,,Medium,Normal,,1,0,0,Level 1
2968,42,,,,,3,5372,50,20,4,2,4,1,2,67,,9,55,7,3,4,2,17,2,,Medium,High,,1,0,0,Level 1
2969,43,,,,,2,13396,51,25,10,1,3,5,3,88,,2,31,16,1,2,4,48,2,,,Low,,1,0,0,Level 3
2970,57,,,,,2,3111,56,29,13,9,4,1,2,71,,5,53,13,3,1,3,45,4,,Medium,High,,1,1,0,Level 1
2971,47,,,,,3,6034,33,8,7,7,2,2,1,92,,8,54,18,2,3,4,47,4,,High,High,Expert,1,0,0,Level 1
2972,40,,,,,1,8574,51,14,5,6,2,3,3,70,,7,49,17,4,1,3,28,4,,High,High,,1,0,0,Level 2
2973,37,,,,,3,8888,79,6,1,2,3,3,3,7,,2,58,6,4,4,3,47,3,,High,High,Senior,1,0,0,Level 2
2974,55,,,,,4,12288,99,3,10,2,3,4,3,17,,9,57,4,3,4,3,15,2,,,High,New,0,1,0,Level 3
2975,54,,,,,4,8049,53,3,4,6,4,5,3,89,,6,31,18,1,2,2,34,3,,High,Low,New,0,1,0,Level 2
2976,28,,,,,1,10360,40,23,1,4,4,3,1,59,,1,55,16,2,1,3,8,3,,Very High,High,,1,0,0,Level 2
2977,57,,,,,4,7968,56,14,1,8,1,5,4,72,,2,59,16,2,4,4,39,3,,High,High,,1,1,1,Level 2
2978,49,,,,,2,11285,76,21,7,9,3,5,4,60,,2,36,2,1,1,1,41,4,,Very High,Normal,,1,0,1,Level 2
2979,53,,,,,1,9825,67,3,3,6,3,5,2,99,,6,32,12,2,2,4,13,1,,Very High,Low,New,0,1,0,Level 2
2980,51,,,,,1,3667,81,28,9,0,2,1,1,30,,6,39,2,1,3,3,20,2,,Medium,Normal,,1,1,0,Level 1
2981,22,,,,,1,3514,64,12,11,0,2,5,1,5,,6,33,1,2,2,2,40,4,,Medium,Low,,1,0,0,Level 1
2982,22,,,,,3,7289,83,12,7,5,4,2,3,99,,1,52,2,1,2,3,33,3,,High,High,,1,0,0,Level 2
2983,47,,,,,3,13293,43,17,11,4,3,3,2,78,,6,32,4,3,3,2,32,4,,,Low,,1,0,0,Level 3
2984,34,,,,,1,3811,16,11,6,4,4,1,3,17,,8,37,10,3,2,3,18,4,,Medium,Normal,Expert,1,0,0,Level 1
2985,42,,,,,4,18568,32,9,2,7,1,3,1,53,,4,53,0,2,1,3,45,3,,,High,Expert,1,0,0,Level 4
2986,59,,,,,2,8749,74,27,5,7,2,2,1,39,,8,59,18,4,4,2,21,4,,High,High,,1,1,0,Level 2
2987,30,,,,,2,18439,28,28,8,8,2,1,2,50,,3,45,19,4,4,4,11,1,,,Normal,,1,0,0,Level 4
2988,51,,,,,3,6069,54,28,4,3,3,4,2,73,,6,40,17,1,3,1,11,4,,High,Normal,,1,1,0,Level 1
2989,55,,,,,5,19734,78,5,14,4,3,2,4,71,,9,43,9,2,2,4,9,3,,,Normal,Experienced,1,1,1,Level 4
2990,52,,,,,1,17639,44,11,8,6,3,4,1,88,,1,48,10,2,1,1,16,3,,,High,Expert,1,1,0,Level 4
2991,43,,,,,5,4264,43,7,9,2,3,3,3,97,,4,51,4,4,1,4,38,4,,Medium,High,Senior,1,0,0,Level 1
2992,58,,,,,2,11977,43,10,8,5,3,2,2,35,,2,37,18,3,3,2,28,4,,Very High,Normal,Expert,1,1,0,Level 3
2993,53,,,,,3,9734,33,9,6,2,1,4,3,5,,8,38,13,4,4,2,22,2,,Very High,Normal,Expert,1,1,0,Level 2
2994,47,,,,,3,17639,72,20,2,3,2,4,1,22,,5,34,0,4,2,1,48,3,,,Low,,1,0,0,Level 4
2995,56,,,,,3,16846,54,29,8,9,1,1,1,47,,5,44,11,1,1,3,39,2,,,Normal,,1,1,0,Level 4
2996,26,,,,,3,15398,23,15,4,7,1,1,4,99,,4,38,10,4,1,2,32,4,,,Normal,,1,0,1,Level 3
2997,23,,,,,3,13499,91,29,1,9,4,3,2,19,,6,35,4,4,3,3,22,1,,,Low,,1,0,0,Level 3
2998,56,,,,,1,3665,45,28,13,3,3,2,2,60,,8,58,10,2,2,1,3,3,,Medium,High,,1,1,0,Level 1
2999,20,,,,,5,17866,92,11,5,3,2,4,4,86,,3,37,6,3,2,2,30,3,,,Normal,Expert,1,0,1,Level 4
3000,20,,,,,2,6657,29,21,3,6,3,2,3,54,,5,43,10,1,1,3,11,3,,High,Normal,,1,0,0,Level 1
3001,39,,,,,2,18573,48,3,3,2,1,5,4,86,,9,43,15,4,1,4,23,2,,,Normal,New,0,0,1,Level 4
3002,38,,,,,3,17525,76,23,7,2,2,3,4,35,,6,58,7,2,3,1,13,4,,,High,,1,0,1,Level 4
3003,48,,,,,3,16952,88,29,12,0,2,3,4,44,,4,43,11,2,1,2,26,2,,,Normal,,1,0,1,Level 4
3004,29,,,,,3,13383,71,15,1,6,4,1,1,85,,9,57,8,3,3,2,26,2,,,High,,1,0,0,Level 3
3005,37,,,,,4,9903,35,17,3,3,4,4,3,86,,3,43,13,3,2,1,19,2,,Very High,Normal,,1,0,0,Level 2
3006,47,,,,,2,8299,68,24,10,6,4,2,2,41,,1,50,16,1,2,1,33,2,,High,High,,1,0,0,Level 2
3007,54,,,,,3,19215,51,3,6,1,3,4,1,72,,9,33,17,1,3,2,21,2,,,Low,New,0,1,0,Level 4
3008,50,,,,,5,3717,54,29,14,4,1,3,2,28,,4,35,5,1,4,1,35,1,,Medium,Low,,1,1,0,Level 1
3009,46,,,,,4,5920,34,20,8,6,4,4,4,20,,3,36,7,2,4,4,24,2,,Medium,Normal,,1,0,1,Level 1
3010,30,,,,,1,3654,85,26,6,8,4,3,4,61,,5,56,11,3,2,2,46,4,,Medium,High,,1,0,1,Level 1
3011,57,,,,,4,9328,32,4,11,9,3,5,1,36,,2,49,3,2,3,1,22,3,,Very High,High,Experienced,0,1,0,Level 2
3012,24,,,,,4,6811,58,11,4,3,2,4,3,36,,4,31,17,2,4,1,14,4,,High,Low,Expert,1,0,0,Level 1
3013,27,,,,,4,17437,70,23,8,5,3,3,4,29,,1,46,5,3,3,2,35,2,,,High,,1,0,1,Level 4
3014,53,,,,,5,18747,31,28,10,2,2,4,1,66,,2,49,1,3,4,3,5,2,,,High,,1,1,0,Level 4
3015,31,,,,,2,9111,56,7,5,1,3,4,3,32,,8,42,16,2,3,2,22,3,,Very High,Normal,Senior,1,0,0,Level 2
3016,57,,,,,3,13919,85,20,10,9,4,2,2,60,,8,59,6,1,2,4,25,3,,,High,,1,1,0,Level 3
3017,20,,,,,5,15375,42,22,6,1,1,4,1,47,,9,43,8,2,4,1,34,3,,,Normal,,1,0,0,Level 3
3018,50,,,,,5,8363,35,24,12,4,1,4,2,42,,3,49,14,3,3,4,34,4,,High,High,,1,1,0,Level 2
3019,23,,,,,3,13533,51,26,13,2,3,4,3,79,,3,52,6,4,1,1,49,4,,,High,,1,0,0,Level 3
3020,24,,,,,4,6201,37,14,1,1,4,3,1,27,,7,33,19,2,4,2,41,1,,High,Low,,1,0,0,Level 1
3021,49,,,,,1,9998,62,4,4,1,1,3,4,19,,3,56,18,2,4,3,15,3,,Very High,High,Experienced,0,0,1,Level 2
3022,43,,,,,4,8331,73,13,11,2,3,4,2,42,,8,53,3,3,4,4,10,2,,High,High,,1,0,0,Level 2
3023,22,,,,,4,13951,88,1,4,0,2,5,3,73,,2,59,14,1,4,2,40,1,,,High,New,0,0,0,Level 3
3024,30,,,,,2,19674,66,23,12,7,4,4,4,27,,5,46,12,1,4,3,36,3,,,High,,1,0,1,Level 4
3025,23,,,,,4,9960,31,18,12,8,4,4,1,99,,4,56,7,2,1,2,47,1,,Very High,High,,1,0,0,Level 2
3026,45,,,,,1,8738,52,27,5,0,4,3,4,7,,4,30,11,4,3,4,11,1,,High,Low,,1,0,1,Level 2
3027,46,,,,,5,6423,15,13,12,4,1,1,1,87,,2,46,4,4,1,4,4,4,,High,High,,1,0,0,Level 1
3028,46,,,,,4,14358,89,3,1,7,1,1,1,64,,1,50,17,4,2,4,8,3,,,High,New,0,0,0,Level 3
3029,25,,,,,5,6499,47,8,4,1,4,4,2,16,,5,59,8,3,1,2,11,3,,High,High,Expert,1,0,0,Level 1
3030,34,,,,,2,16086,58,18,11,0,1,5,1,59,,3,48,9,3,4,1,29,4,,,High,,1,0,0,Level 4
3031,49,,,,,1,17973,34,2,7,4,2,2,3,19,,3,33,1,1,2,4,42,1,,,Low,New,0,0,0,Level 4
3032,56,,,,,3,12168,61,20,6,0,1,3,3,12,,4,55,0,4,3,1,26,3,,,High,,1,1,0,Level 3
3033,56,,,,,3,4200,83,6,10,5,1,2,2,12,,5,47,10,2,1,3,31,1,,Medium,High,Senior,1,1,0,Level 1
3034,56,,,,,2,3121,56,26,5,8,4,2,1,30,,8,43,18,3,2,2,25,2,,Medium,Normal,,1,1,0,Level 1
3035,54,,,,,1,7370,40,27,11,7,4,5,3,21,,5,34,2,4,2,2,34,1,,High,Low,,1,1,0,Level 2
3036,42,,,,,5,12151,63,18,1,5,3,5,4,14,,8,34,9,3,4,1,11,3,,,Low,,1,0,1,Level 3
3037,25,,,,,2,6815,85,25,8,3,3,1,3,78,,2,34,8,4,3,2,27,1,,High,Low,,1,0,0,Level 1
3038,23,,,,,4,7407,32,28,12,6,2,3,1,97,,4,45,10,1,1,3,13,2,,High,Normal,,1,0,0,Level 2
3039,37,,,,,5,17753,23,18,5,5,2,1,4,46,,8,50,15,3,4,4,1,4,,,High,,1,0,1,Level 4
3040,28,,,,,4,3687,80,9,14,6,3,5,3,35,,2,40,2,4,2,2,10,1,,Medium,Normal,Expert,1,0,0,Level 1
3041,48,,,,,4,16556,74,15,13,1,1,5,4,95,,1,30,10,2,2,2,38,4,,,Low,,1,0,1,Level 4
3042,32,,,,,5,16444,51,23,13,6,3,3,1,12,,7,57,2,1,1,3,13,3,,,High,,1,0,0,Level 4
3043,36,,,,,4,18006,61,27,14,9,3,3,3,83,,1,49,13,2,4,2,38,2,,,High,,1,0,0,Level 4
3044,51,,,,,3,17103,43,3,8,3,2,4,2,24,,8,45,12,1,3,3,42,2,,,Normal,New,0,1,0,Level 4
3045,41,,,,,5,7436,77,25,14,4,2,4,4,52,,7,56,0,4,3,3,2,3,,High,High,,1,0,1,Level 2
3046,23,,,,,2,3021,29,9,11,6,1,2,2,85,,4,35,12,4,3,2,44,4,,Medium,Low,Expert,1,0,0,Level 1
3047,24,,,,,3,18973,23,22,6,9,4,3,2,66,,4,41,4,2,1,1,1,3,,,Normal,,1,0,0,Level 4
3048,56,,,,,2,10317,94,18,7,1,4,3,2,40,,8,53,17,1,2,4,2,2,,Very High,High,,1,1,0,Level 2
3049,32,,,,,1,9712,80,23,10,0,3,1,4,28,,4,39,5,3,1,2,32,2,,Very High,Normal,,1,0,1,Level 2
3050,53,,,,,2,15144,15,20,10,4,1,1,3,40,,9,53,17,4,4,3,12,4,,,High,,1,1,0,Level 3
3051,41,,,,,5,3969,23,20,14,9,4,4,4,67,,4,57,10,2,1,3,40,1,,Medium,High,,1,0,1,Level 1
3052,42,,,,,2,6778,71,7,1,0,4,2,4,81,,6,51,14,2,1,3,39,1,,High,High,Senior,1,0,1,Level 1
3053,22,,,,,1,11536,70,21,6,5,2,5,3,53,,7,45,10,4,1,3,33,2,,Very High,Normal,,1,0,0,Level 3
3054,53,,,,,4,19284,34,17,3,1,4,4,1,39,,7,52,4,2,4,4,36,2,,,High,,1,1,0,Level 4
3055,51,,,,,5,6331,16,3,3,1,2,1,3,20,,5,30,4,4,3,4,21,3,,High,Low,New,0,1,0,Level 1
3056,40,,,,,3,7295,15,7,3,3,4,5,4,94,,7,59,15,4,2,3,39,3,,High,High,Senior,1,0,1,Level 2
3057,40,,,,,3,18962,88,13,6,9,2,2,4,97,,8,36,13,2,4,3,5,3,,,Normal,,1,0,1,Level 4
3058,30,,,,,2,14799,68,9,8,1,1,1,2,16,,4,49,0,4,1,1,16,4,,,High,Expert,1,0,0,Level 3
3059,58,,,,,3,18073,33,9,12,8,1,4,2,89,,4,30,19,2,3,3,14,2,,,Low,Expert,1,1,0,Level 4
3060,23,,,,,1,19923,32,23,3,2,3,4,4,88,,2,37,4,4,1,3,12,4,,,Normal,,1,0,1,Level 4
3061,20,,,,,3,18231,38,5,3,7,2,2,1,3,,2,45,9,4,1,3,35,3,,,Normal,Experienced,1,0,0,Level 4
3062,47,,,,,2,13485,66,4,5,6,3,4,1,59,,8,42,13,4,3,1,3,4,,,Normal,Experienced,0,0,0,Level 3
3063,43,,,,,3,13252,34,9,6,6,2,2,1,91,,9,56,18,4,3,1,20,1,,,High,Expert,1,0,0,Level 3
3064,54,,,,,4,16265,25,6,6,3,3,3,1,37,,9,39,2,1,2,4,37,2,,,Normal,Senior,1,1,0,Level 4
3065,32,,,,,4,4488,87,29,7,3,2,1,2,65,,3,43,16,4,2,2,9,1,,Medium,Normal,,1,0,0,Level 1
3066,53,,,,,3,3285,93,10,13,0,3,3,4,51,,1,36,11,2,3,1,8,3,,Medium,Normal,Expert,1,1,1,Level 1
3067,30,,,,,5,8733,74,18,7,7,1,3,3,66,,2,57,11,4,1,1,17,3,,High,High,,1,0,0,Level 2
3068,55,,,,,3,18280,30,3,13,0,1,4,3,28,,8,39,3,4,2,4,32,4,,,Normal,New,0,1,0,Level 4
3069,36,,,,,4,19496,27,23,11,3,4,5,3,27,,3,41,6,1,2,3,28,2,,,Normal,,1,0,0,Level 4
3070,54,,,,,4,7433,67,20,3,2,3,4,3,59,,2,37,6,4,3,1,39,3,,High,Normal,,1,1,0,Level 2
3071,37,,,,,1,9926,20,7,14,0,2,1,1,90,,4,42,13,4,1,3,13,2,,Very High,Normal,Senior,1,0,0,Level 2
3072,59,,,,,2,13998,39,29,5,6,1,4,3,6,,5,30,15,3,1,4,38,2,,,Low,,1,1,0,Level 3
3073,41,,,,,1,4563,77,12,1,6,3,1,4,20,,2,43,14,2,4,3,45,3,,Medium,Normal,,1,0,1,Level 1
3074,43,,,,,5,18827,61,28,1,1,1,5,1,37,,3,53,12,2,3,4,15,2,,,High,,1,0,0,Level 4
3075,38,,,,,2,16699,29,5,2,9,3,5,4,77,,6,40,3,3,1,2,43,1,,,Normal,Experienced,1,0,1,Level 4
3076,56,,,,,3,16891,68,17,12,4,3,5,1,43,,1,56,18,1,1,1,28,2,,,High,,1,1,0,Level 4
3077,58,,,,,3,9689,96,26,12,7,1,1,3,86,,2,39,10,3,4,3,22,1,,Very High,Normal,,1,1,0,Level 2
3078,40,,,,,5,11662,57,19,2,0,4,5,3,51,,7,30,10,1,3,3,2,3,,Very High,Low,,1,0,0,Level 3
3079,27,,,,,4,5986,28,25,7,8,1,3,4,98,,2,56,12,4,4,4,11,2,,Medium,High,,1,0,1,Level 1
3080,47,,,,,3,18586,48,4,5,6,3,4,4,93,,5,44,11,4,2,4,41,1,,,Normal,Experienced,0,0,1,Level 4
3081,24,,,,,1,17026,16,12,13,6,3,4,3,92,,4,39,4,1,4,3,30,4,,,Normal,,1,0,0,Level 4
3082,36,,,,,4,5620,34,21,3,1,3,1,4,72,,1,38,19,2,1,4,20,3,,Medium,Normal,,1,0,1,Level 1
3083,56,,,,,3,14454,30,15,7,7,3,2,4,50,,5,42,13,1,4,1,46,4,,,Normal,,1,1,1,Level 3
3084,55,,,,,4,12333,81,2,12,2,4,2,4,22,,4,52,8,3,1,2,9,2,,,High,New,0,1,1,Level 3
3085,38,,,,,2,7403,44,26,3,9,3,4,1,68,,8,42,12,4,1,4,39,2,,High,Normal,,1,0,0,Level 2
3086,46,,,,,3,14742,65,15,3,6,1,2,4,13,,2,37,9,2,4,1,2,4,,,Normal,,1,0,1,Level 3
3087,53,,,,,3,19438,17,11,4,2,2,2,1,14,,5,39,7,1,2,4,35,3,,,Normal,Expert,1,1,0,Level 4
3088,30,,,,,4,15700,91,24,5,5,4,2,4,14,,9,43,12,1,2,4,9,1,,,Normal,,1,0,1,Level 4
3089,31,,,,,2,10412,65,1,8,0,3,1,4,34,,9,34,0,1,4,3,49,3,,Very High,Low,New,0,0,1,Level 2
3090,40,,,,,1,15103,60,14,9,3,2,3,2,10,,3,35,2,4,1,2,42,4,,,Low,,1,0,0,Level 3
3091,30,,,,,2,10125,54,27,13,8,2,5,2,92,,4,33,11,3,4,4,14,1,,Very High,Low,,1,0,0,Level 2
3092,58,,,,,1,6467,43,4,5,6,4,1,2,36,,1,41,16,2,2,1,14,3,,High,Normal,Experienced,0,1,0,Level 1
3093,47,,,,,5,4494,37,6,8,6,4,3,1,71,,2,38,16,2,4,4,1,4,,Medium,Normal,Senior,1,0,0,Level 1
3094,24,,,,,2,7133,31,8,3,3,2,5,4,20,,6,42,11,4,2,2,12,4,,High,Normal,Expert,1,0,1,Level 1
3095,36,,,,,1,6703,99,20,11,9,3,5,1,14,,9,40,4,3,4,4,35,4,,High,Normal,,1,0,0,Level 1
3096,39,,,,,4,18499,83,2,7,0,4,1,4,44,,6,53,6,3,2,3,25,2,,,High,New,0,0,1,Level 4
3097,31,,,,,1,19566,99,4,3,0,1,4,3,75,,1,31,17,4,1,2,7,1,,,Low,Experienced,0,0,0,Level 4
3098,25,,,,,5,4236,80,17,12,2,2,1,2,96,,5,52,15,4,2,2,45,1,,Medium,High,,1,0,0,Level 1
3099,36,,,,,1,15427,37,24,12,6,4,5,2,7,,4,56,6,2,2,1,39,2,,,High,,1,0,0,Level 3
3100,38,,,,,2,11812,89,9,10,6,4,2,1,23,,6,52,18,1,1,3,35,3,,Very High,High,Expert,1,0,0,Level 3
3101,45,,,,,1,18838,93,19,3,4,3,2,3,31,,4,57,14,3,3,1,11,3,,,High,,1,0,0,Level 4
3102,51,,,,,2,7127,37,8,4,8,1,4,4,70,,8,42,4,1,3,2,7,4,,High,Normal,Expert,1,1,1,Level 1
3103,25,,,,,5,3234,21,9,2,1,4,1,2,24,,8,52,8,4,1,4,47,4,,Medium,High,Expert,1,0,0,Level 1
3104,55,,,,,1,3072,57,28,7,8,1,5,2,45,,7,32,8,1,2,3,23,4,,Medium,Low,,1,1,0,Level 1
3105,57,,,,,1,4789,76,13,6,8,2,2,2,80,,2,47,14,2,1,2,24,3,,Medium,High,,1,1,0,Level 1
3106,30,,,,,5,11859,48,8,11,5,2,3,2,94,,8,30,1,1,3,3,47,2,,Very High,Low,Expert,1,0,0,Level 3
3107,52,,,,,1,7023,65,14,3,3,2,2,3,9,,2,37,1,3,1,1,1,2,,High,Normal,,1,1,0,Level 1
3108,43,,,,,2,15004,58,18,1,4,4,4,4,49,,1,30,15,2,4,2,36,1,,,Low,,1,0,1,Level 3
3109,42,,,,,3,13531,84,18,12,5,1,1,1,55,,9,31,12,1,3,3,43,4,,,Low,,1,0,0,Level 3
3110,34,,,,,3,17244,94,10,10,3,1,1,4,71,,5,44,13,4,1,3,10,2,,,Normal,Expert,1,0,1,Level 4
3111,46,,,,,2,14551,69,29,3,8,4,2,1,0,,6,35,13,2,1,4,13,4,,,Low,,1,0,0,Level 3
3112,30,,,,,1,5260,80,20,4,1,1,3,3,8,,1,41,1,1,2,4,31,2,,Medium,Normal,,1,0,0,Level 1
3113,36,,,,,2,7262,72,1,10,7,2,1,2,47,,1,43,0,3,2,2,43,1,,High,Normal,New,0,0,0,Level 2
3114,33,,,,,5,10388,57,12,1,8,2,1,2,25,,8,52,19,3,3,4,11,1,,Very High,High,,1,0,0,Level 2
3115,46,,,,,2,9934,75,3,8,3,4,5,2,9,,5,52,17,2,1,3,32,4,,Very High,High,New,0,0,0,Level 2
3116,37,,,,,3,10456,52,20,2,8,3,4,4,89,,2,39,10,3,1,1,23,2,,Very High,Normal,,1,0,1,Level 2
3117,47,,,,,4,17191,42,12,3,1,3,5,3,57,,7,31,7,4,3,3,31,4,,,Low,,1,0,0,Level 4
3118,23,,,,,5,13219,71,18,13,2,2,4,1,44,,1,42,14,3,3,3,35,3,,,Normal,,1,0,0,Level 3
3119,26,,,,,1,11370,55,12,5,9,1,1,1,17,,4,53,4,3,2,3,30,3,,Very High,High,,1,0,0,Level 2
3120,54,,,,,2,9117,87,7,9,4,4,3,2,58,,1,32,16,2,2,3,14,3,,Very High,Low,Senior,1,1,0,Level 2
3121,28,,,,,5,5051,64,29,6,3,1,3,1,56,,8,31,3,2,1,4,28,4,,Medium,Low,,1,0,0,Level 1
3122,27,,,,,3,17279,75,26,3,2,2,1,3,66,,5,43,17,4,3,3,14,2,,,Normal,,1,0,0,Level 4
3123,36,,,,,1,14727,83,3,3,3,3,4,4,27,,2,31,12,2,1,4,21,2,,,Low,New,0,0,1,Level 3
3124,36,,,,,2,5940,77,7,8,8,2,5,4,80,,4,30,17,2,1,3,48,1,,Medium,Low,Senior,1,0,1,Level 1
3125,52,,,,,2,14009,95,23,4,8,4,5,4,14,,2,40,14,1,1,3,45,3,,,Normal,,1,1,1,Level 3
3126,51,,,,,1,6628,40,13,5,4,4,5,4,34,,8,30,10,2,4,3,19,4,,High,Low,,1,1,1,Level 1
3127,27,,,,,4,10634,40,29,4,6,2,4,3,41,,6,41,9,1,2,3,46,2,,Very High,Normal,,1,0,0,Level 2
3128,38,,,,,4,8463,87,11,11,7,1,1,3,24,,9,52,2,1,1,1,16,2,,High,High,Expert,1,0,0,Level 2
3129,57,,,,,5,12423,37,25,9,1,2,3,4,12,,6,38,8,4,2,1,39,3,,,Normal,,1,1,1,Level 3
3130,22,,,,,2,6698,66,20,8,8,2,5,4,65,,2,43,15,4,2,4,35,2,,High,Normal,,1,0,1,Level 1
3131,24,,,,,5,4959,87,20,14,8,1,4,3,98,,3,51,12,3,4,2,3,4,,Medium,High,,1,0,0,Level 1
3132,32,,,,,1,4526,88,17,13,1,1,4,2,56,,2,44,6,2,1,1,5,2,,Medium,Normal,,1,0,0,Level 1
3133,50,,,,,5,13369,84,15,7,5,1,5,2,60,,3,37,3,1,3,3,37,1,,,Normal,,1,1,0,Level 3
3134,35,,,,,2,9929,18,27,4,3,1,1,1,85,,3,57,13,3,4,4,26,4,,Very High,High,,1,0,0,Level 2
3135,51,,,,,4,6519,15,6,9,0,3,3,3,81,,9,43,6,1,4,4,28,2,,High,Normal,Senior,1,1,0,Level 1
3136,41,,,,,4,17071,20,6,11,4,4,3,1,84,,8,41,9,1,3,4,28,4,,,Normal,Senior,1,0,0,Level 4
3137,48,,,,,1,15311,70,7,8,2,3,4,3,10,,5,48,10,2,3,3,13,2,,,High,Senior,1,0,0,Level 3
3138,41,,,,,3,3376,43,9,8,0,2,1,1,56,,7,41,1,3,1,4,26,1,,Medium,Normal,Expert,1,0,0,Level 1
3139,22,,,,,5,3778,17,26,10,1,1,2,1,42,,4,31,7,3,3,3,40,3,,Medium,Low,,1,0,0,Level 1
3140,29,,,,,1,8275,56,26,2,6,4,3,3,46,,8,47,12,4,4,3,34,1,,High,High,,1,0,0,Level 2
3141,40,,,,,4,6343,23,26,5,0,1,2,4,41,,5,30,17,2,1,1,4,1,,High,Low,,1,0,1,Level 1
3142,35,,,,,2,17428,95,9,6,2,1,4,4,3,,3,36,3,1,4,2,22,4,,,Normal,Expert,1,0,1,Level 4
3143,31,,,,,2,6595,73,21,6,0,3,3,1,61,,1,54,13,1,1,4,33,1,,High,High,,1,0,0,Level 1
3144,21,,,,,3,17061,52,18,9,0,2,1,1,24,,3,32,3,4,1,1,7,1,,,Low,,1,0,0,Level 4
3145,43,,,,,3,17456,56,1,4,7,2,2,1,33,,3,49,13,1,3,3,9,3,,,High,New,0,0,0,Level 4
3146,54,,,,,4,17937,64,18,7,5,2,5,3,55,,5,47,14,4,1,3,45,2,,,High,,1,1,0,Level 4
3147,49,,,,,3,16187,28,18,9,3,1,2,2,68,,5,53,4,1,4,4,21,4,,,High,,1,0,0,Level 4
3148,49,,,,,3,19970,59,12,5,7,4,4,1,40,,7,38,17,4,1,3,42,2,,,Normal,,1,0,0,Level 4
3149,54,,,,,2,10489,47,1,11,6,3,4,4,32,,3,50,2,4,1,2,17,3,,Very High,High,New,0,1,1,Level 2
3150,38,,,,,5,9744,34,28,6,8,1,4,1,43,,8,43,3,3,4,3,34,4,,Very High,Normal,,1,0,0,Level 2
3151,27,,,,,2,11801,48,24,1,0,1,1,1,70,,2,32,8,2,2,2,45,2,,Very High,Low,,1,0,0,Level 3
3152,45,,,,,2,13692,81,19,13,9,3,1,3,91,,9,57,12,4,1,3,45,3,,,High,,1,0,0,Level 3
3153,59,,,,,4,16918,98,26,7,4,2,4,4,83,,2,56,14,2,4,1,44,1,,,High,,1,1,1,Level 4
3154,26,,,,,4,10484,81,14,5,5,3,3,2,73,,6,44,0,4,1,2,5,2,,Very High,Normal,,1,0,0,Level 2
3155,49,,,,,5,18823,84,14,4,5,1,5,4,29,,8,57,15,4,3,2,45,1,,,High,,1,0,1,Level 4
3156,26,,,,,1,3108,53,26,3,9,4,1,3,66,,2,57,19,3,2,1,39,1,,Medium,High,,1,0,0,Level 1
3157,22,,,,,3,4498,57,16,1,6,1,3,4,27,,1,40,13,4,2,3,38,3,,Medium,Normal,,1,0,1,Level 1
3158,20,,,,,3,12141,53,28,5,4,3,2,3,94,,6,46,8,2,4,2,40,2,,,High,,1,0,0,Level 3
3159,55,,,,,2,18008,99,24,3,4,3,2,4,39,,5,30,11,1,2,1,10,2,,,Low,,1,1,1,Level 4
3160,44,,,,,2,13586,58,6,8,0,3,3,3,30,,4,49,7,1,3,3,25,1,,,High,Senior,1,0,0,Level 3
3161,56,,,,,5,7917,15,17,12,9,2,5,3,65,,8,47,19,1,4,2,10,2,,High,High,,1,1,0,Level 2
3162,20,,,,,3,19005,64,13,13,4,2,2,3,94,,6,49,3,1,1,4,36,3,,,High,,1,0,0,Level 4
3163,34,,,,,2,10428,88,29,4,9,3,3,4,17,,5,42,3,3,3,3,44,1,,Very High,Normal,,1,0,1,Level 2
3164,56,,,,,2,4057,76,23,3,0,4,3,4,9,,5,38,19,4,2,1,21,2,,Medium,Normal,,1,1,1,Level 1
3165,32,,,,,4,17867,17,19,12,9,3,4,4,31,,7,48,17,2,4,2,13,1,,,High,,1,0,1,Level 4
3166,59,,,,,1,12863,92,25,1,1,1,3,3,71,,8,41,17,3,4,3,19,4,,,Normal,,1,1,0,Level 3
3167,27,,,,,5,18605,22,25,12,0,3,5,2,84,,2,46,10,3,2,1,21,3,,,High,,1,0,0,Level 4
3168,24,,,,,1,6625,62,20,10,7,2,4,4,84,,8,46,9,1,4,3,39,3,,High,High,,1,0,1,Level 1
3169,28,,,,,1,18025,55,2,2,7,3,5,3,42,,4,57,17,1,3,2,30,3,,,High,New,0,0,0,Level 4
3170,20,,,,,5,11896,50,10,10,7,3,5,4,45,,7,33,0,2,2,3,12,2,,Very High,Low,Expert,1,0,1,Level 3
3171,55,,,,,3,15021,71,9,2,9,3,4,4,84,,1,54,2,1,3,2,42,1,,,High,Expert,1,1,1,Level 3
3172,54,,,,,2,19872,99,21,1,9,1,4,3,94,,5,58,11,2,4,1,38,3,,,High,,1,1,0,Level 4
3173,21,,,,,5,14298,92,27,8,0,2,2,2,26,,1,48,3,3,2,3,4,1,,,High,,1,0,0,Level 3
3174,59,,,,,2,13281,57,12,5,3,4,2,4,92,,6,49,19,1,1,3,24,4,,,High,,1,1,1,Level 3
3175,42,,,,,4,11361,42,8,2,0,3,4,2,77,,8,33,12,3,3,3,46,2,,Very High,Low,Expert,1,0,0,Level 2
3176,28,,,,,1,15208,99,9,8,3,1,5,2,8,,5,59,15,1,4,3,40,3,,,High,Expert,1,0,0,Level 3
3177,53,,,,,4,10150,73,11,14,6,3,1,3,10,,4,55,5,3,3,3,49,4,,Very High,High,Expert,1,1,0,Level 2
3178,33,,,,,1,12784,43,1,10,9,2,3,4,70,,9,49,18,4,3,4,45,4,,,High,New,0,0,1,Level 3
3179,23,,,,,3,16155,52,11,5,6,1,4,2,4,,3,44,9,4,3,3,31,3,,,Normal,Expert,1,0,0,Level 4
3180,49,,,,,5,11757,48,19,10,0,1,3,4,71,,5,58,8,2,1,1,25,4,,Very High,High,,1,0,1,Level 3
3181,50,,,,,3,12609,79,23,14,9,1,2,3,58,,4,42,1,4,4,3,19,2,,,Normal,,1,1,0,Level 3
3182,57,,,,,1,10355,34,2,5,1,2,3,3,66,,5,49,4,1,3,3,18,3,,Very High,High,New,0,1,0,Level 2
3183,30,,,,,4,17199,40,14,2,5,4,2,1,32,,6,40,8,3,4,1,38,3,,,Normal,,1,0,0,Level 4
3184,54,,,,,1,13837,41,4,14,5,3,4,3,82,,3,40,15,4,4,3,18,4,,,Normal,Experienced,0,1,0,Level 3
3185,27,,,,,3,19363,37,20,8,0,1,2,1,46,,2,49,8,2,4,4,24,3,,,High,,1,0,0,Level 4
3186,22,,,,,3,11429,85,23,13,3,2,5,1,31,,8,49,13,1,3,2,47,3,,Very High,High,,1,0,0,Level 3
3187,33,,,,,4,19237,36,15,13,8,1,5,2,40,,5,50,16,3,3,2,5,2,,,High,,1,0,0,Level 4
3188,32,,,,,4,18846,61,2,3,7,4,5,4,8,,1,36,7,3,2,2,27,4,,,Normal,New,0,0,1,Level 4
3189,51,,,,,3,14632,82,24,4,3,1,3,1,10,,4,47,18,1,4,2,23,4,,,High,,1,1,0,Level 3
3190,53,,,,,1,13124,81,24,5,2,1,3,1,34,,5,44,7,2,4,2,5,1,,,Normal,,1,1,0,Level 3
3191,38,,,,,1,5576,80,29,10,7,4,1,4,11,,6,49,1,4,1,3,9,1,,Medium,High,,1,0,1,Level 1
3192,57,,,,,5,5071,83,16,9,8,2,3,1,11,,5,40,11,2,2,2,7,4,,Medium,Normal,,1,1,0,Level 1
3193,35,,,,,3,13703,96,22,13,0,2,1,4,97,,5,36,12,4,4,2,1,3,,,Normal,,1,0,1,Level 3
3194,21,,,,,5,14241,29,4,2,9,3,4,3,49,,9,41,17,3,3,1,47,3,,,Normal,Experienced,0,0,0,Level 3
3195,59,,,,,3,7284,58,2,8,7,1,4,2,50,,9,54,3,1,4,1,12,1,,High,High,New,0,1,0,Level 2
3196,36,,,,,5,6535,65,15,5,4,3,4,2,35,,6,34,9,3,1,3,44,4,,High,Low,,1,0,0,Level 1
3197,53,,,,,2,9365,79,19,11,2,3,4,2,97,,4,50,17,2,4,1,37,4,,Very High,High,,1,1,0,Level 2
3198,35,,,,,1,19283,39,19,9,9,1,3,3,29,,9,37,2,4,1,2,45,4,,,Normal,,1,0,0,Level 4
3199,57,,,,,1,18298,75,16,9,4,1,5,4,40,,8,39,2,1,3,4,27,2,,,Normal,,1,1,1,Level 4
3200,21,,,,,2,3352,31,12,10,9,4,5,2,2,,7,52,2,1,2,1,27,4,,Medium,High,,1,0,0,Level 1
3201,21,,,,,4,6122,66,3,12,3,3,2,4,97,,5,32,19,1,3,4,38,3,,High,Low,New,0,0,1,Level 1
3202,45,,,,,2,8207,72,20,3,0,1,4,3,48,,2,57,4,3,4,2,42,3,,High,High,,1,0,0,Level 2
3203,32,,,,,1,17823,95,15,12,7,4,5,2,54,,2,31,2,4,2,1,8,1,,,Low,,1,0,0,Level 4
3204,50,,,,,3,5926,71,7,9,6,1,1,2,31,,1,35,0,3,1,4,16,3,,Medium,Low,Senior,1,1,0,Level 1
3205,53,,,,,5,8825,52,9,7,3,3,4,2,78,,2,40,11,2,2,1,21,1,,High,Normal,Expert,1,1,0,Level 2
3206,58,,,,,1,7044,83,26,14,3,1,1,1,7,,5,59,2,4,4,3,13,2,,High,High,,1,1,0,Level 1
3207,22,,,,,2,15388,51,29,9,4,1,3,1,50,,7,50,4,1,1,2,24,4,,,High,,1,0,0,Level 3
3208,27,,,,,3,7620,89,15,7,0,2,4,3,48,,6,45,10,4,2,2,41,1,,High,Normal,,1,0,0,Level 2
3209,42,,,,,1,4170,90,20,14,3,4,4,1,72,,1,38,5,4,4,2,34,1,,Medium,Normal,,1,0,0,Level 1
3210,33,,,,,2,18505,48,13,8,4,1,5,4,89,,9,41,7,1,4,2,17,4,,,Normal,,1,0,1,Level 4
3211,46,,,,,1,8640,49,7,4,7,2,3,4,62,,9,37,6,3,1,4,25,1,,High,Normal,Senior,1,0,1,Level 2
3212,48,,,,,2,7917,74,26,14,0,1,2,3,21,,5,56,13,3,1,1,49,1,,High,High,,1,0,0,Level 2
3213,58,,,,,2,14825,53,22,14,3,3,1,3,37,,5,32,17,1,2,2,12,4,,,Low,,1,1,0,Level 3
3214,58,,,,,1,10306,60,16,5,9,3,4,4,93,,4,41,2,1,4,4,25,3,,Very High,Normal,,1,1,1,Level 2
3215,20,,,,,3,17262,30,10,12,9,2,1,4,32,,5,42,11,2,1,4,24,3,,,Normal,Expert,1,0,1,Level 4
3216,36,,,,,1,14125,45,25,6,6,1,4,1,13,,9,36,15,3,1,3,22,2,,,Normal,,1,0,0,Level 3
3217,49,,,,,1,8801,28,24,4,4,2,4,1,68,,6,39,10,4,4,3,45,2,,High,Normal,,1,0,0,Level 2
3218,32,,,,,3,18498,61,2,14,0,1,2,4,9,,2,57,15,3,1,2,29,1,,,High,New,0,0,1,Level 4
3219,40,,,,,1,5292,46,19,13,6,4,5,2,43,,2,40,16,3,4,3,32,4,,Medium,Normal,,1,0,0,Level 1
3220,38,,,,,5,17977,91,6,8,0,4,1,4,24,,6,59,18,3,4,4,36,2,,,High,Senior,1,0,1,Level 4
3221,38,,,,,5,12425,31,21,13,1,1,1,2,83,,3,42,6,3,4,1,43,3,,,Normal,,1,0,0,Level 3
3222,44,,,,,5,19577,70,18,14,7,1,3,4,51,,9,57,19,3,1,4,33,3,,,High,,1,0,1,Level 4
3223,41,,,,,2,15619,50,2,5,8,4,3,4,74,,3,47,16,4,2,2,35,2,,,High,New,0,0,1,Level 3
3224,50,,,,,4,16839,56,21,3,7,2,5,3,50,,6,58,16,4,2,4,40,4,,,High,,1,1,0,Level 4
3225,36,,,,,1,8197,96,21,1,7,4,5,4,50,,3,43,0,3,2,2,29,1,,High,Normal,,1,0,1,Level 2
3226,42,,,,,4,16958,33,1,14,5,2,3,2,33,,8,51,12,2,2,2,24,4,,,High,New,0,0,0,Level 4
3227,51,,,,,5,11436,21,15,1,6,2,3,2,15,,8,43,6,4,2,1,4,4,,Very High,Normal,,1,1,0,Level 3
3228,29,,,,,3,6466,69,10,13,3,4,3,3,67,,5,46,16,2,2,2,13,1,,High,High,Expert,1,0,0,Level 1
3229,29,,,,,5,14959,44,27,14,4,4,5,3,56,,3,44,9,3,4,1,14,2,,,Normal,,1,0,0,Level 3
3230,55,,,,,1,19043,90,3,14,1,3,3,1,99,,2,38,4,2,2,3,22,2,,,Normal,New,0,1,0,Level 4
3231,27,,,,,4,8212,89,25,13,9,2,2,3,52,,6,31,12,1,3,1,47,3,,High,Low,,1,0,0,Level 2
3232,39,,,,,4,8945,43,10,8,3,4,5,4,51,,1,52,10,1,3,3,30,1,,High,High,Expert,1,0,1,Level 2
3233,51,,,,,2,9319,81,29,3,6,4,3,3,27,,1,44,7,3,3,1,2,3,,Very High,Normal,,1,1,0,Level 2
3234,33,,,,,3,15477,48,3,11,3,1,5,3,73,,9,33,14,3,4,2,42,2,,,Low,New,0,0,0,Level 3
3235,47,,,,,5,17299,48,22,10,5,2,2,1,87,,5,50,17,2,2,4,37,2,,,High,,1,0,0,Level 4
3236,43,,,,,3,19999,16,6,4,7,3,1,1,47,,7,44,3,3,2,3,30,1,,,Normal,Senior,1,0,0,Level 4
3237,34,,,,,1,17659,41,2,7,4,4,3,2,72,,5,32,14,3,3,3,41,2,,,Low,New,0,0,0,Level 4
3238,41,,,,,2,14496,61,23,1,7,3,2,4,5,,8,47,6,1,1,1,46,3,,,High,,1,0,1,Level 3
3239,49,,,,,5,4531,71,25,6,3,3,4,2,36,,9,45,9,2,3,2,39,3,,Medium,Normal,,1,0,0,Level 1
3240,23,,,,,1,17439,31,9,1,1,2,5,2,9,,5,40,14,4,4,3,27,2,,,Normal,Expert,1,0,0,Level 4
3241,32,,,,,3,19187,40,8,3,8,3,1,1,60,,9,30,2,4,3,2,3,2,,,Low,Expert,1,0,0,Level 4
3242,42,,,,,2,9571,24,21,4,1,4,4,1,94,,5,52,10,4,3,4,26,4,,Very High,High,,1,0,0,Level 2
3243,27,,,,,5,4775,53,24,11,6,3,3,3,99,,8,41,6,2,3,3,43,3,,Medium,Normal,,1,0,0,Level 1
3244,37,,,,,3,19285,23,25,14,5,4,4,3,40,,8,45,1,3,1,2,13,3,,,Normal,,1,0,0,Level 4
3245,31,,,,,5,10136,39,1,7,1,3,3,4,51,,8,39,0,3,3,4,29,1,,Very High,Normal,New,0,0,1,Level 2
3246,50,,,,,2,13681,34,17,2,2,3,2,1,33,,4,40,17,1,2,2,24,1,,,Normal,,1,1,0,Level 3
3247,33,,,,,2,18059,29,27,8,6,3,2,3,8,,5,54,9,3,2,4,21,2,,,High,,1,0,0,Level 4
3248,53,,,,,3,12341,25,13,6,5,2,1,1,28,,2,39,2,1,4,4,27,1,,,Normal,,1,1,0,Level 3
3249,37,,,,,5,8155,30,5,10,5,3,4,2,40,,2,56,6,4,4,3,46,3,,High,High,Experienced,1,0,0,Level 2
3250,53,,,,,4,16553,36,7,2,6,2,5,2,0,,3,41,14,4,2,3,11,3,,,Normal,Senior,1,1,0,Level 4
3251,30,,,,,1,16714,76,29,14,4,1,2,2,63,,9,39,0,3,2,2,30,4,,,Normal,,1,0,0,Level 4
3252,31,,,,,2,17590,38,9,14,0,2,2,4,11,,3,30,0,2,3,2,3,3,,,Low,Expert,1,0,1,Level 4
3253,34,,,,,5,18291,50,25,3,4,2,3,2,22,,2,55,8,2,3,2,35,4,,,High,,1,0,0,Level 4
3254,50,,,,,3,19466,32,14,4,8,3,1,4,0,,6,39,4,1,2,4,10,4,,,Normal,,1,1,1,Level 4
3255,48,,,,,3,14572,34,19,6,1,3,1,1,94,,4,49,8,4,3,2,23,3,,,High,,1,0,0,Level 3
3256,45,,,,,2,13771,22,1,13,9,4,3,4,24,,6,35,4,4,3,3,40,3,,,Low,New,0,0,1,Level 3
3257,37,,,,,2,7936,29,3,1,2,4,5,4,37,,6,39,8,2,3,4,35,3,,High,Normal,New,0,0,1,Level 2
3258,51,,,,,4,5074,91,16,5,1,4,2,1,3,,1,45,11,1,2,1,8,3,,Medium,Normal,,1,1,0,Level 1
3259,41,,,,,3,7474,92,8,8,4,3,1,3,42,,2,46,0,2,4,2,29,2,,High,High,Expert,1,0,0,Level 2
3260,57,,,,,5,13116,61,7,12,4,2,3,1,89,,9,55,17,4,3,1,47,1,,,High,Senior,1,1,0,Level 3
3261,36,,,,,1,18689,38,21,7,4,4,4,1,60,,2,50,13,2,1,3,48,2,,,High,,1,0,0,Level 4
3262,42,,,,,1,11572,61,11,14,5,4,1,1,31,,5,51,19,4,2,1,48,2,,Very High,High,Expert,1,0,0,Level 3
3263,43,,,,,4,3636,32,26,11,2,2,2,1,27,,6,37,6,4,1,4,38,4,,Medium,Normal,,1,0,0,Level 1
3264,27,,,,,5,3799,46,28,3,7,4,2,2,32,,6,40,19,1,2,4,37,3,,Medium,Normal,,1,0,0,Level 1
3265,25,,,,,1,19666,98,15,14,2,3,2,4,26,,8,32,8,3,2,4,26,3,,,Low,,1,0,1,Level 4
3266,24,,,,,1,3616,56,25,11,1,1,4,2,0,,4,42,8,1,3,4,12,3,,Medium,Normal,,1,0,0,Level 1
3267,48,,,,,5,5088,51,13,2,8,1,4,2,7,,5,55,9,3,4,1,19,4,,Medium,High,,1,0,0,Level 1
3268,47,,,,,5,4044,47,20,2,5,4,2,3,84,,2,49,1,4,4,3,27,2,,Medium,High,,1,0,0,Level 1
3269,30,,,,,2,15529,15,6,10,6,1,3,2,22,,9,42,3,1,3,3,46,2,,,Normal,Senior,1,0,0,Level 3
3270,20,,,,,1,19726,41,28,5,0,1,3,4,31,,8,42,17,1,4,4,21,2,,,Normal,,1,0,1,Level 4
3271,38,,,,,1,4666,31,5,8,2,3,2,2,2,,7,35,7,1,4,2,28,1,,Medium,Low,Experienced,1,0,0,Level 1
3272,28,,,,,4,5464,60,22,6,6,3,3,1,43,,6,56,15,2,1,2,7,1,,Medium,High,,1,0,0,Level 1
3273,46,,,,,2,3037,93,4,6,7,2,5,4,53,,5,40,15,4,2,1,11,3,,Medium,Normal,Experienced,0,0,1,Level 1
3274,53,,,,,2,17808,92,19,7,1,4,2,1,5,,6,56,5,1,3,4,27,4,,,High,,1,1,0,Level 4
3275,23,,,,,1,13352,48,15,1,4,1,1,2,69,,2,36,10,3,1,1,14,3,,,Normal,,1,0,0,Level 3
3276,55,,,,,3,19634,17,21,3,4,2,5,3,48,,5,37,6,2,1,1,6,2,,,Normal,,1,1,0,Level 4
3277,37,,,,,3,19647,70,5,11,8,4,5,2,58,,3,39,2,2,2,3,36,4,,,Normal,Experienced,1,0,0,Level 4
3278,34,,,,,5,8886,26,11,5,2,3,3,4,56,,1,37,12,4,1,1,49,3,,High,Normal,Expert,1,0,1,Level 2
3279,32,,,,,2,8105,40,18,7,4,2,5,2,88,,3,43,4,2,3,4,7,2,,High,Normal,,1,0,0,Level 2
3280,38,,,,,1,4621,38,10,6,7,2,4,2,60,,7,48,1,1,3,2,44,3,,Medium,High,Expert,1,0,0,Level 1
3281,25,,,,,1,8508,74,16,1,2,4,3,1,55,,1,58,6,4,4,2,35,1,,High,High,,1,0,0,Level 2
3282,31,,,,,1,12957,72,4,9,5,4,3,3,40,,2,59,11,4,3,3,41,1,,,High,Experienced,0,0,0,Level 3
3283,56,,,,,4,8861,77,29,13,8,1,4,3,13,,6,46,13,1,4,3,9,1,,High,High,,1,1,0,Level 2
3284,36,,,,,3,14733,22,19,3,9,1,5,1,82,,7,49,7,4,4,1,44,4,,,High,,1,0,0,Level 3
3285,42,,,,,4,14448,90,23,12,3,4,3,2,76,,9,31,0,2,2,2,15,4,,,Low,,1,0,0,Level 3
3286,45,,,,,1,7752,87,5,7,6,1,3,4,36,,8,55,10,4,2,3,4,2,,High,High,Experienced,1,0,1,Level 2
3287,48,,,,,1,17265,40,15,12,7,4,1,4,40,,8,32,5,4,4,4,42,4,,,Low,,1,0,1,Level 4
3288,52,,,,,2,11015,72,6,1,5,1,3,3,29,,8,55,4,2,2,1,32,2,,Very High,High,Senior,1,1,0,Level 2
3289,46,,,,,2,4102,52,27,1,0,2,3,3,91,,5,36,18,2,2,1,9,2,,Medium,Normal,,1,0,0,Level 1
3290,44,,,,,3,10303,63,23,11,5,3,4,3,41,,7,30,15,2,4,4,13,3,,Very High,Low,,1,0,0,Level 2
3291,29,,,,,5,6355,57,2,1,3,1,3,1,35,,5,42,15,1,1,1,14,1,,High,Normal,New,0,0,0,Level 1
3292,42,,,,,1,13568,73,10,13,2,3,3,1,55,,9,34,1,2,4,4,30,3,,,Low,Expert,1,0,0,Level 3
3293,40,,,,,2,5507,97,20,12,2,2,5,2,70,,5,39,10,4,3,1,1,3,,Medium,Normal,,1,0,0,Level 1
3294,40,,,,,3,13964,35,6,4,2,2,3,1,82,,6,56,10,1,2,3,49,4,,,High,Senior,1,0,0,Level 3
3295,32,,,,,4,11998,27,19,1,0,4,2,2,77,,2,43,11,3,3,2,7,4,,Very High,Normal,,1,0,0,Level 3
3296,56,,,,,1,17822,17,6,13,9,1,2,2,25,,1,39,4,3,2,2,28,1,,,Normal,Senior,1,1,0,Level 4
3297,52,,,,,5,18333,46,26,14,9,4,1,2,83,,8,31,7,3,1,4,41,1,,,Low,,1,1,0,Level 4
3298,43,,,,,3,14221,35,15,1,0,2,2,4,13,,9,41,5,1,2,4,12,2,,,Normal,,1,0,1,Level 3
3299,30,,,,,5,3640,28,1,9,1,4,2,1,38,,6,52,9,2,3,4,43,4,,Medium,High,New,0,0,0,Level 1
3300,36,,,,,1,8925,22,8,14,4,3,4,2,95,,3,44,18,2,4,4,34,3,,High,Normal,Expert,1,0,0,Level 2
3301,23,,,,,3,14187,21,26,8,6,1,4,2,59,,9,33,15,4,3,3,37,1,,,Low,,1,0,0,Level 3
3302,44,,,,,2,5099,97,21,5,4,4,1,3,93,,1,43,11,1,3,1,18,1,,Medium,Normal,,1,0,0,Level 1
3303,49,,,,,5,13834,73,11,13,2,3,4,2,27,,6,50,7,1,2,1,24,4,,,High,Expert,1,0,0,Level 3
3304,28,,,,,4,17860,16,14,2,4,1,3,4,43,,7,56,18,2,3,2,4,3,,,High,,1,0,1,Level 4
3305,40,,,,,4,10898,83,1,7,5,1,1,1,44,,2,50,10,3,1,3,14,2,,Very High,High,New,0,0,0,Level 2
3306,39,,,,,5,15277,58,14,12,3,2,3,2,17,,5,37,3,1,4,3,38,4,,,Normal,,1,0,0,Level 3
3307,38,,,,,1,18699,80,26,1,3,4,5,2,29,,9,47,0,3,4,3,10,1,,,High,,1,0,0,Level 4
3308,38,,,,,1,6749,32,10,11,0,2,4,1,69,,3,43,18,3,2,4,20,3,,High,Normal,Expert,1,0,0,Level 1
3309,31,,,,,1,7746,93,27,9,6,3,3,2,69,,6,50,16,2,3,3,33,1,,High,High,,1,0,0,Level 2
3310,56,,,,,4,15581,30,17,1,7,1,5,3,2,,3,33,1,1,4,2,42,4,,,Low,,1,1,0,Level 3
3311,36,,,,,4,9502,26,11,3,3,3,4,2,6,,8,30,6,1,4,1,39,4,,Very High,Low,Expert,1,0,0,Level 2
3312,56,,,,,2,15960,74,10,6,5,1,4,1,33,,2,43,7,4,3,1,2,3,,,Normal,Expert,1,1,0,Level 4
3313,58,,,,,1,12631,68,15,4,5,2,1,1,81,,4,46,17,2,3,2,36,4,,,High,,1,1,0,Level 3
3314,47,,,,,4,7277,54,12,2,0,4,2,2,64,,8,53,15,1,3,2,16,4,,High,High,,1,0,0,Level 2
3315,54,,,,,4,7887,57,3,5,9,2,2,4,26,,7,45,9,3,2,4,31,2,,High,Normal,New,0,1,1,Level 2
3316,37,,,,,1,11103,36,22,10,3,1,3,4,53,,3,31,18,1,4,3,44,2,,Very High,Low,,1,0,1,Level 2
3317,33,,,,,1,15954,18,18,1,5,3,1,1,78,,5,55,14,4,3,3,29,4,,,High,,1,0,0,Level 4
3318,54,,,,,4,8933,90,24,1,8,2,2,4,42,,2,55,8,3,1,2,36,1,,High,High,,1,1,1,Level 2
3319,26,,,,,5,16013,35,27,11,3,1,3,4,23,,8,52,2,3,1,2,15,3,,,High,,1,0,1,Level 4
3320,32,,,,,4,7448,37,26,6,8,1,3,4,90,,1,42,2,3,2,2,26,4,,High,Normal,,1,0,1,Level 2
3321,37,,,,,2,11668,56,7,11,3,1,2,3,61,,5,35,1,1,1,3,34,2,,Very High,Low,Senior,1,0,0,Level 3
3322,56,,,,,3,8194,55,11,9,6,1,5,4,92,,2,43,18,3,4,1,42,1,,High,Normal,Expert,1,1,1,Level 2
3323,32,,,,,1,17622,30,18,10,6,3,3,3,83,,2,34,14,3,1,2,22,2,,,Low,,1,0,0,Level 4
3324,55,,,,,2,8350,50,17,7,7,1,2,3,39,,1,52,8,2,3,2,7,4,,High,High,,1,1,0,Level 2
3325,50,,,,,5,8696,31,23,10,6,3,5,4,29,,9,41,12,1,1,2,5,1,,High,Normal,,1,1,1,Level 2
3326,21,,,,,3,6657,68,16,4,5,3,2,1,43,,5,42,12,4,2,1,41,4,,High,Normal,,1,0,0,Level 1
3327,35,,,,,4,12480,96,29,14,2,4,3,2,81,,3,45,7,1,4,3,30,4,,,Normal,,1,0,0,Level 3
3328,28,,,,,1,3268,21,29,8,9,3,5,4,82,,7,36,4,1,2,3,33,3,,Medium,Normal,,1,0,1,Level 1
3329,28,,,,,4,15588,55,23,1,6,4,3,4,14,,7,41,17,1,2,1,45,3,,,Normal,,1,0,1,Level 3
3330,57,,,,,2,3089,76,3,14,5,3,2,1,48,,8,44,11,1,3,1,21,4,,Medium,Normal,New,0,1,0,Level 1
3331,30,,,,,1,4925,98,26,13,9,2,1,3,86,,1,46,4,3,1,4,17,4,,Medium,High,,1,0,0,Level 1
3332,41,,,,,4,16611,71,13,5,7,3,1,4,42,,7,34,18,2,3,2,30,1,,,Low,,1,0,1,Level 4
3333,52,,,,,1,6247,47,8,2,3,3,2,1,5,,3,41,5,4,3,1,2,2,,High,Normal,Expert,1,1,0,Level 1
3334,55,,,,,2,19241,40,24,11,6,4,4,3,49,,9,55,4,1,2,1,26,3,,,High,,1,1,0,Level 4
3335,42,,,,,4,12794,38,5,3,6,3,5,1,45,,2,37,18,1,4,4,27,2,,,Normal,Experienced,1,0,0,Level 3
3336,53,,,,,3,8297,45,7,10,2,1,1,4,39,,4,38,6,2,3,1,3,1,,High,Normal,Senior,1,1,1,Level 2
3337,28,,,,,5,11196,41,19,4,7,4,2,2,29,,2,41,5,3,3,2,48,2,,Very High,Normal,,1,0,0,Level 2
3338,43,,,,,4,8932,63,22,1,9,2,4,2,73,,4,51,4,4,3,4,3,1,,High,High,,1,0,0,Level 2
3339,27,,,,,1,6061,87,19,5,1,4,3,4,29,,5,43,10,2,4,4,41,3,,High,Normal,,1,0,1,Level 1
3340,26,,,,,4,19814,80,27,10,2,3,3,2,0,,3,37,14,3,2,3,37,1,,,Normal,,1,0,0,Level 4
3341,55,,,,,1,11581,84,12,6,0,3,3,4,28,,8,53,16,4,4,2,25,2,,Very High,High,,1,1,1,Level 3
3342,37,,,,,2,11015,45,9,11,1,2,2,2,88,,4,57,3,4,2,4,18,4,,Very High,High,Expert,1,0,0,Level 2
3343,22,,,,,5,14742,39,23,1,0,3,5,3,94,,3,49,0,1,2,2,15,2,,,High,,1,0,0,Level 3
3344,47,,,,,1,6542,30,17,13,5,1,2,3,14,,9,38,9,2,2,2,37,3,,High,Normal,,1,0,0,Level 1
3345,25,,,,,4,4373,20,24,4,4,1,4,3,16,,4,44,14,1,3,1,33,2,,Medium,Normal,,1,0,0,Level 1
3346,40,,,,,2,7839,83,25,2,5,4,5,1,7,,2,32,0,2,2,4,49,3,,High,Low,,1,0,0,Level 2
3347,47,,,,,3,14490,31,10,1,2,3,3,1,73,,5,50,14,3,3,4,44,1,,,High,Expert,1,0,0,Level 3
3348,59,,,,,4,19836,23,18,14,6,1,1,2,45,,9,30,9,3,1,4,48,4,,,Low,,1,1,0,Level 4
3349,20,,,,,5,9049,76,1,5,3,2,1,4,56,,9,35,13,4,3,2,17,2,,Very High,Low,New,0,0,1,Level 2
3350,55,,,,,2,18883,27,15,12,0,4,1,4,78,,2,45,16,3,1,3,40,1,,,Normal,,1,1,1,Level 4
3351,40,,,,,4,13180,21,11,11,2,2,4,3,27,,1,39,0,2,2,3,11,4,,,Normal,Expert,1,0,0,Level 3
3352,54,,,,,1,11697,32,4,1,4,3,3,4,89,,7,54,18,2,4,4,6,4,,Very High,High,Experienced,0,1,1,Level 3
3353,32,,,,,1,10028,59,25,14,6,1,1,2,83,,2,51,0,2,2,3,15,2,,Very High,High,,1,0,0,Level 2
3354,29,,,,,1,3495,38,6,8,8,4,5,2,76,,6,43,16,1,3,2,41,2,,Medium,Normal,Senior,1,0,0,Level 1
3355,29,,,,,4,8036,69,27,2,4,1,1,1,30,,3,37,5,3,3,4,48,1,,High,Normal,,1,0,0,Level 2
3356,32,,,,,5,3385,46,13,5,0,3,4,3,50,,4,31,10,1,3,3,5,4,,Medium,Low,,1,0,0,Level 1
3357,56,,,,,1,14726,21,28,3,4,2,1,3,77,,4,30,18,1,3,1,34,2,,,Low,,1,1,0,Level 3
3358,57,,,,,4,6614,34,26,6,0,3,4,4,28,,3,36,3,1,3,2,39,1,,High,Normal,,1,1,1,Level 1
3359,43,,,,,4,7771,33,8,6,6,3,4,4,77,,7,45,12,2,1,2,12,2,,High,Normal,Expert,1,0,1,Level 2
3360,21,,,,,5,10280,76,7,8,8,3,5,2,13,,6,47,1,4,3,3,43,3,,Very High,High,Senior,1,0,0,Level 2
3361,41,,,,,2,6517,28,5,11,5,1,4,4,83,,8,49,4,1,3,4,49,4,,High,High,Experienced,1,0,1,Level 1
3362,36,,,,,2,3810,46,5,5,3,2,2,1,40,,5,32,0,2,3,4,40,4,,Medium,Low,Experienced,1,0,0,Level 1
3363,55,,,,,4,17848,23,16,5,5,1,3,4,34,,1,51,9,2,4,2,33,1,,,High,,1,1,1,Level 4
3364,33,,,,,2,6794,63,6,5,0,1,4,1,4,,5,42,6,1,1,3,44,4,,High,Normal,Senior,1,0,0,Level 1
3365,29,,,,,3,8307,98,16,9,3,4,2,1,63,,7,32,13,2,2,2,6,2,,High,Low,,1,0,0,Level 2
3366,54,,,,,5,11121,30,15,2,5,1,2,1,78,,6,30,1,4,1,2,17,3,,Very High,Low,,1,1,0,Level 2
3367,44,,,,,4,12408,38,6,3,1,3,1,3,55,,2,53,11,1,4,4,26,4,,,High,Senior,1,0,0,Level 3
3368,22,,,,,2,8229,44,21,4,2,1,5,1,76,,2,58,11,4,3,1,22,3,,High,High,,1,0,0,Level 2
3369,57,,,,,2,5955,22,8,13,3,2,1,1,0,,7,56,6,3,1,4,26,3,,Medium,High,Expert,1,1,0,Level 1
3370,36,,,,,5,19345,93,3,7,5,3,5,2,6,,1,42,3,4,2,2,42,1,,,Normal,New,0,0,0,Level 4
3371,31,,,,,1,5953,24,9,10,2,2,1,4,11,,1,57,7,4,2,2,35,3,,Medium,High,Expert,1,0,1,Level 1
3372,43,,,,,2,8742,50,21,12,0,3,1,2,95,,2,44,2,3,4,2,13,1,,High,Normal,,1,0,0,Level 2
3373,48,,,,,5,8184,38,9,1,5,1,2,4,20,,2,32,1,3,3,4,40,2,,High,Low,Expert,1,0,1,Level 2
3374,44,,,,,1,3316,22,5,3,7,4,3,2,75,,9,58,4,2,4,1,49,1,,Medium,High,Experienced,1,0,0,Level 1
3375,55,,,,,4,15010,15,19,10,7,4,2,2,35,,1,34,13,2,1,3,5,2,,,Low,,1,1,0,Level 3
3376,45,,,,,1,9238,88,25,7,3,1,1,4,32,,5,58,3,3,2,2,22,4,,Very High,High,,1,0,1,Level 2
3377,57,,,,,2,15746,88,16,8,5,3,3,4,3,,5,42,9,3,2,2,39,3,,,Normal,,1,1,1,Level 4
3378,20,,,,,4,17020,47,16,2,0,2,1,1,50,,6,31,2,1,2,3,35,1,,,Low,,1,0,0,Level 4
3379,39,,,,,4,3394,45,18,11,5,3,1,2,48,,4,31,4,1,4,4,6,2,,Medium,Low,,1,0,0,Level 1
3380,47,,,,,1,8315,91,12,3,0,2,3,3,72,,3,39,6,1,2,1,46,2,,High,Normal,,1,0,0,Level 2
3381,35,,,,,4,12765,76,16,14,3,1,2,1,38,,9,49,6,1,4,1,9,4,,,High,,1,0,0,Level 3
3382,36,,,,,1,7371,49,29,7,8,1,4,1,70,,9,36,7,3,1,3,23,1,,High,Normal,,1,0,0,Level 2
3383,59,,,,,1,6581,58,5,13,5,1,1,1,17,,8,33,12,2,2,2,49,2,,High,Low,Experienced,1,1,0,Level 1
3384,47,,,,,1,16549,61,3,7,3,4,4,4,58,,1,40,12,1,2,4,41,3,,,Normal,New,0,0,1,Level 4
3385,31,,,,,5,9548,46,7,3,9,3,2,2,22,,2,31,12,3,1,4,45,2,,Very High,Low,Senior,1,0,0,Level 2
3386,46,,,,,2,7258,77,20,10,3,1,4,3,99,,3,48,12,4,2,3,29,2,,High,High,,1,0,0,Level 2
3387,49,,,,,4,12834,36,14,5,3,4,2,4,19,,2,50,4,2,2,1,48,4,,,High,,1,0,1,Level 3
3388,53,,,,,3,9947,21,24,7,9,4,4,1,30,,8,44,19,2,2,4,11,3,,Very High,Normal,,1,1,0,Level 2
3389,56,,,,,2,10236,20,16,3,6,1,4,3,88,,6,46,5,2,2,4,37,1,,Very High,High,,1,1,0,Level 2
3390,25,,,,,3,8228,55,1,8,8,1,1,3,99,,8,51,12,4,4,3,49,3,,High,High,New,0,0,0,Level 2
3391,26,,,,,1,15467,94,5,12,5,2,3,3,66,,4,34,6,2,4,2,16,3,,,Low,Experienced,1,0,0,Level 3
3392,51,,,,,4,4542,26,8,4,6,1,3,2,52,,7,51,2,2,2,1,5,4,,Medium,High,Expert,1,1,0,Level 1
3393,51,,,,,2,5899,87,2,11,3,2,2,3,53,,9,51,1,2,3,3,19,1,,Medium,High,New,0,1,0,Level 1
3394,44,,,,,3,4478,54,22,14,4,4,1,3,61,,4,37,2,1,3,1,29,3,,Medium,Normal,,1,0,0,Level 1
3395,52,,,,,3,12623,83,7,7,8,4,4,2,19,,2,40,13,3,3,1,30,1,,,Normal,Senior,1,1,0,Level 3
3396,26,,,,,3,16972,72,6,2,7,1,2,2,24,,6,38,1,4,3,3,10,1,,,Normal,Senior,1,0,0,Level 4
3397,31,,,,,2,14256,17,10,5,9,4,3,1,93,,4,35,17,3,2,2,31,2,,,Low,Expert,1,0,0,Level 3
3398,35,,,,,5,4138,57,3,6,1,1,4,3,50,,5,41,8,2,1,2,12,4,,Medium,Normal,New,0,0,0,Level 1
3399,35,,,,,1,12552,88,6,13,7,2,1,1,20,,1,38,2,3,1,4,19,4,,,Normal,Senior,1,0,0,Level 3
3400,55,,,,,4,17794,22,23,13,2,4,2,1,47,,2,43,3,3,2,3,29,4,,,Normal,,1,1,0,Level 4
3401,32,,,,,3,6190,87,29,1,1,2,5,3,98,,8,44,4,1,1,4,21,2,,High,Normal,,1,0,0,Level 1
3402,26,,,,,2,14383,27,19,11,1,4,1,2,53,,7,50,0,4,4,3,7,2,,,High,,1,0,0,Level 3
3403,55,,,,,3,15337,70,28,14,3,1,2,4,98,,5,56,4,4,2,3,26,1,,,High,,1,1,1,Level 3
3404,28,,,,,2,14628,33,26,9,0,3,4,4,93,,1,44,13,1,4,1,6,1,,,Normal,,1,0,1,Level 3
3405,51,,,,,5,13151,37,2,14,4,4,2,1,15,,2,31,14,1,3,3,45,4,,,Low,New,0,1,0,Level 3
3406,30,,,,,3,13321,57,19,9,6,2,1,2,86,,5,58,15,2,3,1,30,1,,,High,,1,0,0,Level 3
3407,27,,,,,3,7977,38,28,4,1,3,3,1,59,,8,48,4,4,2,4,21,4,,High,High,,1,0,0,Level 2
3408,52,,,,,4,9191,17,17,5,4,2,3,3,74,,1,34,5,2,2,2,19,4,,Very High,Low,,1,1,0,Level 2
3409,42,,,,,2,8765,28,23,9,3,2,1,1,11,,9,35,2,2,1,4,29,4,,High,Low,,1,0,0,Level 2
3410,44,,,,,2,6039,97,4,10,5,1,4,4,98,,2,54,15,3,3,4,20,3,,High,High,Experienced,0,0,1,Level 1
3411,27,,,,,5,18741,47,3,11,0,4,3,4,68,,7,41,3,1,3,2,48,1,,,Normal,New,0,0,1,Level 4
3412,41,,,,,3,19016,41,14,2,0,3,5,4,55,,4,51,17,3,2,4,43,3,,,High,,1,0,1,Level 4
3413,23,,,,,4,19570,26,22,5,1,3,5,4,43,,3,43,5,3,3,1,42,1,,,Normal,,1,0,1,Level 4
3414,59,,,,,1,18479,60,3,4,3,1,5,1,37,,4,30,13,2,1,1,15,3,,,Low,New,0,1,0,Level 4
3415,22,,,,,4,6428,85,28,2,0,1,2,1,21,,5,59,8,4,4,3,7,1,,High,High,,1,0,0,Level 1
3416,48,,,,,4,10758,60,11,2,4,4,4,4,80,,1,47,15,2,2,2,2,3,,Very High,High,Expert,1,0,1,Level 2
3417,48,,,,,4,6388,96,10,14,5,1,4,2,20,,6,35,14,3,1,4,48,2,,High,Low,Expert,1,0,0,Level 1
3418,53,,,,,4,16112,30,3,9,9,2,3,4,90,,5,56,6,4,2,3,36,2,,,High,New,0,1,1,Level 4
3419,53,,,,,3,18301,72,9,10,3,3,1,4,12,,2,36,6,2,1,1,10,4,,,Normal,Expert,1,1,1,Level 4
3420,47,,,,,4,18831,28,16,12,6,1,5,3,93,,5,38,4,4,4,1,37,4,,,Normal,,1,0,0,Level 4
3421,32,,,,,2,9934,99,18,8,4,2,5,2,45,,1,48,6,4,1,3,43,1,,Very High,High,,1,0,0,Level 2
3422,34,,,,,2,9859,57,5,10,8,2,1,3,58,,5,53,0,1,1,3,16,2,,Very High,High,Experienced,1,0,0,Level 2
3423,42,,,,,4,19031,39,26,10,8,1,1,4,78,,7,59,13,1,3,4,9,4,,,High,,1,0,1,Level 4
3424,45,,,,,2,14441,29,15,8,3,3,5,3,17,,2,44,17,1,1,4,49,1,,,Normal,,1,0,0,Level 3
3425,23,,,,,3,5751,88,26,8,9,1,1,1,42,,6,44,1,4,2,1,12,4,,Medium,Normal,,1,0,0,Level 1
3426,45,,,,,1,11173,44,16,5,5,1,2,2,54,,6,58,15,4,2,3,46,2,,Very High,High,,1,0,0,Level 2
3427,59,,,,,4,9503,58,18,14,1,2,3,4,74,,1,51,13,3,3,4,28,4,,Very High,High,,1,1,1,Level 2
3428,28,,,,,2,9243,23,6,4,1,4,2,4,70,,7,30,2,4,3,1,15,4,,Very High,Low,Senior,1,0,1,Level 2
3429,24,,,,,2,9800,96,4,10,2,3,5,2,97,,2,43,18,4,3,1,5,3,,Very High,Normal,Experienced,0,0,0,Level 2
3430,51,,,,,3,19713,25,23,13,9,3,3,3,31,,8,46,18,4,4,3,5,3,,,High,,1,1,0,Level 4
3431,39,,,,,3,16376,80,13,3,1,1,3,1,76,,4,59,6,2,2,1,4,4,,,High,,1,0,0,Level 4
3432,30,,,,,1,12770,36,1,2,8,4,3,1,15,,2,39,12,4,3,4,8,4,,,Normal,New,0,0,0,Level 3
3433,34,,,,,5,6006,34,24,10,3,3,4,3,89,,3,46,12,4,4,2,5,3,,High,High,,1,0,0,Level 1
3434,51,,,,,5,10145,43,2,5,4,2,4,1,39,,6,49,9,2,2,2,19,2,,Very High,High,New,0,1,0,Level 2
3435,47,,,,,5,16497,77,15,14,1,2,3,2,40,,2,48,16,4,3,3,44,3,,,High,,1,0,0,Level 4
3436,41,,,,,1,16922,55,4,8,7,4,4,1,53,,3,50,19,3,4,3,27,1,,,High,Experienced,0,0,0,Level 4
3437,36,,,,,4,14007,90,27,5,7,4,2,3,33,,5,51,8,4,2,3,7,1,,,High,,1,0,0,Level 3
3438,45,,,,,5,3872,97,13,7,6,2,5,3,84,,4,49,7,3,4,2,6,4,,Medium,High,,1,0,0,Level 1
3439,26,,,,,5,18794,62,23,5,6,1,5,4,17,,6,57,6,2,1,4,19,1,,,High,,1,0,1,Level 4
3440,45,,,,,2,15533,41,14,10,6,2,5,2,19,,4,30,12,3,2,4,38,1,,,Low,,1,0,0,Level 3
3441,44,,,,,2,11448,45,15,9,7,1,1,1,75,,1,33,2,2,3,1,33,3,,Very High,Low,,1,0,0,Level 3
3442,29,,,,,4,7032,39,8,8,3,3,2,4,84,,5,52,11,2,3,1,33,1,,High,High,Expert,1,0,1,Level 1
3443,38,,,,,3,17687,63,9,8,5,3,5,4,95,,5,58,9,2,3,1,5,2,,,High,Expert,1,0,1,Level 4
3444,30,,,,,1,6260,84,5,1,7,2,5,4,8,,6,51,12,4,2,3,16,3,,High,High,Experienced,1,0,1,Level 1
3445,32,,,,,5,10166,78,25,5,7,1,5,3,46,,5,41,18,1,3,2,47,2,,Very High,Normal,,1,0,0,Level 2
3446,27,,,,,1,11885,70,25,9,3,3,5,2,60,,1,57,15,4,1,3,10,1,,Very High,High,,1,0,0,Level 3
3447,59,,,,,2,16026,21,3,11,0,2,4,2,10,,6,30,9,4,1,2,7,3,,,Low,New,0,1,0,Level 4
3448,23,,,,,1,16006,84,7,8,1,2,4,3,10,,9,48,0,1,4,3,16,1,,,High,Senior,1,0,0,Level 4
3449,50,,,,,2,19939,49,8,1,3,1,2,2,27,,9,40,5,4,2,4,30,1,,,Normal,Expert,1,1,0,Level 4
3450,47,,,,,1,8609,35,16,9,8,3,2,4,80,,1,39,15,3,3,1,37,2,,High,Normal,,1,0,1,Level 2
3451,30,,,,,2,9642,61,17,10,2,2,5,2,96,,1,56,6,1,2,2,14,1,,Very High,High,,1,0,0,Level 2
3452,20,,,,,1,16556,74,27,14,4,3,5,1,97,,3,37,1,3,1,3,48,4,,,Normal,,1,0,0,Level 4
3453,57,,,,,5,12469,31,10,1,0,2,5,3,23,,3,57,9,3,1,1,40,1,,,High,Expert,1,1,0,Level 3
3454,43,,,,,5,8228,31,21,5,4,4,1,4,20,,9,55,1,4,3,4,17,3,,High,High,,1,0,1,Level 2
3455,50,,,,,4,12139,85,1,10,0,4,3,4,34,,4,47,10,2,1,1,8,3,,,High,New,0,1,1,Level 3
3456,45,,,,,1,7373,39,19,1,5,2,4,3,36,,2,46,16,4,4,3,13,4,,High,High,,1,0,0,Level 2
3457,24,,,,,3,17060,48,18,8,0,3,5,1,10,,4,39,8,1,1,4,29,2,,,Normal,,1,0,0,Level 4
3458,39,,,,,4,16340,40,29,11,1,1,1,4,31,,9,45,3,3,1,3,3,2,,,Normal,,1,0,1,Level 4
3459,30,,,,,1,3397,20,18,2,8,1,1,4,25,,6,30,13,3,4,2,8,1,,Medium,Low,,1,0,1,Level 1
3460,52,,,,,3,19605,24,20,6,2,1,1,2,17,,5,36,1,2,3,3,32,1,,,Normal,,1,1,0,Level 4
3461,57,,,,,5,17606,95,5,2,8,1,4,3,75,,6,52,10,2,3,4,5,1,,,High,Experienced,1,1,0,Level 4
3462,46,,,,,5,4777,92,11,2,3,1,3,3,19,,7,58,3,3,2,3,11,2,,Medium,High,Expert,1,0,0,Level 1
3463,53,,,,,5,7060,17,1,1,4,1,5,3,33,,2,39,5,2,2,3,36,1,,High,Normal,New,0,1,0,Level 1
3464,34,,,,,3,19277,73,27,6,6,2,5,3,90,,3,46,3,1,1,3,35,3,,,High,,1,0,0,Level 4
3465,51,,,,,2,15630,94,22,5,3,4,3,4,53,,3,58,4,1,4,3,29,2,,,High,,1,1,1,Level 3
3466,40,,,,,1,3339,83,11,4,9,1,4,2,97,,6,34,8,3,3,4,5,4,,Medium,Low,Expert,1,0,0,Level 1
3467,24,,,,,4,19390,62,11,14,9,3,1,1,64,,2,53,13,2,4,2,13,4,,,High,Expert,1,0,0,Level 4
3468,25,,,,,4,4296,37,5,12,5,3,5,1,78,,7,38,11,2,3,2,24,2,,Medium,Normal,Experienced,1,0,0,Level 1
3469,57,,,,,5,3287,19,29,4,8,3,1,1,13,,9,45,18,3,1,1,19,3,,Medium,Normal,,1,1,0,Level 1
3470,41,,,,,2,11908,70,20,9,7,2,3,2,42,,3,53,14,2,2,2,42,3,,Very High,High,,1,0,0,Level 3
3471,37,,,,,1,3569,52,22,11,0,3,5,2,26,,9,39,8,4,4,2,25,1,,Medium,Normal,,1,0,0,Level 1
3472,33,,,,,1,17815,96,18,2,5,4,5,4,66,,6,53,14,2,4,1,31,2,,,High,,1,0,1,Level 4
3473,29,,,,,4,9773,90,8,10,8,4,5,4,1,,3,34,14,1,3,4,25,2,,Very High,Low,Expert,1,0,1,Level 2
3474,32,,,,,4,19493,99,22,7,2,2,2,4,75,,4,32,10,4,1,4,9,4,,,Low,,1,0,1,Level 4
3475,50,,,,,4,6650,21,15,14,2,1,3,4,62,,6,40,19,2,2,2,24,3,,High,Normal,,1,1,1,Level 1
3476,49,,,,,1,6219,31,3,5,9,1,3,3,50,,7,31,16,1,4,4,38,4,,High,Low,New,0,0,0,Level 1
3477,22,,,,,4,3731,23,16,14,4,2,1,2,97,,8,50,16,2,4,3,28,2,,Medium,High,,1,0,0,Level 1
3478,49,,,,,1,15501,89,20,10,8,4,4,1,92,,7,36,17,1,1,1,6,2,,,Normal,,1,0,0,Level 3
3479,25,,,,,5,14235,60,12,13,2,4,5,1,86,,5,43,12,4,4,2,22,2,,,Normal,,1,0,0,Level 3
3480,48,,,,,2,11759,51,29,14,4,3,5,2,48,,6,46,3,1,4,2,18,1,,Very High,High,,1,0,0,Level 3
3481,27,,,,,4,14240,21,2,9,4,3,5,3,72,,1,31,15,4,1,1,9,3,,,Low,New,0,0,0,Level 3
3482,52,,,,,1,8556,31,20,4,7,3,3,1,14,,3,32,13,2,3,4,5,1,,High,Low,,1,1,0,Level 2
3483,36,,,,,5,12549,55,25,6,1,3,5,2,0,,8,59,5,3,4,3,33,4,,,High,,1,0,0,Level 3
3484,30,,,,,3,10263,78,20,13,7,1,3,4,36,,3,51,2,2,4,1,9,2,,Very High,High,,1,0,1,Level 2
3485,32,,,,,5,17993,97,13,13,0,2,4,1,9,,3,34,9,4,4,4,19,2,,,Low,,1,0,0,Level 4
3486,30,,,,,2,4071,71,24,2,4,3,4,4,20,,7,48,11,1,2,2,47,2,,Medium,High,,1,0,1,Level 1
3487,50,,,,,5,10445,99,19,1,2,1,3,3,34,,8,57,5,3,2,2,5,2,,Very High,High,,1,1,0,Level 2
3488,47,,,,,4,8071,59,13,12,4,1,5,1,49,,5,57,19,3,2,4,6,3,,High,High,,1,0,0,Level 2
3489,25,,,,,4,5246,87,21,1,8,3,3,1,33,,7,45,2,4,1,4,29,1,,Medium,Normal,,1,0,0,Level 1
3490,35,,,,,3,13747,22,18,4,0,1,5,2,74,,7,46,16,2,3,3,41,1,,,High,,1,0,0,Level 3
3491,23,,,,,1,13568,24,25,11,5,3,5,1,47,,8,46,2,4,3,1,29,2,,,High,,1,0,0,Level 3
3492,54,,,,,5,17249,68,16,9,9,2,2,1,53,,2,38,6,2,3,1,34,1,,,Normal,,1,1,0,Level 4
3493,45,,,,,3,11315,80,25,3,5,4,3,2,67,,5,43,19,1,3,2,22,2,,Very High,Normal,,1,0,0,Level 2
3494,31,,,,,4,3074,58,10,12,6,2,1,1,73,,3,53,10,3,3,3,19,3,,Medium,High,Expert,1,0,0,Level 1
3495,30,,,,,1,4988,62,7,13,9,3,1,2,9,,3,50,9,4,1,3,28,4,,Medium,High,Senior,1,0,0,Level 1
3496,56,,,,,1,11348,85,2,3,9,4,4,3,30,,5,38,10,3,1,4,38,3,,Very High,Normal,New,0,1,0,Level 2
3497,44,,,,,2,10287,16,4,12,4,3,5,4,10,,2,51,8,2,4,1,3,1,,Very High,High,Experienced,0,0,1,Level 2
3498,37,,,,,4,6083,94,22,12,6,4,5,3,3,,5,56,6,4,4,1,48,1,,High,High,,1,0,0,Level 1
3499,38,,,,,1,19166,20,25,7,1,3,2,3,86,,4,31,15,2,4,4,26,1,,,Low,,1,0,0,Level 4
3500,42,,,,,2,15171,94,29,8,1,1,5,3,74,,8,49,2,2,3,4,26,2,,,High,,1,0,0,Level 3
3501,57,,,,,2,16856,59,22,11,9,3,4,3,4,,1,30,19,2,1,3,5,1,,,Low,,1,1,0,Level 4
3502,37,,,,,4,19127,24,4,6,7,1,3,2,21,,4,35,3,3,1,1,28,2,,,Low,Experienced,0,0,0,Level 4
3503,45,,,,,1,15980,23,1,1,5,4,3,2,38,,7,46,18,2,2,1,20,1,,,High,New,0,0,0,Level 4
3504,25,,,,,1,16539,46,16,6,4,3,4,1,40,,2,53,10,3,3,1,37,1,,,High,,1,0,0,Level 4
3505,23,,,,,5,6065,16,23,8,2,2,2,1,10,,2,45,12,2,1,1,41,2,,High,Normal,,1,0,0,Level 1
3506,48,,,,,1,10954,35,23,5,3,2,3,3,57,,5,31,10,1,2,4,10,4,,Very High,Low,,1,0,0,Level 2
3507,53,,,,,2,5233,17,6,8,7,4,4,3,10,,9,45,7,3,1,3,32,3,,Medium,Normal,Senior,1,1,0,Level 1
3508,36,,,,,3,17164,98,19,12,9,3,5,1,47,,8,47,17,4,1,4,20,4,,,High,,1,0,0,Level 4
3509,35,,,,,4,18570,37,5,1,6,1,3,3,71,,5,46,3,4,2,2,14,2,,,High,Experienced,1,0,0,Level 4
3510,21,,,,,3,12976,51,23,12,8,2,4,2,52,,7,36,4,1,4,2,29,1,,,Normal,,1,0,0,Level 3
3511,53,,,,,1,19255,86,6,4,2,1,2,2,56,,8,55,3,3,1,1,31,1,,,High,Senior,1,1,0,Level 4
3512,27,,,,,2,8628,50,7,12,5,4,3,3,39,,3,38,17,1,3,3,39,4,,High,Normal,Senior,1,0,0,Level 2
3513,32,,,,,3,7168,28,5,9,6,4,2,2,97,,9,59,3,3,3,3,28,3,,High,High,Experienced,1,0,0,Level 1
3514,27,,,,,4,9308,29,28,10,1,4,1,1,48,,7,41,5,4,3,2,33,2,,Very High,Normal,,1,0,0,Level 2
3515,49,,,,,5,5314,49,1,5,3,4,2,2,61,,4,56,19,3,4,2,47,4,,Medium,High,New,0,0,0,Level 1
3516,51,,,,,3,12655,36,26,13,0,3,4,3,60,,1,44,1,4,2,4,3,4,,,Normal,,1,1,0,Level 3
3517,55,,,,,5,5914,61,27,10,3,1,5,2,51,,7,37,18,3,2,1,6,4,,Medium,Normal,,1,1,0,Level 1
3518,49,,,,,1,14716,50,21,12,1,4,3,3,27,,6,58,7,3,2,1,11,1,,,High,,1,0,0,Level 3
3519,20,,,,,1,14564,29,2,10,6,2,2,3,65,,7,47,1,1,1,4,49,4,,,High,New,0,0,0,Level 3
3520,58,,,,,4,12533,96,26,14,0,2,3,2,76,,7,51,14,3,4,3,26,3,,,High,,1,1,0,Level 3
3521,36,,,,,5,5701,72,10,3,5,1,3,3,41,,6,49,6,4,1,3,17,1,,Medium,High,Expert,1,0,0,Level 1
3522,39,,,,,5,7044,45,2,3,2,4,4,4,77,,1,59,3,4,1,4,25,1,,High,High,New,0,0,1,Level 1
3523,43,,,,,4,19417,55,20,9,7,1,4,2,68,,8,49,8,4,4,3,27,2,,,High,,1,0,0,Level 4
3524,41,,,,,3,5145,88,14,1,7,3,1,4,34,,2,55,14,2,1,1,13,2,,Medium,High,,1,0,1,Level 1
3525,48,,,,,4,10487,92,22,11,6,2,5,1,97,,5,33,2,3,1,1,14,4,,Very High,Low,,1,0,0,Level 2
3526,41,,,,,1,15997,40,21,6,6,3,1,3,8,,8,30,15,3,3,3,15,4,,,Low,,1,0,0,Level 4
3527,28,,,,,5,18794,97,7,6,0,3,4,4,6,,7,42,7,2,3,2,20,2,,,Normal,Senior,1,0,1,Level 4
3528,56,,,,,2,19788,44,10,10,8,3,1,3,56,,2,38,17,2,3,3,49,4,,,Normal,Expert,1,1,0,Level 4
3529,29,,,,,2,7711,26,8,8,2,2,2,3,35,,6,31,15,4,2,2,24,4,,High,Low,Expert,1,0,0,Level 2
3530,55,,,,,1,4924,45,26,14,7,1,2,1,34,,1,30,15,4,3,3,40,4,,Medium,Low,,1,1,0,Level 1
3531,56,,,,,5,9023,96,1,8,1,2,3,2,13,,7,55,10,3,1,3,43,4,,Very High,High,New,0,1,0,Level 2
3532,47,,,,,5,5902,16,29,1,0,2,1,2,73,,2,35,17,1,1,2,9,1,,Medium,Low,,1,0,0,Level 1
3533,47,,,,,4,12789,92,8,7,0,4,1,1,80,,6,51,12,2,1,3,26,3,,,High,Expert,1,0,0,Level 3
3534,40,,,,,3,18747,34,16,10,7,1,4,3,73,,7,44,18,3,2,4,22,1,,,Normal,,1,0,0,Level 4
3535,43,,,,,4,18502,72,14,1,8,3,1,1,31,,9,47,4,4,1,1,20,2,,,High,,1,0,0,Level 4
3536,59,,,,,2,11631,34,19,8,2,4,3,2,23,,3,41,10,3,4,3,13,3,,Very High,Normal,,1,1,0,Level 3
3537,21,,,,,5,16591,48,26,5,6,2,4,3,38,,2,31,13,3,4,1,7,2,,,Low,,1,0,0,Level 4
3538,27,,,,,3,14016,74,28,2,1,2,3,2,83,,4,51,19,2,2,3,35,1,,,High,,1,0,0,Level 3
3539,46,,,,,4,19499,48,10,3,7,1,2,1,33,,4,32,0,2,3,2,23,3,,,Low,Expert,1,0,0,Level 4
3540,41,,,,,3,3296,51,18,11,2,3,4,4,38,,5,56,9,2,2,2,35,1,,Medium,High,,1,0,1,Level 1
3541,56,,,,,2,10692,81,2,14,9,2,5,4,39,,7,33,17,3,4,1,25,4,,Very High,Low,New,0,1,1,Level 2
3542,46,,,,,3,11127,33,5,9,9,3,3,1,14,,3,55,13,4,1,2,2,1,,Very High,High,Experienced,1,0,0,Level 2
3543,48,,,,,5,16253,66,29,2,4,2,5,3,48,,5,52,7,4,3,2,34,1,,,High,,1,0,0,Level 4
3544,22,,,,,3,8101,58,2,4,6,4,5,4,59,,5,42,9,1,2,3,26,3,,High,Normal,New,0,0,1,Level 2
3545,32,,,,,3,4074,41,20,7,8,1,3,4,13,,7,34,5,4,2,1,28,4,,Medium,Low,,1,0,1,Level 1
3546,29,,,,,4,19399,52,3,8,0,2,4,1,14,,9,59,9,3,1,1,23,2,,,High,New,0,0,0,Level 4
3547,55,,,,,3,4527,35,24,11,4,2,5,1,11,,7,42,1,1,1,1,46,4,,Medium,Normal,,1,1,0,Level 1
3548,28,,,,,3,6199,98,9,3,0,4,4,4,17,,3,30,16,4,1,3,31,4,,High,Low,Expert,1,0,1,Level 1
3549,46,,,,,2,14433,52,11,10,1,4,5,4,14,,3,52,1,1,3,4,13,4,,,High,Expert,1,0,1,Level 3
3550,53,,,,,3,10800,27,16,10,9,3,3,3,5,,3,50,10,2,4,2,19,4,,Very High,High,,1,1,0,Level 2
3551,20,,,,,4,14228,35,28,9,3,3,1,1,60,,1,47,12,2,4,3,39,1,,,High,,1,0,0,Level 3
3552,51,,,,,4,16491,56,14,8,9,2,4,3,7,,6,35,19,3,3,4,40,3,,,Low,,1,1,0,Level 4
3553,44,,,,,5,13977,62,14,6,2,4,5,1,49,,4,33,14,3,3,3,11,3,,,Low,,1,0,0,Level 3
3554,48,,,,,2,4992,60,22,14,9,3,1,1,17,,4,33,3,2,2,3,44,1,,Medium,Low,,1,0,0,Level 1
3555,26,,,,,1,9471,92,20,12,4,1,1,1,94,,3,34,8,4,1,1,2,1,,Very High,Low,,1,0,0,Level 2
3556,22,,,,,5,8822,71,11,8,5,2,1,1,66,,4,30,1,3,4,1,30,2,,High,Low,Expert,1,0,0,Level 2
3557,39,,,,,3,10418,66,11,11,0,2,3,2,23,,3,55,1,1,4,3,30,2,,Very High,High,Expert,1,0,0,Level 2
3558,39,,,,,2,15805,36,18,10,8,4,3,3,94,,2,39,17,3,2,1,1,2,,,Normal,,1,0,0,Level 4
3559,49,,,,,5,9405,31,11,8,9,2,3,1,90,,8,37,8,4,3,3,11,1,,Very High,Normal,Expert,1,0,0,Level 2
3560,54,,,,,4,7289,40,24,3,1,2,3,3,87,,9,50,2,3,1,4,9,4,,High,High,,1,1,0,Level 2
3561,54,,,,,2,16605,53,14,7,7,3,4,4,39,,8,51,0,3,4,4,31,4,,,High,,1,1,1,Level 4
3562,58,,,,,2,15228,85,19,8,8,1,5,3,23,,4,46,1,4,4,2,29,1,,,High,,1,1,0,Level 3
3563,46,,,,,3,11417,77,18,12,0,4,4,2,55,,2,46,16,1,4,1,14,3,,Very High,High,,1,0,0,Level 3
3564,45,,,,,2,11636,65,4,6,1,2,1,1,44,,6,37,5,4,4,1,14,4,,Very High,Normal,Experienced,0,0,0,Level 3
3565,33,,,,,2,13573,44,13,6,2,2,5,1,11,,5,43,0,2,4,1,9,2,,,Normal,,1,0,0,Level 3
3566,36,,,,,1,15233,55,2,7,8,4,5,2,38,,6,55,14,2,1,3,48,1,,,High,New,0,0,0,Level 3
3567,37,,,,,3,4902,47,19,13,2,3,1,1,90,,4,54,17,2,4,3,1,2,,Medium,High,,1,0,0,Level 1
3568,48,,,,,2,15784,64,9,13,5,3,2,2,28,,2,59,13,4,3,2,40,4,,,High,Expert,1,0,0,Level 4
3569,39,,,,,2,14846,77,23,4,8,3,5,4,0,,4,50,2,1,3,2,26,3,,,High,,1,0,1,Level 3
3570,46,,,,,1,6603,53,11,10,6,2,4,4,0,,1,57,5,4,1,2,23,2,,High,High,Expert,1,0,1,Level 1
3571,37,,,,,1,18350,42,17,13,9,3,5,1,36,,9,45,2,2,1,3,6,1,,,Normal,,1,0,0,Level 4
3572,23,,,,,4,11436,32,26,10,5,4,1,2,11,,6,41,3,4,2,2,27,3,,Very High,Normal,,1,0,0,Level 3
3573,20,,,,,3,13303,88,5,9,1,2,1,2,67,,7,38,12,2,4,1,21,1,,,Normal,Experienced,1,0,0,Level 3
3574,20,,,,,1,7048,73,21,3,5,4,4,4,70,,8,33,6,2,3,4,37,3,,High,Low,,1,0,1,Level 1
3575,45,,,,,2,4760,80,9,7,9,3,1,3,47,,7,33,2,1,3,2,47,3,,Medium,Low,Expert,1,0,0,Level 1
3576,39,,,,,1,9305,57,16,9,0,3,5,2,39,,5,50,2,3,3,3,34,3,,Very High,High,,1,0,0,Level 2
3577,42,,,,,5,17092,92,12,8,6,1,3,1,14,,1,47,16,1,3,1,19,1,,,High,,1,0,0,Level 4
3578,29,,,,,4,11216,27,1,7,5,3,4,1,25,,1,50,5,4,3,3,1,4,,Very High,High,New,0,0,0,Level 2
3579,30,,,,,4,17206,15,17,13,7,2,1,1,54,,2,46,14,1,2,4,49,3,,,High,,1,0,0,Level 4
3580,24,,,,,3,8344,46,14,5,1,4,2,2,24,,1,45,0,1,2,3,36,2,,High,Normal,,1,0,0,Level 2
3581,20,,,,,4,11265,24,26,2,0,1,2,4,94,,7,38,1,1,4,3,18,3,,Very High,Normal,,1,0,1,Level 2
3582,36,,,,,3,16427,29,7,13,8,1,3,1,41,,6,55,0,1,4,4,2,3,,,High,Senior,1,0,0,Level 4
3583,41,,,,,5,17916,31,23,2,8,3,5,2,24,,4,45,10,4,1,1,19,3,,,Normal,,1,0,0,Level 4
3584,53,,,,,2,10881,77,27,4,9,3,3,2,24,,4,52,8,2,1,4,16,2,,Very High,High,,1,1,0,Level 2
3585,48,,,,,5,15262,68,16,5,6,4,5,2,24,,8,57,4,1,1,4,39,2,,,High,,1,0,0,Level 3
3586,23,,,,,3,14354,37,15,12,0,1,2,1,16,,9,54,7,4,3,4,47,2,,,High,,1,0,0,Level 3
3587,24,,,,,3,16873,85,24,4,1,1,1,2,74,,2,31,0,3,1,2,35,1,,,Low,,1,0,0,Level 4
3588,30,,,,,3,17243,64,4,14,8,4,3,4,20,,8,35,5,1,2,4,27,4,,,Low,Experienced,0,0,1,Level 4
3589,40,,,,,2,7187,73,23,11,4,3,1,1,57,,5,53,5,1,1,1,37,3,,High,High,,1,0,0,Level 2
3590,54,,,,,3,14111,50,22,14,1,1,2,1,15,,1,47,18,3,3,4,47,4,,,High,,1,1,0,Level 3
3591,31,,,,,5,13986,20,15,2,4,4,5,4,96,,2,34,0,4,2,4,27,4,,,Low,,1,0,1,Level 3
3592,45,,,,,2,4410,80,17,4,0,2,1,3,6,,7,47,5,4,2,3,8,2,,Medium,High,,1,0,0,Level 1
3593,38,,,,,5,6612,46,2,11,9,1,2,4,74,,3,34,7,1,4,3,35,4,,High,Low,New,0,0,1,Level 1
3594,26,,,,,2,7780,67,8,13,4,3,4,4,4,,7,52,3,3,4,2,33,3,,High,High,Expert,1,0,1,Level 2
3595,26,,,,,3,7467,83,6,5,6,4,3,2,97,,4,56,4,3,1,3,47,1,,High,High,Senior,1,0,0,Level 2
3596,45,,,,,2,8355,97,7,4,7,2,5,1,78,,6,30,8,4,1,4,20,3,,High,Low,Senior,1,0,0,Level 2
3597,59,,,,,1,16460,16,24,6,2,2,5,1,24,,2,57,3,2,1,3,4,2,,,High,,1,1,0,Level 4
3598,24,,,,,5,14950,57,28,13,3,3,4,2,7,,5,30,0,3,1,2,49,1,,,Low,,1,0,0,Level 3
3599,40,,,,,1,11802,54,16,10,1,4,3,2,0,,9,30,11,1,2,1,38,1,,Very High,Low,,1,0,0,Level 3
3600,33,,,,,1,10645,82,5,7,0,1,1,3,61,,1,41,2,4,1,4,37,3,,Very High,Normal,Experienced,1,0,0,Level 2
3601,23,,,,,3,7215,18,21,5,9,3,2,1,32,,4,41,18,2,4,1,46,2,,High,Normal,,1,0,0,Level 2
3602,42,,,,,3,4838,89,18,9,7,2,2,4,77,,3,34,4,3,4,1,14,1,,Medium,Low,,1,0,1,Level 1
3603,39,,,,,1,8648,60,20,13,6,1,1,4,46,,3,41,16,1,3,3,23,1,,High,Normal,,1,0,1,Level 2
3604,34,,,,,2,9684,34,11,4,7,2,1,3,59,,2,50,18,4,4,3,5,1,,Very High,High,Expert,1,0,0,Level 2
3605,48,,,,,3,9944,28,2,11,4,4,3,2,42,,5,58,7,4,4,4,14,3,,Very High,High,New,0,0,0,Level 2
3606,27,,,,,5,10614,28,7,10,4,1,4,4,4,,7,42,10,2,1,2,44,4,,Very High,Normal,Senior,1,0,1,Level 2
3607,38,,,,,1,11185,63,15,2,0,3,2,4,89,,1,39,7,1,2,4,28,4,,Very High,Normal,,1,0,1,Level 2
3608,58,,,,,5,9182,17,27,11,8,2,4,4,21,,7,43,6,3,1,3,14,1,,Very High,Normal,,1,1,1,Level 2
3609,47,,,,,5,3472,93,9,10,2,3,3,4,62,,2,46,8,1,2,1,33,2,,Medium,High,Expert,1,0,1,Level 1
3610,46,,,,,5,7419,35,27,8,0,2,1,2,1,,9,54,13,3,2,2,19,3,,High,High,,1,0,0,Level 2
3611,23,,,,,1,11243,75,2,14,3,1,2,1,98,,5,39,19,3,3,4,6,2,,Very High,Normal,New,0,0,0,Level 2
3612,34,,,,,4,10091,16,4,4,3,3,4,3,2,,2,45,12,4,3,1,15,1,,Very High,Normal,Experienced,0,0,0,Level 2
3613,54,,,,,3,19284,35,27,4,7,3,5,3,0,,2,37,3,3,2,4,41,2,,,Normal,,1,1,0,Level 4
3614,56,,,,,5,16220,24,15,3,9,2,2,3,97,,5,59,17,2,1,3,20,2,,,High,,1,1,0,Level 4
3615,20,,,,,1,13375,33,8,12,9,4,5,3,10,,3,41,8,1,3,4,4,1,,,Normal,Expert,1,0,0,Level 3
3616,22,,,,,4,8878,67,25,9,4,4,5,2,98,,5,42,13,1,2,4,14,4,,High,Normal,,1,0,0,Level 2
3617,43,,,,,1,13408,90,4,4,9,3,5,2,68,,3,35,15,1,1,1,48,3,,,Low,Experienced,0,0,0,Level 3
3618,46,,,,,3,18941,63,8,2,4,4,5,1,92,,3,45,14,1,4,4,37,2,,,Normal,Expert,1,0,0,Level 4
3619,59,,,,,1,19451,94,7,11,0,3,2,2,16,,3,47,15,3,3,1,22,1,,,High,Senior,1,1,0,Level 4
3620,55,,,,,2,15006,22,13,14,3,1,5,2,0,,7,51,14,1,3,3,9,2,,,High,,1,1,0,Level 3
3621,53,,,,,2,12365,71,5,1,7,4,2,1,32,,2,53,2,3,4,4,1,3,,,High,Experienced,1,1,0,Level 3
3622,48,,,,,5,9056,38,20,12,7,3,1,2,45,,7,50,4,3,3,4,5,4,,Very High,High,,1,0,0,Level 2
3623,43,,,,,1,15508,61,22,1,3,3,4,1,29,,2,32,4,2,2,4,26,1,,,Low,,1,0,0,Level 3
3624,43,,,,,1,14722,96,22,8,2,1,4,2,76,,6,38,12,3,3,4,30,1,,,Normal,,1,0,0,Level 3
3625,23,,,,,5,10223,35,18,13,3,2,4,2,51,,6,38,3,2,3,1,1,4,,Very High,Normal,,1,0,0,Level 2
3626,22,,,,,5,9551,22,19,13,5,1,1,3,8,,3,46,18,1,1,3,18,3,,Very High,High,,1,0,0,Level 2
3627,53,,,,,4,13127,33,11,1,2,2,4,1,71,,9,36,13,2,2,3,34,1,,,Normal,Expert,1,1,0,Level 3
3628,42,,,,,1,12384,44,6,5,2,3,1,4,74,,9,50,13,3,2,4,19,4,,,High,Senior,1,0,1,Level 3
3629,42,,,,,3,13814,40,4,13,8,1,3,4,2,,7,41,0,2,2,1,28,4,,,Normal,Experienced,0,0,1,Level 3
3630,24,,,,,3,16744,34,3,13,2,2,2,3,47,,2,30,11,1,3,2,24,1,,,Low,New,0,0,0,Level 4
3631,50,,,,,3,3665,92,29,8,0,1,3,3,25,,5,54,12,4,3,3,8,3,,Medium,High,,1,1,0,Level 1
3632,25,,,,,5,12793,87,20,14,2,4,1,3,83,,9,36,3,1,4,1,49,4,,,Normal,,1,0,0,Level 3
3633,56,,,,,5,10452,59,6,7,7,4,5,4,52,,7,34,17,1,1,2,11,3,,Very High,Low,Senior,1,1,1,Level 2
3634,29,,,,,5,3187,78,15,7,8,3,1,3,11,,2,49,7,1,4,4,10,3,,Medium,High,,1,0,0,Level 1
3635,59,,,,,3,10690,44,3,14,3,2,2,3,65,,2,30,17,1,4,3,6,4,,Very High,Low,New,0,1,0,Level 2
3636,26,,,,,4,10390,67,17,8,5,1,3,1,82,,5,50,11,4,2,4,15,4,,Very High,High,,1,0,0,Level 2
3637,58,,,,,2,19718,64,22,11,9,2,1,3,64,,7,53,19,1,3,1,26,4,,,High,,1,1,0,Level 4
3638,57,,,,,1,18974,76,2,3,7,3,2,1,92,,6,38,16,3,2,2,33,4,,,Normal,New,0,1,0,Level 4
3639,40,,,,,2,13576,56,25,5,6,1,5,3,22,,2,45,11,3,3,4,14,2,,,Normal,,1,0,0,Level 3
3640,39,,,,,1,17690,42,16,2,7,4,3,2,5,,7,37,0,3,3,4,21,3,,,Normal,,1,0,0,Level 4
3641,22,,,,,5,19739,72,22,5,2,2,3,2,42,,3,31,14,4,1,3,35,2,,,Low,,1,0,0,Level 4
3642,41,,,,,3,7327,45,17,13,3,2,4,2,97,,7,35,6,1,2,2,45,3,,High,Low,,1,0,0,Level 2
3643,23,,,,,2,6338,73,11,5,0,2,3,2,82,,3,45,13,1,2,4,31,1,,High,Normal,Expert,1,0,0,Level 1
3644,47,,,,,5,3795,89,4,2,3,3,4,1,95,,2,52,1,2,3,2,34,3,,Medium,High,Experienced,0,0,0,Level 1
3645,31,,,,,1,19573,26,21,10,4,2,3,3,82,,8,53,7,2,3,1,11,1,,,High,,1,0,0,Level 4
3646,57,,,,,2,15335,59,12,14,1,4,3,1,58,,7,52,9,3,4,1,21,3,,,High,,1,1,0,Level 3
3647,55,,,,,2,12005,80,8,13,0,1,1,1,93,,6,55,8,1,4,3,9,3,,,High,Expert,1,1,0,Level 3
3648,24,,,,,2,17271,82,3,12,4,1,5,1,96,,4,30,6,1,4,3,7,4,,,Low,New,0,0,0,Level 4
3649,32,,,,,2,13294,46,11,6,7,3,5,4,60,,6,50,16,4,3,3,37,4,,,High,Expert,1,0,1,Level 3
3650,42,,,,,2,14602,55,13,1,7,3,3,3,41,,3,34,2,3,1,2,27,1,,,Low,,1,0,0,Level 3
3651,49,,,,,5,18361,69,25,8,8,4,3,4,64,,8,42,3,3,2,4,4,3,,,Normal,,1,0,1,Level 4
3652,56,,,,,1,17559,83,9,11,7,2,4,2,23,,2,57,7,3,1,4,14,4,,,High,Expert,1,1,0,Level 4
3653,44,,,,,1,13442,19,15,1,6,4,5,2,34,,5,32,9,4,2,3,37,2,,,Low,,1,0,0,Level 3
3654,46,,,,,4,5058,77,12,3,0,3,1,4,24,,2,43,1,2,4,3,25,4,,Medium,Normal,,1,0,1,Level 1
3655,33,,,,,3,9070,18,10,14,9,2,5,1,14,,3,51,9,1,1,1,22,1,,Very High,High,Expert,1,0,0,Level 2
3656,55,,,,,2,18004,55,27,1,0,2,2,2,26,,9,58,19,2,1,4,7,1,,,High,,1,1,0,Level 4
3657,58,,,,,1,12819,26,21,14,7,3,5,2,14,,2,51,17,1,4,1,7,2,,,High,,1,1,0,Level 3
3658,35,,,,,3,5380,51,4,2,4,2,1,3,15,,5,37,12,2,4,4,48,2,,Medium,Normal,Experienced,0,0,0,Level 1
3659,41,,,,,3,11325,69,7,7,5,4,5,1,61,,6,50,9,3,1,2,7,4,,Very High,High,Senior,1,0,0,Level 2
3660,40,,,,,5,8051,59,29,7,3,4,1,4,55,,6,46,19,3,3,2,4,4,,High,High,,1,0,1,Level 2
3661,40,,,,,2,13355,42,9,13,3,2,4,1,21,,1,58,13,1,2,1,24,3,,,High,Expert,1,0,0,Level 3
3662,27,,,,,4,4279,73,6,11,9,2,3,1,86,,8,48,13,3,2,3,10,4,,Medium,High,Senior,1,0,0,Level 1
3663,35,,,,,3,19936,21,7,5,8,2,4,1,64,,7,43,4,3,1,1,19,2,,,Normal,Senior,1,0,0,Level 4
3664,50,,,,,5,15086,74,17,5,7,1,3,2,16,,5,38,18,1,1,3,12,2,,,Normal,,1,1,0,Level 3
3665,29,,,,,2,14165,67,4,14,3,3,4,2,58,,9,36,8,2,2,1,48,3,,,Normal,Experienced,0,0,0,Level 3
3666,51,,,,,1,9872,54,2,7,6,4,4,2,10,,8,50,18,1,4,2,29,4,,Very High,High,New,0,1,0,Level 2
3667,53,,,,,4,9919,66,17,10,7,4,3,4,1,,6,43,9,3,1,2,4,4,,Very High,Normal,,1,1,1,Level 2
3668,28,,,,,2,7158,25,29,11,6,1,1,4,92,,2,56,3,1,4,2,48,4,,High,High,,1,0,1,Level 1
3669,36,,,,,5,3954,64,27,12,4,2,2,4,57,,1,30,17,4,2,1,38,2,,Medium,Low,,1,0,1,Level 1
3670,30,,,,,5,17432,64,7,10,9,3,3,1,69,,5,41,14,1,3,1,25,4,,,Normal,Senior,1,0,0,Level 4
3671,51,,,,,5,16723,62,11,5,0,3,1,4,11,,2,33,0,2,2,4,32,1,,,Low,Expert,1,1,1,Level 4
3672,29,,,,,5,17153,98,26,14,5,4,1,3,54,,7,53,10,4,4,3,44,4,,,High,,1,0,0,Level 4
3673,41,,,,,5,13769,68,20,8,7,3,1,2,2,,6,44,10,2,4,2,36,1,,,Normal,,1,0,0,Level 3
3674,36,,,,,4,9868,20,18,3,5,2,5,1,76,,2,30,12,4,2,4,42,1,,Very High,Low,,1,0,0,Level 2
3675,23,,,,,3,16920,64,21,2,7,3,3,1,65,,6,37,7,3,1,4,44,1,,,Normal,,1,0,0,Level 4
3676,44,,,,,3,19320,96,7,10,5,3,3,4,91,,1,44,8,4,4,1,1,4,,,Normal,Senior,1,0,1,Level 4
3677,40,,,,,1,3235,99,18,4,1,1,4,1,65,,9,35,17,2,3,1,47,4,,Medium,Low,,1,0,0,Level 1
3678,56,,,,,3,14835,17,23,7,5,3,3,2,0,,1,56,3,1,1,4,7,2,,,High,,1,1,0,Level 3
3679,57,,,,,5,17690,55,19,9,8,4,1,1,79,,1,56,2,3,4,4,34,4,,,High,,1,1,0,Level 4
3680,20,,,,,3,6473,42,14,3,1,4,2,4,64,,1,55,10,1,4,1,47,2,,High,High,,1,0,1,Level 1
3681,44,,,,,3,8285,46,8,11,2,4,2,4,30,,4,31,13,2,4,2,20,4,,High,Low,Expert,1,0,1,Level 2
3682,55,,,,,5,10395,53,7,3,8,1,4,3,95,,1,42,18,2,2,3,27,1,,Very High,Normal,Senior,1,1,0,Level 2
3683,36,,,,,4,12582,85,1,11,6,4,3,2,17,,9,59,10,4,4,4,25,2,,,High,New,0,0,0,Level 3
3684,43,,,,,5,18260,77,25,7,0,2,2,2,45,,3,36,13,3,3,1,35,3,,,Normal,,1,0,0,Level 4
3685,21,,,,,3,8529,33,6,1,3,3,3,1,25,,6,31,7,4,3,1,33,1,,High,Low,Senior,1,0,0,Level 2
3686,59,,,,,3,14323,15,28,7,3,4,4,2,23,,9,30,9,3,3,3,4,4,,,Low,,1,1,0,Level 3
3687,34,,,,,1,16169,47,29,2,9,2,3,1,40,,8,56,2,3,3,2,40,4,,,High,,1,0,0,Level 4
3688,51,,,,,5,5641,47,4,10,4,2,4,1,29,,6,52,16,4,2,2,10,2,,Medium,High,Experienced,0,1,0,Level 1
3689,58,,,,,1,3926,25,16,14,6,4,5,1,7,,4,37,9,4,3,2,36,3,,Medium,Normal,,1,1,0,Level 1
3690,25,,,,,1,8822,74,15,1,4,3,2,4,67,,5,45,2,3,1,2,10,3,,High,Normal,,1,0,1,Level 2
3691,20,,,,,2,14148,42,22,10,9,2,4,2,45,,3,40,19,3,4,1,6,4,,,Normal,,1,0,0,Level 3
3692,42,,,,,1,6827,76,18,9,5,2,4,1,59,,7,52,12,1,3,4,49,3,,High,High,,1,0,0,Level 1
3693,58,,,,,3,14637,61,18,1,8,3,4,3,45,,5,54,18,1,2,3,37,4,,,High,,1,1,0,Level 3
3694,36,,,,,3,16553,31,8,8,1,3,4,1,88,,6,36,2,2,1,1,32,3,,,Normal,Expert,1,0,0,Level 4
3695,53,,,,,2,18226,88,10,10,5,3,4,1,89,,2,36,17,1,1,2,43,2,,,Normal,Expert,1,1,0,Level 4
3696,48,,,,,2,7213,86,5,14,5,1,4,2,73,,7,49,1,3,1,3,23,2,,High,High,Experienced,1,0,0,Level 2
3697,28,,,,,5,6719,23,7,7,0,2,3,1,0,,4,31,12,2,3,3,31,3,,High,Low,Senior,1,0,0,Level 1
3698,32,,,,,2,15926,97,17,10,5,4,1,2,94,,7,54,7,2,1,2,26,1,,,High,,1,0,0,Level 4
3699,25,,,,,4,15661,22,6,9,6,2,4,4,61,,1,42,15,4,3,3,43,2,,,Normal,Senior,1,0,1,Level 3
3700,25,,,,,3,6370,73,11,12,6,4,1,2,45,,1,33,0,4,4,4,25,3,,High,Low,Expert,1,0,0,Level 1
3701,39,,,,,3,18765,83,27,5,2,1,5,2,18,,2,43,6,4,4,4,7,1,,,Normal,,1,0,0,Level 4
3702,22,,,,,2,13115,92,10,3,7,2,5,3,2,,3,38,8,4,4,2,3,3,,,Normal,Expert,1,0,0,Level 3
3703,36,,,,,2,6091,59,7,1,6,3,2,3,85,,4,47,15,1,2,4,5,4,,High,High,Senior,1,0,0,Level 1
3704,31,,,,,3,12968,47,26,2,3,3,4,3,57,,2,33,16,4,1,1,41,2,,,Low,,1,0,0,Level 3
3705,20,,,,,2,11963,52,7,6,3,2,2,3,89,,3,43,10,2,3,3,45,1,,Very High,Normal,Senior,1,0,0,Level 3
3706,36,,,,,5,4538,77,10,8,9,4,2,2,78,,5,50,5,3,2,3,34,1,,Medium,High,Expert,1,0,0,Level 1
3707,22,,,,,2,6549,26,13,9,6,4,2,3,62,,4,51,6,3,1,1,32,1,,High,High,,1,0,0,Level 1
3708,45,,,,,2,7776,81,3,8,1,2,2,2,76,,8,36,17,2,3,2,39,2,,High,Normal,New,0,0,0,Level 2
3709,34,,,,,5,19562,43,28,2,4,4,3,3,9,,7,51,2,3,1,1,44,2,,,High,,1,0,0,Level 4
3710,55,,,,,5,4754,36,25,1,5,2,4,4,53,,5,33,9,4,3,3,7,4,,Medium,Low,,1,1,1,Level 1
3711,51,,,,,5,11238,48,28,10,3,3,3,3,17,,9,51,14,2,4,3,1,3,,Very High,High,,1,1,0,Level 2
3712,51,,,,,3,11015,84,9,4,0,4,2,3,68,,2,59,4,3,4,3,37,4,,Very High,High,Expert,1,1,0,Level 2
3713,23,,,,,2,14875,53,5,14,0,4,4,1,58,,1,32,0,4,1,4,44,3,,,Low,Experienced,1,0,0,Level 3
3714,37,,,,,5,9497,30,25,5,2,2,5,1,43,,5,46,13,2,3,2,26,3,,Very High,High,,1,0,0,Level 2
3715,38,,,,,5,5534,45,16,10,8,4,3,1,95,,2,37,11,1,1,2,8,2,,Medium,Normal,,1,0,0,Level 1
3716,54,,,,,3,16734,63,29,6,1,2,5,2,48,,4,49,9,1,2,2,49,2,,,High,,1,1,0,Level 4
3717,59,,,,,4,18368,58,11,4,4,3,4,3,99,,3,38,17,3,3,3,18,2,,,Normal,Expert,1,1,0,Level 4
3718,33,,,,,2,4007,93,23,5,6,3,2,4,55,,2,30,15,2,4,2,30,1,,Medium,Low,,1,0,1,Level 1
3719,52,,,,,4,7829,60,23,8,1,3,4,1,19,,6,46,3,1,3,1,11,4,,High,High,,1,1,0,Level 2
3720,33,,,,,4,9464,15,25,10,0,2,2,2,23,,6,52,13,3,4,2,36,1,,Very High,High,,1,0,0,Level 2
3721,53,,,,,5,11057,58,18,3,6,2,5,4,78,,5,32,18,4,2,4,15,3,,Very High,Low,,1,1,1,Level 2
3722,23,,,,,3,5159,98,26,1,4,1,4,1,39,,5,43,1,4,3,3,18,2,,Medium,Normal,,1,0,0,Level 1
3723,43,,,,,2,19362,98,15,9,6,1,4,4,57,,9,57,8,4,3,4,46,4,,,High,,1,0,1,Level 4
3724,48,,,,,2,4286,60,5,9,0,3,4,2,22,,7,56,15,1,3,1,49,2,,Medium,High,Experienced,1,0,0,Level 1
3725,38,,,,,2,7473,86,8,2,5,4,3,2,40,,6,43,16,2,4,1,15,2,,High,Normal,Expert,1,0,0,Level 2
3726,25,,,,,4,7920,67,8,3,5,4,1,4,58,,4,55,4,4,1,3,33,2,,High,High,Expert,1,0,1,Level 2
3727,52,,,,,1,6925,47,19,8,6,3,3,1,13,,5,41,7,4,4,3,14,1,,High,Normal,,1,1,0,Level 1
3728,59,,,,,3,17892,59,5,3,7,3,5,2,42,,1,51,11,4,2,3,29,1,,,High,Experienced,1,1,0,Level 4
3729,38,,,,,1,6116,78,28,3,8,2,2,4,10,,2,57,7,3,4,4,48,4,,High,High,,1,0,1,Level 1
3730,20,,,,,4,6976,17,4,6,9,1,5,1,85,,3,56,6,3,1,1,29,3,,High,High,Experienced,0,0,0,Level 1
3731,24,,,,,5,18021,38,20,13,4,4,4,3,98,,1,44,19,1,3,1,42,3,,,Normal,,1,0,0,Level 4
3732,46,,,,,1,3173,90,18,6,3,3,1,3,30,,2,33,2,2,3,3,35,2,,Medium,Low,,1,0,0,Level 1
3733,35,,,,,1,15323,45,22,7,4,4,4,4,16,,8,32,1,4,2,1,14,3,,,Low,,1,0,1,Level 3
3734,25,,,,,3,7981,85,12,10,9,2,3,2,81,,5,37,6,4,1,3,18,2,,High,Normal,,1,0,0,Level 2
3735,59,,,,,4,13272,54,1,4,4,2,2,4,52,,5,35,13,2,3,2,45,2,,,Low,New,0,1,1,Level 3
3736,32,,,,,3,6834,95,8,5,8,2,5,1,45,,9,46,19,3,3,1,25,2,,High,High,Expert,1,0,0,Level 1
3737,54,,,,,5,5429,64,28,10,6,4,3,3,77,,4,35,10,3,1,2,14,4,,Medium,Low,,1,1,0,Level 1
3738,38,,,,,2,17189,88,26,3,1,2,1,2,24,,5,45,19,3,3,4,37,3,,,Normal,,1,0,0,Level 4
3739,31,,,,,4,16994,29,9,14,1,4,3,3,24,,7,31,1,2,2,4,44,1,,,Low,Expert,1,0,0,Level 4
3740,35,,,,,5,16990,35,27,2,0,2,3,1,54,,6,38,16,2,3,4,36,3,,,Normal,,1,0,0,Level 4
3741,29,,,,,5,13965,35,21,3,1,4,1,4,21,,4,43,12,1,4,3,32,2,,,Normal,,1,0,1,Level 3
3742,44,,,,,1,10462,74,13,12,1,1,5,2,89,,7,42,9,1,2,1,47,3,,Very High,Normal,,1,0,0,Level 2
3743,39,,,,,3,17750,79,22,3,4,2,2,4,41,,2,42,1,1,1,1,8,3,,,Normal,,1,0,1,Level 4
3744,50,,,,,1,3873,35,1,13,8,3,3,2,11,,3,46,8,4,2,3,26,3,,Medium,High,New,0,1,0,Level 1
3745,23,,,,,1,8553,69,6,2,6,3,4,4,54,,2,36,8,3,3,3,4,4,,High,Normal,Senior,1,0,1,Level 2
3746,42,,,,,2,13298,83,1,1,4,4,5,4,42,,9,32,9,3,4,2,13,4,,,Low,New,0,0,1,Level 3
3747,21,,,,,3,15464,93,14,11,9,3,5,2,95,,8,50,12,4,2,3,25,1,,,High,,1,0,0,Level 3
3748,41,,,,,2,4565,40,5,3,3,4,1,4,37,,4,42,7,1,1,1,42,1,,Medium,Normal,Experienced,1,0,1,Level 1
3749,56,,,,,5,14715,89,13,1,5,3,5,2,4,,9,40,11,3,3,1,26,4,,,Normal,,1,1,0,Level 3
3750,27,,,,,2,11500,69,25,8,3,3,4,2,53,,3,57,1,2,4,2,28,1,,Very High,High,,1,0,0,Level 3
3751,26,,,,,5,18911,99,5,5,9,2,5,3,16,,7,32,6,2,1,1,16,4,,,Low,Experienced,1,0,0,Level 4
3752,33,,,,,1,4163,60,15,12,6,1,2,2,84,,6,47,17,4,4,2,9,1,,Medium,High,,1,0,0,Level 1
3753,22,,,,,2,18941,76,3,6,2,3,1,4,16,,5,33,2,2,2,3,44,1,,,Low,New,0,0,1,Level 4
3754,35,,,,,3,14911,84,28,12,7,1,4,4,31,,2,41,3,4,2,4,31,3,,,Normal,,1,0,1,Level 3
3755,38,,,,,2,4056,68,4,13,7,2,2,3,61,,1,45,14,4,3,4,35,3,,Medium,Normal,Experienced,0,0,0,Level 1
3756,37,,,,,5,12923,18,3,10,2,4,1,3,33,,3,37,5,4,2,4,23,3,,,Normal,New,0,0,0,Level 3
3757,35,,,,,4,14634,59,20,7,6,1,1,2,58,,9,44,15,1,1,1,37,4,,,Normal,,1,0,0,Level 3
3758,27,,,,,3,18719,99,12,7,0,2,2,4,68,,5,44,15,4,1,3,3,3,,,Normal,,1,0,1,Level 4
3759,52,,,,,5,12861,68,28,4,4,4,5,2,89,,5,45,13,1,1,4,37,4,,,Normal,,1,1,0,Level 3
3760,31,,,,,4,6774,95,26,6,8,2,4,1,3,,2,45,11,2,3,4,23,4,,High,Normal,,1,0,0,Level 1
3761,30,,,,,3,4459,67,14,8,1,4,4,4,83,,3,36,0,2,4,2,43,4,,Medium,Normal,,1,0,1,Level 1
3762,24,,,,,4,17210,58,6,6,2,3,3,1,94,,2,43,13,3,1,4,7,3,,,Normal,Senior,1,0,0,Level 4
3763,46,,,,,1,11133,50,19,7,3,3,3,4,71,,7,37,13,4,3,3,2,3,,Very High,Normal,,1,0,1,Level 2
3764,31,,,,,1,3005,48,5,14,1,3,1,1,69,,3,47,16,4,4,1,18,4,,Medium,High,Experienced,1,0,0,Level 1
3765,36,,,,,2,7786,66,23,13,9,3,3,3,80,,5,38,0,1,2,4,35,4,,High,Normal,,1,0,0,Level 2
3766,25,,,,,2,9938,20,17,14,5,1,4,1,88,,1,33,5,2,3,1,42,4,,Very High,Low,,1,0,0,Level 2
3767,52,,,,,2,12833,52,19,3,4,1,4,4,3,,4,49,9,2,3,4,16,4,,,High,,1,1,1,Level 3
3768,24,,,,,2,11168,47,27,14,4,2,3,3,13,,6,37,14,1,4,3,19,2,,Very High,Normal,,1,0,0,Level 2
3769,47,,,,,4,11109,89,22,9,7,4,3,4,80,,4,54,3,2,3,4,38,1,,Very High,High,,1,0,1,Level 2
3770,33,,,,,3,6829,69,26,10,5,4,1,3,59,,7,47,1,1,2,4,2,2,,High,High,,1,0,0,Level 1
3771,24,,,,,3,17148,37,18,2,0,1,4,4,78,,6,33,11,3,1,1,39,2,,,Low,,1,0,1,Level 4
3772,52,,,,,2,8520,58,24,14,0,2,5,3,88,,5,44,6,3,3,1,23,1,,High,Normal,,1,1,0,Level 2
3773,38,,,,,1,12077,42,23,11,9,2,4,4,50,,6,30,6,4,3,2,2,1,,,Low,,1,0,1,Level 3
3774,41,,,,,5,5070,78,12,8,9,2,1,2,12,,3,55,1,2,2,1,30,2,,Medium,High,,1,0,0,Level 1
3775,24,,,,,2,9950,62,18,8,4,2,2,3,98,,2,55,4,1,1,2,23,2,,Very High,High,,1,0,0,Level 2
3776,21,,,,,2,3160,73,5,12,2,3,3,4,73,,9,34,12,1,3,2,38,2,,Medium,Low,Experienced,1,0,1,Level 1
3777,49,,,,,1,12409,97,13,2,7,4,2,1,29,,1,57,13,1,3,1,33,3,,,High,,1,0,0,Level 3
3778,58,,,,,5,7178,73,4,9,1,4,3,1,81,,3,33,10,1,4,4,46,2,,High,Low,Experienced,0,1,0,Level 1
3779,23,,,,,4,19551,57,18,3,4,4,3,1,66,,7,30,15,3,3,4,33,1,,,Low,,1,0,0,Level 4
3780,52,,,,,4,6912,57,20,10,5,2,5,1,17,,5,38,15,2,1,1,28,1,,High,Normal,,1,1,0,Level 1
3781,32,,,,,5,7439,91,9,6,2,3,5,3,20,,2,58,7,1,3,1,22,1,,High,High,Expert,1,0,0,Level 2
3782,39,,,,,5,12745,27,26,11,7,2,3,4,88,,9,53,17,3,2,1,23,4,,,High,,1,0,1,Level 3
3783,26,,,,,4,19833,86,2,4,7,3,4,1,43,,7,30,18,4,3,2,28,2,,,Low,New,0,0,0,Level 4
3784,34,,,,,2,7669,57,26,14,5,3,1,3,56,,3,42,6,1,1,3,32,2,,High,Normal,,1,0,0,Level 2
3785,42,,,,,2,16478,27,10,5,8,4,1,2,55,,5,43,17,4,4,3,46,2,,,Normal,Expert,1,0,0,Level 4
3786,33,,,,,1,5709,49,13,3,2,1,3,1,46,,1,56,5,1,1,3,23,1,,Medium,High,,1,0,0,Level 1
3787,42,,,,,5,17046,25,6,12,2,1,1,3,6,,9,58,8,1,2,3,31,3,,,High,Senior,1,0,0,Level 4
3788,38,,,,,2,5664,35,20,10,7,4,1,3,94,,1,32,16,2,2,4,13,4,,Medium,Low,,1,0,0,Level 1
3789,48,,,,,2,4789,86,8,8,9,2,4,4,98,,5,59,10,1,1,2,12,3,,Medium,High,Expert,1,0,1,Level 1
3790,39,,,,,1,18342,40,13,10,3,3,4,3,68,,9,34,2,4,4,4,44,4,,,Low,,1,0,0,Level 4
3791,48,,,,,5,6234,64,4,12,9,4,3,1,72,,7,40,8,1,1,2,24,3,,High,Normal,Experienced,0,0,0,Level 1
3792,43,,,,,1,18137,63,25,10,0,4,1,1,64,,9,57,14,4,1,2,19,4,,,High,,1,0,0,Level 4
3793,37,,,,,1,16506,88,26,8,7,2,3,1,18,,6,52,4,1,3,2,3,4,,,High,,1,0,0,Level 4
3794,29,,,,,4,19702,27,19,7,7,4,4,3,40,,6,50,8,4,2,2,32,4,,,High,,1,0,0,Level 4
3795,27,,,,,1,13348,53,7,7,4,1,1,3,95,,9,53,14,2,3,3,28,1,,,High,Senior,1,0,0,Level 3
3796,45,,,,,5,13745,69,15,2,1,2,4,2,65,,1,31,0,2,1,4,18,2,,,Low,,1,0,0,Level 3
3797,48,,,,,2,3428,21,5,10,6,1,2,3,81,,3,52,0,1,2,2,4,3,,Medium,High,Experienced,1,0,0,Level 1
3798,29,,,,,2,13677,57,27,12,3,4,1,3,16,,9,34,13,3,1,3,15,1,,,Low,,1,0,0,Level 3
3799,36,,,,,4,15594,56,17,6,7,3,2,2,57,,3,38,0,4,2,1,16,3,,,Normal,,1,0,0,Level 3
3800,21,,,,,5,3900,72,19,4,9,4,2,1,98,,4,53,0,4,2,2,27,4,,Medium,High,,1,0,0,Level 1
3801,25,,,,,2,10422,26,25,11,5,4,4,3,67,,4,41,19,4,2,3,40,4,,Very High,Normal,,1,0,0,Level 2
3802,24,,,,,1,14590,27,29,9,6,3,4,2,46,,2,37,5,4,4,3,22,2,,,Normal,,1,0,0,Level 3
3803,47,,,,,3,3748,26,25,5,9,3,5,4,64,,1,41,0,1,4,2,30,3,,Medium,Normal,,1,0,1,Level 1
3804,24,,,,,3,7289,90,21,6,1,3,1,3,13,,4,30,8,2,3,3,22,3,,High,Low,,1,0,0,Level 2
3805,37,,,,,3,10531,52,5,7,4,2,5,2,76,,8,45,7,3,3,2,29,2,,Very High,Normal,Experienced,1,0,0,Level 2
3806,45,,,,,3,17180,17,11,14,3,3,3,4,15,,3,46,17,4,1,4,11,1,,,High,Expert,1,0,1,Level 4
3807,39,,,,,1,13603,86,4,2,2,1,3,4,32,,5,44,1,3,2,1,36,4,,,Normal,Experienced,0,0,1,Level 3
3808,46,,,,,2,4027,76,14,1,6,2,4,1,98,,9,40,15,2,2,1,48,1,,Medium,Normal,,1,0,0,Level 1
3809,31,,,,,4,15436,45,4,6,0,4,3,4,4,,8,33,7,1,2,1,48,3,,,Low,Experienced,0,0,1,Level 3
3810,26,,,,,1,14324,91,4,9,5,1,2,3,55,,8,43,9,2,3,3,15,2,,,Normal,Experienced,0,0,0,Level 3
3811,22,,,,,2,4140,86,2,7,2,1,3,4,36,,7,32,2,2,1,3,1,1,,Medium,Low,New,0,0,1,Level 1
3812,29,,,,,5,19043,51,7,12,6,3,5,2,11,,9,33,15,3,1,2,4,3,,,Low,Senior,1,0,0,Level 4
3813,53,,,,,2,18181,38,19,12,8,2,1,1,72,,5,35,7,2,1,2,44,2,,,Low,,1,1,0,Level 4
3814,44,,,,,2,11429,82,1,9,2,1,4,2,64,,8,31,10,4,2,2,44,2,,Very High,Low,New,0,0,0,Level 3
3815,54,,,,,2,7553,78,12,12,0,4,1,4,36,,6,49,4,4,3,1,28,2,,High,High,,1,1,1,Level 2
3816,35,,,,,1,13724,30,27,11,2,4,4,2,81,,1,49,3,3,3,4,49,3,,,High,,1,0,0,Level 3
3817,21,,,,,2,18441,32,26,3,8,4,3,3,64,,4,36,4,1,2,2,23,2,,,Normal,,1,0,0,Level 4
3818,43,,,,,2,4610,82,19,13,9,3,3,1,46,,4,31,19,2,4,3,17,1,,Medium,Low,,1,0,0,Level 1
3819,29,,,,,5,7439,54,25,5,3,4,4,4,6,,1,52,5,1,3,2,39,1,,High,High,,1,0,1,Level 2
3820,57,,,,,5,16650,72,12,6,2,4,1,3,22,,8,39,10,2,3,1,16,4,,,Normal,,1,1,0,Level 4
3821,41,,,,,3,7758,59,9,6,6,4,2,4,16,,8,45,5,4,3,1,24,4,,High,Normal,Expert,1,0,1,Level 2
3822,45,,,,,1,18307,67,26,5,6,3,4,1,41,,7,53,14,3,3,2,45,1,,,High,,1,0,0,Level 4
3823,58,,,,,2,3245,41,7,14,3,2,2,3,61,,2,47,6,3,4,3,47,2,,Medium,High,Senior,1,1,0,Level 1
3824,46,,,,,3,12469,50,1,2,8,2,5,4,53,,7,43,2,3,2,2,21,4,,,Normal,New,0,0,1,Level 3
3825,48,,,,,3,17901,82,6,11,8,3,4,1,43,,3,37,7,2,4,4,23,2,,,Normal,Senior,1,0,0,Level 4
3826,57,,,,,1,9842,27,10,10,1,2,4,2,48,,6,55,17,1,4,2,20,4,,Very High,High,Expert,1,1,0,Level 2
3827,39,,,,,3,10058,65,1,3,6,2,2,1,30,,5,50,4,3,4,1,32,1,,Very High,High,New,0,0,0,Level 2
3828,46,,,,,3,13520,62,18,6,7,3,2,4,42,,9,58,8,1,3,2,45,3,,,High,,1,0,1,Level 3
3829,39,,,,,1,19012,74,3,9,7,2,3,4,9,,1,49,12,3,2,2,47,2,,,High,New,0,0,1,Level 4
3830,38,,,,,4,4556,92,11,10,9,2,1,2,48,,5,34,13,2,2,2,5,1,,Medium,Low,Expert,1,0,0,Level 1
3831,39,,,,,3,5222,84,27,8,0,4,3,2,11,,9,55,9,3,2,1,32,3,,Medium,High,,1,0,0,Level 1
3832,54,,,,,5,11496,65,14,8,1,3,3,3,36,,1,47,10,1,1,1,14,3,,Very High,High,,1,1,0,Level 3
3833,21,,,,,3,14114,28,6,8,7,3,2,4,32,,7,35,3,1,2,1,19,3,,,Low,Senior,1,0,1,Level 3
3834,49,,,,,1,19378,57,11,13,6,4,4,1,43,,4,50,12,4,3,2,24,2,,,High,Expert,1,0,0,Level 4
3835,53,,,,,1,5966,17,7,11,6,1,4,3,32,,8,34,17,4,3,3,36,1,,Medium,Low,Senior,1,1,0,Level 1
3836,41,,,,,4,17084,39,8,6,0,3,2,1,44,,7,53,8,1,1,4,27,4,,,High,Expert,1,0,0,Level 4
3837,22,,,,,4,13908,48,25,13,1,1,4,1,46,,8,50,1,2,2,2,41,1,,,High,,1,0,0,Level 3
3838,25,,,,,5,15838,84,23,12,1,2,1,4,71,,6,34,13,2,1,2,41,2,,,Low,,1,0,1,Level 4
3839,34,,,,,5,14234,70,22,11,2,3,5,3,75,,2,38,1,2,3,2,11,2,,,Normal,,1,0,0,Level 3
3840,46,,,,,3,7002,79,5,14,2,2,4,4,52,,4,52,17,1,3,4,17,1,,High,High,Experienced,1,0,1,Level 1
3841,29,,,,,4,4360,74,26,14,2,3,4,1,26,,7,54,17,2,1,4,30,1,,Medium,High,,1,0,0,Level 1
3842,28,,,,,5,12245,62,18,3,3,3,3,4,58,,9,57,9,1,3,1,46,4,,,High,,1,0,1,Level 3
3843,52,,,,,3,19823,86,15,5,3,3,2,3,98,,7,53,1,4,3,1,35,4,,,High,,1,1,0,Level 4
3844,51,,,,,2,7353,95,24,13,8,1,4,2,90,,9,34,0,4,3,1,15,1,,High,Low,,1,1,0,Level 2
3845,25,,,,,3,5610,91,21,8,2,3,2,2,74,,3,44,15,3,1,4,25,1,,Medium,Normal,,1,0,0,Level 1
3846,55,,,,,5,13006,33,26,13,2,4,3,1,49,,8,54,3,1,4,1,38,2,,,High,,1,1,0,Level 3
3847,21,,,,,3,3233,49,18,3,8,3,1,3,73,,2,51,12,3,1,1,7,2,,Medium,High,,1,0,0,Level 1
3848,48,,,,,2,13623,47,3,1,3,1,5,1,19,,9,54,12,3,1,4,2,4,,,High,New,0,0,0,Level 3
3849,23,,,,,5,18895,56,10,12,5,3,1,2,96,,3,33,2,1,2,3,47,1,,,Low,Expert,1,0,0,Level 4
3850,20,,,,,3,3838,68,26,14,9,1,5,1,55,,4,36,16,3,2,2,3,2,,Medium,Normal,,1,0,0,Level 1
3851,38,,,,,5,5784,53,28,13,4,2,1,2,17,,9,54,5,2,1,1,49,2,,Medium,High,,1,0,0,Level 1
3852,45,,,,,3,4351,78,15,14,9,4,5,4,79,,8,58,3,3,3,3,34,2,,Medium,High,,1,0,1,Level 1
3853,44,,,,,1,3205,52,23,1,2,4,1,4,64,,1,41,12,3,1,4,7,3,,Medium,Normal,,1,0,1,Level 1
3854,29,,,,,5,19568,52,26,7,7,1,2,4,78,,3,57,17,4,3,3,20,2,,,High,,1,0,1,Level 4
3855,34,,,,,5,9902,87,8,6,4,2,5,2,53,,6,41,13,2,3,3,1,2,,Very High,Normal,Expert,1,0,0,Level 2
3856,41,,,,,5,8502,66,21,5,7,4,2,4,4,,6,47,1,2,2,1,30,4,,High,High,,1,0,1,Level 2
3857,40,,,,,5,13984,61,26,8,5,3,3,4,14,,7,30,0,3,4,4,1,2,,,Low,,1,0,1,Level 3
3858,41,,,,,3,15686,79,8,8,8,4,4,2,61,,2,51,18,3,4,1,29,4,,,High,Expert,1,0,0,Level 4
3859,55,,,,,4,18242,56,29,11,1,1,3,3,85,,1,33,19,3,1,4,5,1,,,Low,,1,1,0,Level 4
3860,53,,,,,3,5729,69,14,1,6,2,3,3,37,,8,30,4,2,2,3,3,1,,Medium,Low,,1,1,0,Level 1
3861,49,,,,,2,19697,73,10,7,9,2,5,2,44,,9,39,5,4,4,2,30,4,,,Normal,Expert,1,0,0,Level 4
3862,44,,,,,1,11419,80,13,14,3,1,5,4,88,,8,52,11,1,4,2,1,1,,Very High,High,,1,0,1,Level 3
3863,47,,,,,3,9801,88,10,11,9,3,3,2,60,,1,31,19,4,1,3,43,1,,Very High,Low,Expert,1,0,0,Level 2
3864,20,,,,,3,16457,68,6,2,6,2,1,2,51,,2,41,3,3,1,2,11,1,,,Normal,Senior,1,0,0,Level 4
3865,23,,,,,5,18960,65,18,13,8,1,4,2,96,,9,49,13,1,2,2,17,2,,,High,,1,0,0,Level 4
3866,26,,,,,2,15149,37,16,4,9,2,2,3,59,,4,58,10,1,1,1,39,1,,,High,,1,0,0,Level 3
3867,28,,,,,5,3926,87,28,1,0,2,2,3,99,,7,35,2,3,3,3,21,2,,Medium,Low,,1,0,0,Level 1
3868,55,,,,,5,6336,25,28,2,4,1,1,3,23,,8,51,13,4,4,1,28,4,,High,High,,1,1,0,Level 1
3869,38,,,,,4,6121,50,18,13,5,1,4,4,62,,5,41,7,4,1,2,4,1,,High,Normal,,1,0,1,Level 1
3870,20,,,,,1,10542,70,24,10,3,3,1,3,59,,9,52,16,1,1,3,40,4,,Very High,High,,1,0,0,Level 2
3871,29,,,,,4,18378,56,20,9,9,3,2,1,9,,6,53,14,2,2,4,11,1,,,High,,1,0,0,Level 4
3872,55,,,,,5,5355,27,24,12,5,2,1,1,45,,7,32,6,2,2,3,2,3,,Medium,Low,,1,1,0,Level 1
3873,28,,,,,1,18684,97,25,1,0,3,5,3,67,,1,46,2,2,3,2,38,1,,,High,,1,0,0,Level 4
3874,51,,,,,3,8772,66,6,7,7,2,2,4,5,,6,43,6,3,1,3,9,4,,High,Normal,Senior,1,1,1,Level 2
3875,51,,,,,2,6399,44,9,4,5,1,5,1,72,,4,41,9,1,4,3,39,2,,High,Normal,Expert,1,1,0,Level 1
3876,25,,,,,4,14544,96,16,7,9,1,4,2,43,,5,45,5,4,4,2,15,2,,,Normal,,1,0,0,Level 3
3877,57,,,,,2,14338,26,6,14,3,3,5,1,77,,9,59,11,4,3,3,37,2,,,High,Senior,1,1,0,Level 3
3878,36,,,,,5,9737,90,11,7,4,2,1,3,91,,5,51,4,2,3,3,12,3,,Very High,High,Expert,1,0,0,Level 2
3879,29,,,,,1,10929,35,3,11,7,3,4,4,81,,8,45,3,4,3,4,37,4,,Very High,Normal,New,0,0,1,Level 2
3880,46,,,,,3,19009,26,8,13,1,4,3,4,30,,1,51,0,4,2,4,6,2,,,High,Expert,1,0,1,Level 4
3881,54,,,,,1,3608,76,1,10,3,4,4,3,34,,3,58,5,1,1,3,48,2,,Medium,High,New,0,1,0,Level 1
3882,40,,,,,2,19995,53,22,3,6,4,3,2,34,,2,43,18,2,3,4,41,2,,,Normal,,1,0,0,Level 4
3883,44,,,,,2,4020,58,15,13,1,4,3,3,99,,8,39,16,3,1,2,12,2,,Medium,Normal,,1,0,0,Level 1
3884,47,,,,,3,16072,18,15,2,5,2,4,3,18,,1,36,1,4,3,3,44,3,,,Normal,,1,0,0,Level 4
3885,34,,,,,3,3240,45,19,3,8,2,3,3,32,,2,44,1,3,4,3,33,1,,Medium,Normal,,1,0,0,Level 1
3886,23,,,,,1,5052,38,26,5,1,1,5,4,94,,9,31,14,3,2,4,45,1,,Medium,Low,,1,0,1,Level 1
3887,48,,,,,4,8334,56,10,13,3,1,5,3,88,,9,51,19,1,4,3,30,2,,High,High,Expert,1,0,0,Level 2
3888,28,,,,,1,4602,63,19,8,9,2,4,4,58,,1,44,10,1,3,3,43,1,,Medium,Normal,,1,0,1,Level 1
3889,46,,,,,2,13596,96,9,11,9,4,3,3,46,,8,48,2,1,1,4,20,4,,,High,Expert,1,0,0,Level 3
3890,45,,,,,1,19752,34,7,9,4,3,1,3,70,,7,57,13,2,4,4,10,3,,,High,Senior,1,0,0,Level 4
3891,38,,,,,5,17128,22,29,4,9,3,4,1,67,,4,56,5,4,4,2,12,2,,,High,,1,0,0,Level 4
3892,47,,,,,1,10109,47,14,6,7,3,3,3,1,,7,52,15,3,4,2,8,1,,Very High,High,,1,0,0,Level 2
3893,36,,,,,1,6516,82,2,4,4,4,3,2,88,,1,59,2,3,2,1,23,2,,High,High,New,0,0,0,Level 1
3894,39,,,,,5,7429,52,22,14,4,2,3,4,24,,3,50,9,2,3,2,4,4,,High,High,,1,0,1,Level 2
3895,59,,,,,2,13469,50,28,14,9,4,1,4,33,,2,54,11,2,3,1,29,4,,,High,,1,1,1,Level 3
3896,58,,,,,3,19248,62,13,14,8,4,5,1,52,,8,37,5,1,1,4,46,2,,,Normal,,1,1,0,Level 4
3897,42,,,,,1,11970,22,20,9,9,2,2,3,24,,9,50,18,3,2,3,33,2,,Very High,High,,1,0,0,Level 3
3898,51,,,,,4,6431,87,26,5,5,4,1,1,21,,5,56,11,4,2,3,4,4,,High,High,,1,1,0,Level 1
3899,52,,,,,3,18946,96,27,2,4,2,2,4,36,,5,48,0,4,1,1,15,1,,,High,,1,1,1,Level 4
3900,24,,,,,4,19163,74,23,1,2,1,5,3,0,,5,55,11,1,2,2,12,2,,,High,,1,0,0,Level 4
3901,53,,,,,1,7482,38,4,5,0,2,3,3,31,,1,58,4,4,4,4,20,4,,High,High,Experienced,0,1,0,Level 2
3902,59,,,,,4,9252,31,7,8,5,3,2,1,78,,1,46,14,4,2,2,48,2,,Very High,High,Senior,1,1,0,Level 2
3903,30,,,,,3,6271,79,22,11,9,2,2,1,47,,8,59,1,2,4,1,34,3,,High,High,,1,0,0,Level 1
3904,22,,,,,4,13804,53,8,11,8,4,1,2,77,,8,55,17,3,1,2,24,4,,,High,Expert,1,0,0,Level 3
3905,52,,,,,4,13037,93,23,14,3,2,5,1,6,,2,30,19,4,1,3,16,1,,,Low,,1,1,0,Level 3
3906,30,,,,,3,6508,69,16,13,7,1,4,3,66,,3,33,8,3,4,1,35,2,,High,Low,,1,0,0,Level 1
3907,35,,,,,3,9976,91,25,6,1,1,2,3,65,,2,32,17,3,1,1,31,3,,Very High,Low,,1,0,0,Level 2
3908,37,,,,,3,6111,75,20,11,1,1,1,4,56,,8,36,19,3,4,1,43,1,,High,Normal,,1,0,1,Level 1
3909,49,,,,,3,17632,45,9,12,3,1,3,2,35,,9,54,16,1,4,4,7,2,,,High,Expert,1,0,0,Level 4
3910,29,,,,,5,19037,42,21,7,1,3,5,4,92,,9,42,10,1,4,3,43,3,,,Normal,,1,0,1,Level 4
3911,37,,,,,1,3926,46,29,9,5,2,3,1,73,,6,43,3,1,2,1,14,1,,Medium,Normal,,1,0,0,Level 1
3912,57,,,,,3,8927,21,11,4,7,2,3,4,12,,6,37,11,3,3,4,45,3,,High,Normal,Expert,1,1,1,Level 2
3913,38,,,,,2,18324,92,25,5,2,4,4,1,82,,9,39,7,4,3,4,32,4,,,Normal,,1,0,0,Level 4
3914,55,,,,,4,5095,28,14,9,2,4,2,2,43,,5,52,2,4,3,3,27,1,,Medium,High,,1,1,0,Level 1
3915,32,,,,,3,15032,87,27,3,3,1,4,1,81,,4,53,0,3,2,4,23,1,,,High,,1,0,0,Level 3
3916,22,,,,,3,12018,68,4,1,4,3,1,1,61,,5,53,7,4,4,2,25,4,,,High,Experienced,0,0,0,Level 3
3917,29,,,,,1,7695,84,19,8,2,3,4,1,67,,8,40,10,4,3,3,45,3,,High,Normal,,1,0,0,Level 2
3918,57,,,,,3,3769,65,15,9,5,4,1,1,46,,2,47,19,3,4,3,44,2,,Medium,High,,1,1,0,Level 1
3919,20,,,,,5,11648,93,14,11,4,1,2,3,29,,8,33,19,3,1,1,32,2,,Very High,Low,,1,0,0,Level 3
3920,46,,,,,2,12264,44,23,14,7,4,2,1,72,,2,51,14,2,2,3,35,4,,,High,,1,0,0,Level 3
3921,27,,,,,2,18435,44,16,10,9,1,4,2,34,,1,31,15,2,4,3,38,3,,,Low,,1,0,0,Level 4
3922,36,,,,,3,18905,30,20,11,3,4,3,2,50,,6,43,4,4,4,2,9,3,,,Normal,,1,0,0,Level 4
3923,28,,,,,1,8367,37,21,12,5,4,4,4,52,,5,38,3,4,1,3,49,1,,High,Normal,,1,0,1,Level 2
3924,25,,,,,3,18163,45,3,14,8,4,5,4,9,,9,55,3,4,3,3,21,2,,,High,New,0,0,1,Level 4
3925,44,,,,,4,8502,26,6,10,5,1,2,2,42,,1,47,16,3,1,4,46,3,,High,High,Senior,1,0,0,Level 2
3926,58,,,,,2,16407,99,29,4,9,2,5,1,0,,6,41,13,2,3,2,4,3,,,Normal,,1,1,0,Level 4
3927,47,,,,,4,17576,17,4,13,4,1,5,3,1,,7,51,0,1,3,4,18,1,,,High,Experienced,0,0,0,Level 4
3928,52,,,,,5,7400,81,1,12,7,2,5,2,4,,9,30,8,4,3,4,42,2,,High,Low,New,0,1,0,Level 2
3929,56,,,,,2,17892,52,18,6,3,1,3,2,31,,6,47,11,1,2,4,16,4,,,High,,1,1,0,Level 4
3930,28,,,,,2,16899,99,8,7,5,1,2,3,94,,2,53,7,2,2,1,12,4,,,High,Expert,1,0,0,Level 4
3931,37,,,,,5,16278,30,16,7,6,3,2,2,38,,7,41,2,1,3,1,12,2,,,Normal,,1,0,0,Level 4
3932,40,,,,,4,8617,96,20,8,9,3,2,1,27,,8,35,6,2,4,4,44,3,,High,Low,,1,0,0,Level 2
3933,21,,,,,3,14665,18,28,6,5,2,4,4,70,,5,31,0,1,2,3,25,3,,,Low,,1,0,1,Level 3
3934,57,,,,,1,18342,34,16,7,7,4,1,2,50,,8,44,0,3,2,4,31,1,,,Normal,,1,1,0,Level 4
3935,59,,,,,4,7471,59,15,14,1,2,2,1,1,,6,37,13,2,2,1,46,4,,High,Normal,,1,1,0,Level 2
3936,55,,,,,5,17246,27,26,9,4,3,3,3,74,,3,30,13,4,2,1,45,1,,,Low,,1,1,0,Level 4
3937,56,,,,,5,18902,16,2,6,2,3,3,3,47,,6,50,6,2,2,4,7,4,,,High,New,0,1,0,Level 4
3938,34,,,,,5,14675,45,29,14,3,4,1,2,82,,1,39,6,2,2,4,23,3,,,Normal,,1,0,0,Level 3
3939,47,,,,,2,17877,42,12,13,9,2,4,1,26,,8,31,4,4,3,2,41,4,,,Low,,1,0,0,Level 4
3940,37,,,,,3,15969,87,4,2,7,4,3,4,47,,9,45,11,3,1,2,33,1,,,Normal,Experienced,0,0,1,Level 4
3941,53,,,,,2,18434,73,23,4,1,3,1,3,63,,7,34,3,2,1,4,39,4,,,Low,,1,1,0,Level 4
3942,41,,,,,2,6277,25,11,5,8,4,3,2,86,,8,42,0,1,4,4,9,1,,High,Normal,Expert,1,0,0,Level 1
3943,30,,,,,2,8955,49,2,8,6,2,1,2,94,,9,35,0,4,3,4,44,4,,High,Low,New,0,0,0,Level 2
3944,32,,,,,5,15131,63,6,4,0,4,3,2,69,,8,42,2,4,2,4,36,4,,,Normal,Senior,1,0,0,Level 3
3945,23,,,,,4,14136,58,17,1,2,1,4,3,48,,4,39,19,4,3,4,17,1,,,Normal,,1,0,0,Level 3
3946,41,,,,,1,14110,72,28,1,7,4,4,1,8,,5,44,17,2,2,1,12,2,,,Normal,,1,0,0,Level 3
3947,26,,,,,1,4444,65,19,2,1,3,3,4,32,,2,51,2,3,3,4,37,2,,Medium,High,,1,0,1,Level 1
3948,43,,,,,3,18008,31,9,8,9,2,3,4,22,,1,58,4,3,2,4,42,3,,,High,Expert,1,0,1,Level 4
3949,23,,,,,3,18508,18,5,3,6,4,5,1,92,,8,35,13,3,4,4,46,1,,,Low,Experienced,1,0,0,Level 4
3950,47,,,,,5,11279,47,14,6,0,1,2,1,93,,7,55,10,2,1,3,34,4,,Very High,High,,1,0,0,Level 2
3951,34,,,,,1,3012,76,16,7,2,3,4,4,69,,8,55,8,4,1,3,48,1,,Medium,High,,1,0,1,Level 1
3952,20,,,,,4,18540,95,27,11,9,2,3,2,59,,9,40,1,3,1,1,8,2,,,Normal,,1,0,0,Level 4
3953,22,,,,,5,11511,86,24,1,1,2,2,4,16,,8,46,3,1,4,3,18,3,,Very High,High,,1,0,1,Level 3
3954,33,,,,,3,16927,57,1,5,1,4,3,1,1,,5,30,9,2,2,4,20,2,,,Low,New,0,0,0,Level 4
3955,57,,,,,5,17958,98,20,2,9,2,2,3,38,,7,39,6,2,2,2,11,1,,,Normal,,1,1,0,Level 4
3956,20,,,,,3,8770,56,3,7,1,2,2,2,13,,5,50,18,3,3,1,25,3,,High,High,New,0,0,0,Level 2
3957,57,,,,,1,16211,65,10,12,3,3,4,3,79,,1,43,6,1,4,2,45,2,,,Normal,Expert,1,1,0,Level 4
3958,57,,,,,5,9199,52,25,12,5,1,5,4,36,,3,31,1,1,3,4,19,1,,Very High,Low,,1,1,1,Level 2
3959,40,,,,,2,6251,57,15,13,0,2,1,3,87,,1,54,4,1,1,2,17,4,,High,High,,1,0,0,Level 1
3960,48,,,,,3,3193,62,23,3,9,2,3,4,67,,9,59,7,4,1,4,23,4,,Medium,High,,1,0,1,Level 1
3961,24,,,,,2,16047,56,28,9,6,3,2,3,28,,4,38,7,2,2,4,31,1,,,Normal,,1,0,0,Level 4
3962,29,,,,,3,4626,71,3,1,6,1,5,1,89,,1,57,8,3,2,1,45,3,,Medium,High,New,0,0,0,Level 1
3963,47,,,,,2,19082,68,1,2,0,3,2,4,18,,1,47,8,3,2,2,3,4,,,High,New,0,0,1,Level 4
3964,40,,,,,1,16950,31,13,9,9,3,3,2,17,,1,59,18,4,1,2,12,2,,,High,,1,0,0,Level 4
3965,26,,,,,1,14033,65,15,7,8,3,1,2,91,,7,50,2,3,3,2,16,2,,,High,,1,0,0,Level 3
3966,22,,,,,4,8190,23,21,3,7,3,4,3,91,,9,47,5,4,2,3,11,4,,High,High,,1,0,0,Level 2
3967,39,,,,,4,11282,98,10,11,1,2,1,2,30,,5,58,17,2,4,4,41,4,,Very High,High,Expert,1,0,0,Level 2
3968,38,,,,,4,14869,22,3,8,6,2,4,2,11,,6,37,10,1,1,2,31,1,,,Normal,New,0,0,0,Level 3
3969,54,,,,,5,10243,77,27,5,1,3,2,1,84,,3,58,11,2,1,3,27,4,,Very High,High,,1,1,0,Level 2
3970,23,,,,,3,17780,70,18,2,3,4,5,2,31,,1,46,9,2,3,3,45,4,,,High,,1,0,0,Level 4
3971,24,,,,,5,10364,84,19,10,4,4,4,3,67,,5,33,18,2,4,2,17,4,,Very High,Low,,1,0,0,Level 2
3972,20,,,,,4,14711,23,21,1,9,1,2,2,22,,8,45,2,1,3,1,28,3,,,Normal,,1,0,0,Level 3
3973,23,,,,,3,6459,89,5,6,2,1,3,4,57,,3,30,6,1,3,1,2,2,,High,Low,Experienced,1,0,1,Level 1
3974,31,,,,,5,5369,19,10,4,6,3,3,4,12,,6,52,12,2,3,4,38,4,,Medium,High,Expert,1,0,1,Level 1
3975,46,,,,,1,13785,86,24,2,6,2,5,4,16,,5,36,2,3,1,2,18,3,,,Normal,,1,0,1,Level 3
3976,42,,,,,3,14569,78,16,1,5,4,5,3,94,,3,31,18,4,4,4,37,1,,,Low,,1,0,0,Level 3
3977,44,,,,,4,19729,66,20,7,6,4,3,2,21,,3,53,18,4,4,4,13,3,,,High,,1,0,0,Level 4
3978,40,,,,,1,8380,49,18,4,2,2,3,3,72,,9,36,2,3,1,1,16,1,,High,Normal,,1,0,0,Level 2
3979,43,,,,,3,10851,74,8,1,6,4,4,4,5,,3,37,4,2,4,3,46,4,,Very High,Normal,Expert,1,0,1,Level 2
3980,44,,,,,5,9292,53,13,13,6,4,5,4,72,,9,32,12,4,2,3,3,3,,Very High,Low,,1,0,1,Level 2
3981,51,,,,,4,4912,20,8,10,8,1,3,3,65,,4,37,8,3,2,3,14,4,,Medium,Normal,Expert,1,1,0,Level 1
3982,51,,,,,5,10196,35,26,1,1,1,4,2,58,,6,48,18,4,1,2,21,1,,Very High,High,,1,1,0,Level 2
3983,24,,,,,1,14877,50,13,7,2,3,2,3,61,,9,42,11,1,3,2,44,1,,,Normal,,1,0,0,Level 3
3984,55,,,,,1,11058,32,24,5,3,4,5,1,7,,2,46,1,3,2,1,48,3,,Very High,High,,1,1,0,Level 2
3985,58,,,,,1,8680,15,12,1,7,4,5,1,47,,7,56,19,2,3,3,24,4,,High,High,,1,1,0,Level 2
3986,35,,,,,3,5112,31,13,11,0,1,3,3,8,,1,33,15,2,1,2,4,3,,Medium,Low,,1,0,0,Level 1
3987,52,,,,,4,11867,83,27,9,1,4,3,3,98,,7,31,0,4,1,4,49,4,,Very High,Low,,1,1,0,Level 3
3988,40,,,,,1,3475,20,17,3,1,2,3,3,20,,5,34,7,4,1,2,46,1,,Medium,Low,,1,0,0,Level 1
3989,28,,,,,5,3325,72,15,10,1,1,3,2,37,,6,39,14,3,2,1,42,1,,Medium,Normal,,1,0,0,Level 1
3990,25,,,,,4,18932,59,28,1,1,1,1,4,75,,9,34,14,4,3,2,34,4,,,Low,,1,0,1,Level 4
3991,54,,,,,5,11039,86,9,13,6,2,3,1,40,,3,38,3,3,4,2,34,4,,Very High,Normal,Expert,1,1,0,Level 2
3992,58,,,,,5,18817,97,20,2,5,3,2,2,2,,7,37,17,1,1,4,7,2,,,Normal,,1,1,0,Level 4
3993,41,,,,,1,12488,62,4,10,6,1,3,2,23,,4,32,1,1,1,4,5,2,,,Low,Experienced,0,0,0,Level 3
3994,24,,,,,4,11135,64,24,6,5,4,3,4,27,,1,58,1,4,1,4,36,2,,Very High,High,,1,0,1,Level 2
3995,42,,,,,2,3281,70,12,3,9,4,2,1,60,,6,42,0,1,2,1,20,2,,Medium,Normal,,1,0,0,Level 1
3996,36,,,,,3,3656,23,24,10,0,4,4,2,54,,4,44,12,1,2,2,40,3,,Medium,Normal,,1,0,0,Level 1
3997,31,,,,,2,5210,76,22,8,5,2,2,4,41,,1,59,12,3,3,4,4,1,,Medium,High,,1,0,1,Level 1
3998,42,,,,,3,12092,45,4,1,3,3,5,2,72,,5,30,3,2,3,2,23,2,,,Low,Experienced,0,0,0,Level 3
3999,35,,,,,4,10468,79,13,1,8,1,2,1,3,,1,57,12,4,3,2,33,4,,Very High,High,,1,0,0,Level 2
4000,22,,,,,1,15618,75,3,8,5,1,5,3,90,,1,39,13,2,2,1,4,4,,,Normal,New,0,0,0,Level 3
4001,49,,,,,4,3143,24,5,11,8,3,1,2,2,,5,45,4,3,2,2,18,3,,Medium,Normal,Experienced,1,0,0,Level 1
4002,41,,,,,2,6933,67,13,1,7,1,2,2,74,,4,56,9,3,2,4,4,4,,High,High,,1,0,0,Level 1
4003,28,,,,,5,12605,78,14,14,4,4,4,2,72,,6,59,14,2,3,2,41,4,,,High,,1,0,0,Level 3
4004,48,,,,,3,13775,78,8,11,9,3,1,1,61,,3,39,13,4,2,1,35,1,,,Normal,Expert,1,0,0,Level 3
4005,56,,,,,3,14866,64,23,4,6,2,3,3,46,,4,40,16,4,2,4,31,3,,,Normal,,1,1,0,Level 3
4006,42,,,,,2,5048,79,11,11,7,3,4,3,93,,3,35,1,2,3,3,21,4,,Medium,Low,Expert,1,0,0,Level 1
4007,32,,,,,1,8323,91,8,13,4,3,2,2,34,,2,45,1,3,2,1,28,3,,High,Normal,Expert,1,0,0,Level 2
4008,51,,,,,4,14119,28,12,13,7,1,2,2,61,,4,57,15,3,4,1,7,3,,,High,,1,1,0,Level 3
4009,42,,,,,2,4894,37,11,6,9,3,4,4,60,,2,46,6,2,3,1,46,1,,Medium,High,Expert,1,0,1,Level 1
4010,36,,,,,4,8320,42,17,1,8,4,3,2,96,,1,37,1,1,2,1,49,2,,High,Normal,,1,0,0,Level 2
4011,59,,,,,1,6976,72,27,4,4,1,3,4,14,,5,50,19,1,4,2,14,1,,High,High,,1,1,1,Level 1
4012,40,,,,,5,16225,54,13,13,7,3,1,4,93,,6,40,19,1,3,1,1,1,,,Normal,,1,0,1,Level 4
4013,21,,,,,4,14454,78,4,5,8,2,4,1,74,,5,38,9,2,2,2,4,1,,,Normal,Experienced,0,0,0,Level 3
4014,56,,,,,1,18208,16,13,13,0,2,5,2,51,,4,56,0,2,4,4,28,2,,,High,,1,1,0,Level 4
4015,25,,,,,2,3408,57,9,1,6,4,4,2,63,,6,48,8,3,1,3,33,2,,Medium,High,Expert,1,0,0,Level 1
4016,37,,,,,5,9887,26,22,2,6,3,3,1,55,,1,58,18,4,2,1,32,3,,Very High,High,,1,0,0,Level 2
4017,49,,,,,5,19961,49,14,2,1,4,3,3,30,,2,43,16,4,2,3,36,2,,,Normal,,1,0,0,Level 4
4018,41,,,,,5,11145,88,12,6,1,3,1,4,1,,7,53,1,4,2,4,41,1,,Very High,High,,1,0,1,Level 2
4019,52,,,,,3,3602,83,26,2,7,1,4,3,70,,6,37,15,3,2,4,25,3,,Medium,Normal,,1,1,0,Level 1
4020,49,,,,,1,17263,77,24,6,6,2,2,4,60,,2,30,10,3,1,1,22,3,,,Low,,1,0,1,Level 4
4021,36,,,,,4,18621,55,13,9,2,1,5,2,56,,5,55,9,2,2,3,5,4,,,High,,1,0,0,Level 4
4022,51,,,,,2,17991,78,8,2,9,1,4,3,99,,6,58,9,2,4,4,14,3,,,High,Expert,1,1,0,Level 4
4023,33,,,,,5,8334,32,5,7,3,4,5,1,8,,7,31,2,3,3,3,25,3,,High,Low,Experienced,1,0,0,Level 2
4024,29,,,,,5,12179,84,11,14,2,1,4,4,89,,8,47,14,1,2,2,5,4,,,High,Expert,1,0,1,Level 3
4025,55,,,,,5,7236,25,24,11,3,2,3,1,51,,5,52,18,4,2,4,5,3,,High,High,,1,1,0,Level 2
4026,53,,,,,1,13507,79,20,1,9,3,5,4,9,,2,43,3,3,3,4,4,4,,,Normal,,1,1,1,Level 3
4027,28,,,,,2,6118,37,6,9,4,4,4,1,30,,1,50,14,1,3,1,42,1,,High,High,Senior,1,0,0,Level 1
4028,47,,,,,1,4083,18,7,4,9,4,2,1,14,,6,51,3,3,2,2,12,4,,Medium,High,Senior,1,0,0,Level 1
4029,30,,,,,2,6546,21,22,5,0,2,3,4,16,,6,49,18,1,4,2,38,2,,High,High,,1,0,1,Level 1
4030,33,,,,,4,11231,55,22,4,5,1,2,1,26,,7,41,8,4,1,3,43,2,,Very High,Normal,,1,0,0,Level 2
4031,58,,,,,3,16657,63,24,10,4,1,1,4,53,,1,42,10,4,1,4,32,4,,,Normal,,1,1,1,Level 4
4032,38,,,,,2,4350,31,15,9,4,1,1,3,60,,7,49,7,2,1,4,37,2,,Medium,High,,1,0,0,Level 1
4033,34,,,,,1,17140,89,5,14,8,4,1,3,99,,4,35,0,1,4,1,37,2,,,Low,Experienced,1,0,0,Level 4
4034,47,,,,,1,6282,69,24,1,2,4,3,3,13,,2,42,14,3,1,1,16,4,,High,Normal,,1,0,0,Level 1
4035,43,,,,,1,9611,41,9,10,2,4,2,3,91,,9,45,1,3,3,3,6,1,,Very High,Normal,Expert,1,0,0,Level 2
4036,27,,,,,3,13556,26,28,6,8,4,4,4,71,,8,48,14,1,4,3,41,4,,,High,,1,0,1,Level 3
4037,28,,,,,2,18570,61,20,13,7,1,3,4,49,,3,51,14,4,2,4,38,1,,,High,,1,0,1,Level 4
4038,52,,,,,2,7910,48,19,12,8,3,4,2,91,,1,52,10,2,2,1,48,2,,High,High,,1,1,0,Level 2
4039,52,,,,,2,13448,22,5,5,9,1,3,2,29,,5,52,17,3,3,3,22,2,,,High,Experienced,1,1,0,Level 3
4040,38,,,,,2,6985,37,13,8,9,3,5,1,40,,8,44,9,4,3,3,21,4,,High,Normal,,1,0,0,Level 1
4041,22,,,,,5,10443,40,26,2,7,3,1,2,92,,2,54,18,4,1,4,31,2,,Very High,High,,1,0,0,Level 2
4042,29,,,,,5,19875,48,26,12,6,1,1,4,11,,8,34,16,3,1,3,21,2,,,Low,,1,0,1,Level 4
4043,59,,,,,1,9441,46,12,4,1,4,5,2,98,,9,54,9,2,4,2,6,1,,Very High,High,,1,1,0,Level 2
4044,20,,,,,5,10976,20,5,5,4,4,2,3,82,,6,48,16,3,3,2,45,1,,Very High,High,Experienced,1,0,0,Level 2
4045,48,,,,,2,4949,79,7,8,9,1,1,2,53,,8,48,14,4,3,1,6,1,,Medium,High,Senior,1,0,0,Level 1
4046,53,,,,,2,6133,73,3,13,6,3,1,4,45,,9,35,2,4,4,3,23,2,,High,Low,New,0,1,1,Level 1
4047,32,,,,,5,14709,64,13,1,4,3,2,4,68,,8,33,8,4,2,1,16,4,,,Low,,1,0,1,Level 3
4048,20,,,,,4,5134,82,11,7,0,4,2,1,75,,5,31,1,2,4,3,23,3,,Medium,Low,Expert,1,0,0,Level 1
4049,53,,,,,1,3610,22,10,8,9,1,5,4,69,,8,36,0,3,4,1,45,4,,Medium,Normal,Expert,1,1,1,Level 1
4050,48,,,,,3,10566,54,9,1,5,4,1,2,4,,9,49,9,4,1,3,48,4,,Very High,High,Expert,1,0,0,Level 2
4051,32,,,,,1,5561,60,29,5,5,2,5,4,87,,3,54,1,3,3,1,12,1,,Medium,High,,1,0,1,Level 1
4052,48,,,,,1,3828,98,6,6,5,1,3,3,17,,7,33,13,1,2,3,11,1,,Medium,Low,Senior,1,0,0,Level 1
4053,58,,,,,1,13396,92,14,10,2,4,2,2,24,,9,55,18,3,3,4,3,2,,,High,,1,1,0,Level 3
4054,43,,,,,5,13465,47,10,5,0,2,2,2,57,,2,40,6,4,4,1,34,4,,,Normal,Expert,1,0,0,Level 3
4055,45,,,,,1,14072,72,25,14,6,3,1,2,55,,6,49,0,4,3,1,1,1,,,High,,1,0,0,Level 3
4056,36,,,,,2,6465,17,17,9,5,2,4,2,27,,7,46,7,4,1,3,45,1,,High,High,,1,0,0,Level 1
4057,26,,,,,1,19649,93,2,4,4,1,5,4,48,,9,34,6,2,4,1,3,3,,,Low,New,0,0,1,Level 4
4058,32,,,,,2,4289,41,26,14,2,3,2,3,87,,7,40,13,4,3,4,24,4,,Medium,Normal,,1,0,0,Level 1
4059,24,,,,,5,8411,97,2,2,5,3,2,3,86,,6,44,2,1,3,4,38,3,,High,Normal,New,0,0,0,Level 2
4060,45,,,,,5,19856,79,27,9,9,3,1,4,64,,6,41,11,4,1,4,34,2,,,Normal,,1,0,1,Level 4
4061,22,,,,,1,9542,71,24,2,8,2,1,1,77,,8,37,13,4,1,3,11,1,,Very High,Normal,,1,0,0,Level 2
4062,26,,,,,2,13767,49,4,2,7,2,4,1,82,,9,54,10,2,3,3,8,4,,,High,Experienced,0,0,0,Level 3
4063,58,,,,,2,4896,66,7,12,7,3,3,3,37,,9,47,17,4,1,4,9,4,,Medium,High,Senior,1,1,0,Level 1
4064,20,,,,,2,14691,65,20,6,7,2,3,1,96,,6,46,1,4,3,1,28,2,,,High,,1,0,0,Level 3
4065,36,,,,,2,16316,31,4,9,0,1,1,3,69,,1,38,8,1,3,3,12,2,,,Normal,Experienced,0,0,0,Level 4
4066,44,,,,,3,15197,91,8,5,6,2,4,1,33,,4,45,1,1,4,1,2,1,,,Normal,Expert,1,0,0,Level 3
4067,22,,,,,5,6333,66,14,10,0,3,1,1,22,,8,45,14,4,4,4,9,4,,High,Normal,,1,0,0,Level 1
4068,34,,,,,2,6213,62,27,2,6,4,3,2,90,,4,45,8,3,2,3,23,2,,High,Normal,,1,0,0,Level 1
4069,48,,,,,3,13865,72,26,12,1,4,5,3,13,,5,32,10,1,2,2,36,1,,,Low,,1,0,0,Level 3
4070,51,,,,,3,5517,90,20,6,2,4,2,1,85,,3,32,0,2,3,4,12,1,,Medium,Low,,1,1,0,Level 1
4071,45,,,,,5,14240,40,3,1,9,1,2,1,37,,2,53,19,4,4,4,45,4,,,High,New,0,0,0,Level 3
4072,35,,,,,4,16379,41,11,14,1,3,4,2,77,,3,42,19,1,2,3,36,4,,,Normal,Expert,1,0,0,Level 4
4073,44,,,,,1,5154,38,26,10,9,3,3,4,85,,6,41,8,4,2,2,15,4,,Medium,Normal,,1,0,1,Level 1
4074,47,,,,,5,17906,95,25,10,0,1,4,1,44,,8,59,15,1,1,1,49,2,,,High,,1,0,0,Level 4
4075,28,,,,,4,19904,25,3,3,4,3,4,1,60,,4,57,18,4,4,4,40,1,,,High,New,0,0,0,Level 4
4076,20,,,,,1,3654,22,5,3,7,1,4,1,8,,4,53,7,3,4,2,40,3,,Medium,High,Experienced,1,0,0,Level 1
4077,48,,,,,1,3041,62,16,10,5,2,2,1,74,,4,38,9,3,4,1,30,3,,Medium,Normal,,1,0,0,Level 1
4078,41,,,,,1,17932,46,11,14,3,1,4,4,75,,4,57,14,4,3,2,41,2,,,High,Expert,1,0,1,Level 4
4079,35,,,,,3,14103,43,1,6,9,2,3,4,88,,8,40,14,1,2,4,19,3,,,Normal,New,0,0,1,Level 3
4080,26,,,,,2,16135,19,9,14,0,1,3,1,1,,3,56,17,4,2,2,42,2,,,High,Expert,1,0,0,Level 4
4081,33,,,,,1,4513,63,22,4,9,1,5,2,8,,1,49,18,1,2,4,43,2,,Medium,High,,1,0,0,Level 1
4082,48,,,,,2,12472,27,5,13,1,3,3,1,49,,5,39,12,2,2,3,46,1,,,Normal,Experienced,1,0,0,Level 3
4083,38,,,,,1,7924,56,20,11,1,2,2,1,44,,1,41,13,3,1,4,35,3,,High,Normal,,1,0,0,Level 2
4084,38,,,,,3,10892,24,24,11,2,1,3,4,34,,6,54,11,2,1,3,10,2,,Very High,High,,1,0,1,Level 2
4085,21,,,,,1,11411,40,11,8,1,4,1,1,95,,5,32,6,1,4,3,2,2,,Very High,Low,Expert,1,0,0,Level 3
4086,34,,,,,5,14999,40,2,7,3,1,4,3,61,,6,42,6,2,1,1,26,1,,,Normal,New,0,0,0,Level 3
4087,22,,,,,4,4629,99,10,9,3,3,5,4,77,,5,32,3,3,4,3,25,1,,Medium,Low,Expert,1,0,1,Level 1
4088,30,,,,,1,6249,37,5,5,4,3,1,3,92,,3,58,15,2,3,3,40,4,,High,High,Experienced,1,0,0,Level 1
4089,49,,,,,4,19844,58,24,11,8,2,3,1,56,,9,41,3,3,4,4,35,1,,,Normal,,1,0,0,Level 4
4090,59,,,,,4,19673,90,17,5,2,3,3,2,82,,1,54,14,3,3,1,40,1,,,High,,1,1,0,Level 4
4091,37,,,,,3,12327,53,12,5,5,1,4,1,99,,7,46,2,2,1,2,20,4,,,High,,1,0,0,Level 3
4092,21,,,,,4,3223,57,3,9,9,1,4,4,45,,3,46,11,1,1,1,30,2,,Medium,High,New,0,0,1,Level 1
4093,51,,,,,3,5445,66,7,2,3,1,2,3,68,,2,55,11,1,2,3,8,2,,Medium,High,Senior,1,1,0,Level 1
4094,27,,,,,1,19837,72,11,7,6,4,5,3,80,,6,44,16,3,2,3,5,3,,,Normal,Expert,1,0,0,Level 4
4095,41,,,,,2,15650,90,11,10,3,4,2,2,97,,3,49,3,2,4,4,2,3,,,High,Expert,1,0,0,Level 3
4096,25,,,,,3,5046,46,26,3,6,3,3,1,85,,8,47,10,4,1,4,10,3,,Medium,High,,1,0,0,Level 1
4097,31,,,,,4,8911,32,12,8,0,2,5,3,74,,7,34,0,2,1,4,49,4,,High,Low,,1,0,0,Level 2
4098,59,,,,,4,15290,56,5,9,8,1,5,3,29,,8,35,7,4,1,2,40,3,,,Low,Experienced,1,1,0,Level 3
4099,55,,,,,1,15880,98,10,11,0,3,2,2,49,,4,47,13,2,1,1,1,2,,,High,Expert,1,1,0,Level 4
4100,34,,,,,3,15067,16,25,11,4,1,3,4,92,,6,46,10,4,4,1,8,1,,,High,,1,0,1,Level 3
4101,47,,,,,1,8479,74,12,14,7,4,3,3,14,,6,32,8,3,3,2,27,3,,High,Low,,1,0,0,Level 2
4102,37,,,,,3,17264,47,14,10,7,4,2,3,35,,8,35,9,1,2,3,3,1,,,Low,,1,0,0,Level 4
4103,21,,,,,2,6386,60,1,9,5,3,5,2,38,,9,30,8,1,1,2,47,1,,High,Low,New,0,0,0,Level 1
4104,32,,,,,5,9165,95,27,5,5,4,5,2,80,,6,43,3,4,1,3,5,1,,Very High,Normal,,1,0,0,Level 2
4105,34,,,,,1,8774,73,14,10,1,2,1,2,59,,5,41,16,1,1,2,20,2,,High,Normal,,1,0,0,Level 2
4106,39,,,,,4,17950,71,7,11,3,3,2,4,26,,9,49,7,3,1,4,24,2,,,High,Senior,1,0,1,Level 4
4107,48,,,,,1,13807,76,10,11,7,2,3,3,53,,4,53,5,1,2,4,16,3,,,High,Expert,1,0,0,Level 3
4108,48,,,,,3,8225,77,12,12,1,4,1,3,1,,1,38,11,3,4,2,6,1,,High,Normal,,1,0,0,Level 2
4109,22,,,,,1,7751,87,6,9,5,4,2,4,69,,9,54,19,4,1,2,40,3,,High,High,Senior,1,0,1,Level 2
4110,38,,,,,2,5218,45,16,13,2,2,5,1,3,,5,36,8,2,4,2,25,2,,Medium,Normal,,1,0,0,Level 1
4111,22,,,,,3,17669,53,10,13,6,3,4,4,86,,7,52,7,1,3,2,42,3,,,High,Expert,1,0,1,Level 4
4112,33,,,,,4,18377,99,20,3,8,4,2,1,46,,6,45,19,4,1,4,30,3,,,Normal,,1,0,0,Level 4
4113,59,,,,,4,10915,36,27,8,7,2,5,1,94,,3,33,19,4,3,1,47,1,,Very High,Low,,1,1,0,Level 2
4114,23,,,,,3,14431,31,12,7,7,3,4,2,47,,7,36,3,2,1,4,42,4,,,Normal,,1,0,0,Level 3
4115,30,,,,,2,10106,17,27,4,8,1,3,4,56,,7,31,0,1,4,3,28,2,,Very High,Low,,1,0,1,Level 2
4116,50,,,,,1,3874,46,10,12,1,2,4,3,64,,7,37,10,4,2,4,44,3,,Medium,Normal,Expert,1,1,0,Level 1
4117,51,,,,,5,18293,47,10,9,5,4,3,3,57,,3,31,2,1,1,2,43,3,,,Low,Expert,1,1,0,Level 4
4118,46,,,,,4,11526,78,22,7,8,1,4,4,50,,3,33,8,4,4,3,34,2,,Very High,Low,,1,0,1,Level 3
4119,49,,,,,2,8987,24,26,8,1,1,5,4,46,,2,46,10,1,1,2,39,2,,High,High,,1,0,1,Level 2
4120,21,,,,,2,4178,19,11,11,8,2,1,1,76,,5,46,2,4,4,4,24,3,,Medium,High,Expert,1,0,0,Level 1
4121,28,,,,,2,9519,82,9,8,1,4,3,2,69,,5,36,15,3,1,4,22,4,,Very High,Normal,Expert,1,0,0,Level 2
4122,47,,,,,1,9014,52,9,3,8,3,2,3,33,,4,41,5,1,2,4,1,2,,Very High,Normal,Expert,1,0,0,Level 2
4123,50,,,,,2,3080,55,12,7,0,3,4,1,36,,9,41,8,3,3,1,15,2,,Medium,Normal,,1,1,0,Level 1
4124,53,,,,,2,3909,98,2,8,5,4,2,2,79,,2,39,17,1,1,1,48,3,,Medium,Normal,New,0,1,0,Level 1
4125,34,,,,,3,11641,87,14,3,5,3,3,3,54,,1,41,19,2,3,3,35,2,,Very High,Normal,,1,0,0,Level 3
4126,44,,,,,3,6070,75,9,9,1,4,3,4,95,,9,54,18,4,3,1,43,2,,High,High,Expert,1,0,1,Level 1
4127,55,,,,,2,8429,29,29,13,6,3,4,1,43,,4,46,13,3,4,4,40,3,,High,High,,1,1,0,Level 2
4128,27,,,,,2,7775,66,18,10,9,1,2,2,78,,4,57,2,4,4,2,14,3,,High,High,,1,0,0,Level 2
4129,28,,,,,3,18714,22,22,4,3,3,1,1,67,,8,34,12,1,4,4,13,2,,,Low,,1,0,0,Level 4
4130,56,,,,,1,3729,70,29,13,3,2,1,1,42,,7,46,6,4,1,2,39,1,,Medium,High,,1,1,0,Level 1
4131,58,,,,,3,14203,44,23,10,8,4,1,3,75,,1,52,11,2,2,3,7,2,,,High,,1,1,0,Level 3
4132,51,,,,,3,10905,88,25,7,1,1,1,4,9,,3,35,0,1,2,3,16,2,,Very High,Low,,1,1,1,Level 2
4133,36,,,,,3,12205,92,27,8,8,4,1,1,65,,6,47,8,4,2,2,46,3,,,High,,1,0,0,Level 3
4134,54,,,,,3,9332,48,13,8,8,3,4,3,87,,6,53,0,1,4,3,45,2,,Very High,High,,1,1,0,Level 2
4135,56,,,,,5,6264,73,22,5,5,1,1,3,15,,6,50,10,1,2,2,44,1,,High,High,,1,1,0,Level 1
4136,38,,,,,4,15874,70,16,7,9,2,3,2,34,,6,58,3,1,3,2,47,3,,,High,,1,0,0,Level 4
4137,48,,,,,1,5190,27,13,8,6,4,3,2,39,,8,40,18,4,2,3,11,2,,Medium,Normal,,1,0,0,Level 1
4138,26,,,,,1,8946,65,8,13,3,2,4,2,80,,7,42,5,3,3,2,13,2,,High,Normal,Expert,1,0,0,Level 2
4139,47,,,,,2,13761,73,26,13,0,3,1,1,71,,3,51,1,2,2,2,36,3,,,High,,1,0,0,Level 3
4140,28,,,,,5,12494,76,12,13,8,2,4,3,92,,4,49,2,2,3,4,46,2,,,High,,1,0,0,Level 3
4141,47,,,,,2,11981,43,19,11,8,1,4,3,61,,3,48,6,3,2,1,31,4,,Very High,High,,1,0,0,Level 3
4142,25,,,,,1,14491,76,10,13,0,2,5,4,33,,9,53,12,3,4,3,15,2,,,High,Expert,1,0,1,Level 3
4143,48,,,,,1,10964,21,22,2,3,3,3,2,41,,5,52,7,4,3,1,39,4,,Very High,High,,1,0,0,Level 2
4144,36,,,,,2,4964,58,2,10,6,1,2,3,94,,9,52,16,4,1,4,30,3,,Medium,High,New,0,0,0,Level 1
4145,35,,,,,4,4344,20,15,4,2,3,4,3,80,,7,31,8,2,1,4,26,2,,Medium,Low,,1,0,0,Level 1
4146,42,,,,,2,5737,76,17,6,4,4,4,3,3,,1,42,5,4,1,2,41,2,,Medium,Normal,,1,0,0,Level 1
4147,50,,,,,4,13799,82,28,9,4,1,4,4,62,,9,32,1,1,3,2,34,2,,,Low,,1,1,1,Level 3
4148,22,,,,,4,13957,92,6,2,7,3,1,2,22,,2,30,8,3,2,3,32,4,,,Low,Senior,1,0,0,Level 3
4149,40,,,,,3,11021,84,28,7,8,2,2,2,10,,2,34,16,1,4,3,7,2,,Very High,Low,,1,0,0,Level 2
4150,45,,,,,1,13144,31,3,2,0,2,1,1,22,,4,52,11,4,4,4,15,4,,,High,New,0,0,0,Level 3
4151,55,,,,,3,17129,63,11,10,1,3,1,1,60,,6,48,5,4,2,3,8,3,,,High,Expert,1,1,0,Level 4
4152,56,,,,,1,7405,38,28,2,4,4,2,1,68,,6,54,10,1,2,3,43,2,,High,High,,1,1,0,Level 2
4153,41,,,,,3,7798,91,5,1,0,3,5,4,51,,9,53,0,4,2,3,30,3,,High,High,Experienced,1,0,1,Level 2
4154,31,,,,,4,16672,26,22,9,5,3,3,2,60,,9,59,2,1,1,2,45,4,,,High,,1,0,0,Level 4
4155,32,,,,,3,7792,71,13,6,5,3,3,2,95,,4,48,9,4,4,4,37,3,,High,High,,1,0,0,Level 2
4156,30,,,,,5,6713,43,16,13,2,3,3,3,4,,5,59,19,3,3,2,16,3,,High,High,,1,0,0,Level 1
4157,35,,,,,3,11796,76,26,14,3,4,1,4,16,,3,37,9,1,3,1,8,2,,Very High,Normal,,1,0,1,Level 3
4158,27,,,,,3,14542,92,22,2,2,2,1,1,86,,5,43,18,3,2,2,26,3,,,Normal,,1,0,0,Level 3
4159,59,,,,,3,14988,41,28,10,4,3,1,2,33,,7,46,10,3,2,1,10,1,,,High,,1,1,0,Level 3
4160,59,,,,,5,7416,19,10,4,8,4,5,4,93,,2,33,16,1,2,2,37,3,,High,Low,Expert,1,1,1,Level 2
4161,21,,,,,1,14740,54,13,4,9,1,1,4,90,,2,54,19,1,3,4,12,2,,,High,,1,0,1,Level 3
4162,49,,,,,3,19687,61,23,12,2,1,2,3,96,,1,58,7,3,2,4,4,4,,,High,,1,0,0,Level 4
4163,49,,,,,1,19902,23,23,7,1,4,1,1,15,,2,50,14,4,1,3,27,1,,,High,,1,0,0,Level 4
4164,31,,,,,2,9165,30,11,7,5,2,1,4,94,,5,45,12,4,4,4,47,3,,Very High,Normal,Expert,1,0,1,Level 2
4165,29,,,,,4,14070,27,16,4,9,4,4,4,3,,9,51,7,1,2,3,49,1,,,High,,1,0,1,Level 3
4166,30,,,,,2,19463,68,6,5,0,3,2,3,51,,5,59,18,4,2,1,45,2,,,High,Senior,1,0,0,Level 4
4167,34,,,,,5,16595,29,28,11,8,2,4,2,19,,9,52,0,4,1,1,34,2,,,High,,1,0,0,Level 4
4168,35,,,,,5,11294,39,1,12,9,4,4,1,47,,2,58,8,4,1,1,15,3,,Very High,High,New,0,0,0,Level 2
4169,36,,,,,1,18345,30,8,12,2,2,1,2,95,,6,34,6,2,2,4,14,3,,,Low,Expert,1,0,0,Level 4
4170,45,,,,,1,5450,58,26,9,2,4,5,3,97,,1,55,0,2,1,3,35,2,,Medium,High,,1,0,0,Level 1
4171,21,,,,,3,12147,61,20,6,7,3,2,1,50,,1,42,17,3,2,1,16,2,,,Normal,,1,0,0,Level 3
4172,31,,,,,2,16057,47,17,2,5,4,1,1,44,,3,53,16,4,2,3,15,2,,,High,,1,0,0,Level 4
4173,45,,,,,1,8709,98,10,13,2,4,3,1,79,,5,58,3,3,2,4,3,4,,High,High,Expert,1,0,0,Level 2
4174,42,,,,,1,11785,40,29,2,5,1,3,4,92,,7,37,2,1,4,1,25,3,,Very High,Normal,,1,0,1,Level 3
4175,37,,,,,1,17551,54,2,3,5,1,5,3,48,,7,52,2,2,2,3,5,1,,,High,New,0,0,0,Level 4
4176,51,,,,,4,6549,85,19,13,2,3,2,4,92,,1,56,0,2,1,1,43,4,,High,High,,1,1,1,Level 1
4177,57,,,,,1,3562,59,6,11,5,3,2,3,55,,2,55,6,2,4,1,6,3,,Medium,High,Senior,1,1,0,Level 1
4178,22,,,,,4,4699,95,2,7,9,3,4,4,2,,1,55,2,4,2,2,44,2,,Medium,High,New,0,0,1,Level 1
4179,57,,,,,5,11916,57,18,2,7,3,3,2,41,,1,42,16,2,3,3,26,1,,Very High,Normal,,1,1,0,Level 3
4180,22,,,,,3,18010,86,14,1,8,4,3,3,70,,4,56,1,4,3,4,9,3,,,High,,1,0,0,Level 4
4181,49,,,,,2,9228,37,6,4,2,3,3,4,41,,1,40,18,2,3,3,25,3,,Very High,Normal,Senior,1,0,1,Level 2
4182,20,,,,,1,3374,61,12,10,1,4,2,3,84,,4,54,15,3,3,2,40,4,,Medium,High,,1,0,0,Level 1
4183,49,,,,,4,5322,58,20,7,9,4,1,1,98,,3,48,11,4,1,1,12,1,,Medium,High,,1,0,0,Level 1
4184,51,,,,,1,12586,96,21,5,9,4,3,4,28,,7,56,3,4,3,4,23,4,,,High,,1,1,1,Level 3
4185,47,,,,,1,12032,56,27,7,6,4,3,3,94,,9,43,15,2,2,4,39,1,,,Normal,,1,0,0,Level 3
4186,40,,,,,4,17996,26,8,7,7,1,5,1,16,,6,52,12,3,2,2,32,4,,,High,Expert,1,0,0,Level 4
4187,32,,,,,1,7723,50,3,12,8,2,4,3,84,,5,51,19,1,1,4,8,1,,High,High,New,0,0,0,Level 2
4188,46,,,,,2,17869,93,5,7,0,4,5,2,27,,5,30,8,4,4,3,46,3,,,Low,Experienced,1,0,0,Level 4
4189,55,,,,,5,15102,96,17,13,0,2,1,1,59,,8,35,0,1,3,1,47,3,,,Low,,1,1,0,Level 3
4190,26,,,,,3,17013,27,26,11,0,1,5,3,86,,2,56,0,2,3,3,31,4,,,High,,1,0,0,Level 4
4191,41,,,,,1,4547,95,20,13,3,3,5,4,94,,9,30,0,3,2,2,3,3,,Medium,Low,,1,0,1,Level 1
4192,29,,,,,4,15170,79,5,1,2,4,3,3,91,,1,44,4,4,3,1,30,4,,,Normal,Experienced,1,0,0,Level 3
4193,58,,,,,2,5453,41,14,11,6,3,3,2,46,,4,40,1,3,4,2,35,1,,Medium,Normal,,1,1,0,Level 1
4194,34,,,,,1,12628,34,29,8,5,2,4,4,10,,9,53,16,4,2,2,49,4,,,High,,1,0,1,Level 3
4195,34,,,,,5,5364,32,20,6,2,3,4,1,64,,5,35,17,3,4,2,9,2,,Medium,Low,,1,0,0,Level 1
4196,23,,,,,5,17874,78,28,6,2,2,5,2,59,,4,58,11,1,4,1,30,3,,,High,,1,0,0,Level 4
4197,51,,,,,4,10598,23,14,10,4,1,2,4,87,,8,51,14,3,1,2,14,3,,Very High,High,,1,1,1,Level 2
4198,42,,,,,1,10821,88,9,4,3,1,2,4,60,,6,59,2,3,4,4,24,2,,Very High,High,Expert,1,0,1,Level 2
4199,25,,,,,1,7614,39,8,12,8,2,4,4,76,,4,52,13,1,4,4,9,1,,High,High,Expert,1,0,1,Level 2
4200,43,,,,,1,9030,15,11,9,0,4,1,4,42,,7,39,1,3,2,3,22,1,,Very High,Normal,Expert,1,0,1,Level 2
4201,39,,,,,5,16741,73,28,13,0,4,4,4,38,,5,55,1,1,4,2,36,3,,,High,,1,0,1,Level 4
4202,56,,,,,1,12642,50,29,10,4,4,5,2,90,,9,34,9,1,1,4,31,2,,,Low,,1,1,0,Level 3
4203,39,,,,,1,7786,32,18,14,7,3,2,2,0,,1,48,15,4,1,2,28,1,,High,High,,1,0,0,Level 2
4204,31,,,,,1,16260,61,9,13,3,4,5,2,8,,7,58,10,1,3,3,34,1,,,High,Expert,1,0,0,Level 4
4205,52,,,,,1,9758,93,2,14,8,2,1,3,84,,6,47,18,2,3,3,48,3,,Very High,High,New,0,1,0,Level 2
4206,47,,,,,4,15005,47,22,13,6,2,3,3,73,,1,44,0,4,2,4,37,3,,,Normal,,1,0,0,Level 3
4207,27,,,,,5,14096,36,2,9,2,1,4,2,8,,6,37,11,1,1,1,36,3,,,Normal,New,0,0,0,Level 3
4208,20,,,,,3,5258,79,6,14,5,2,3,2,2,,6,51,0,2,3,1,35,4,,Medium,High,Senior,1,0,0,Level 1
4209,56,,,,,4,7542,25,6,11,5,4,2,3,28,,9,31,6,3,3,1,1,3,,High,Low,Senior,1,1,0,Level 2
4210,41,,,,,1,3069,40,11,6,4,4,1,1,85,,7,50,16,2,3,4,45,4,,Medium,High,Expert,1,0,0,Level 1
4211,25,,,,,3,12516,84,23,11,7,1,5,3,41,,1,52,18,4,4,4,12,2,,,High,,1,0,0,Level 3
4212,40,,,,,2,14331,77,10,9,0,4,4,4,42,,4,32,13,2,2,3,4,1,,,Low,Expert,1,0,1,Level 3
4213,51,,,,,3,8913,92,13,1,9,1,2,3,93,,5,55,13,4,3,4,1,1,,High,High,,1,1,0,Level 2
4214,54,,,,,4,16465,52,21,7,3,1,1,3,23,,3,58,18,4,3,3,47,3,,,High,,1,1,0,Level 4
4215,34,,,,,5,11125,63,28,9,6,2,5,2,2,,9,53,15,1,4,1,39,2,,Very High,High,,1,0,0,Level 2
4216,24,,,,,4,10391,31,19,5,5,2,5,2,7,,8,55,6,1,2,1,33,3,,Very High,High,,1,0,0,Level 2
4217,25,,,,,5,3367,71,28,6,6,4,2,2,44,,5,58,10,3,2,1,27,3,,Medium,High,,1,0,0,Level 1
4218,44,,,,,5,8308,28,2,6,2,4,5,4,25,,4,35,0,2,4,3,26,2,,High,Low,New,0,0,1,Level 2
4219,59,,,,,5,13280,97,29,5,2,3,3,4,98,,2,47,10,1,3,4,30,2,,,High,,1,1,1,Level 3
4220,48,,,,,2,8076,22,20,10,0,3,3,2,50,,7,52,2,1,2,2,43,4,,High,High,,1,0,0,Level 2
4221,26,,,,,3,6201,70,29,9,6,1,1,1,94,,7,50,19,2,1,3,42,4,,High,High,,1,0,0,Level 1
4222,59,,,,,4,14285,37,14,5,3,3,3,3,54,,5,36,5,2,2,1,6,4,,,Normal,,1,1,0,Level 3
4223,32,,,,,4,13280,58,28,3,8,4,2,1,32,,7,52,6,1,3,3,20,2,,,High,,1,0,0,Level 3
4224,57,,,,,5,19536,80,1,6,4,4,1,2,34,,5,57,3,3,1,2,22,2,,,High,New,0,1,0,Level 4
4225,37,,,,,2,15220,17,27,6,4,3,4,3,79,,3,45,10,1,4,3,39,2,,,Normal,,1,0,0,Level 3
4226,21,,,,,2,16924,67,12,1,8,4,5,2,10,,7,32,17,3,2,1,6,2,,,Low,,1,0,0,Level 4
4227,27,,,,,1,12262,27,18,11,0,4,3,1,48,,6,31,13,1,4,2,8,1,,,Low,,1,0,0,Level 3
4228,30,,,,,2,9473,83,24,4,5,1,4,1,78,,8,40,11,2,3,2,42,3,,Very High,Normal,,1,0,0,Level 2
4229,52,,,,,5,6790,96,16,10,7,4,5,2,24,,2,57,14,4,1,1,19,2,,High,High,,1,1,0,Level 1
4230,57,,,,,5,9896,15,5,12,0,1,2,1,77,,3,57,5,4,3,4,20,4,,Very High,High,Experienced,1,1,0,Level 2
4231,46,,,,,3,7098,35,21,10,9,4,4,2,72,,2,49,12,3,4,3,2,3,,High,High,,1,0,0,Level 1
4232,39,,,,,5,4059,97,19,1,8,2,1,2,9,,7,53,2,3,4,3,47,1,,Medium,High,,1,0,0,Level 1
4233,31,,,,,3,15283,70,14,6,7,4,2,1,86,,3,32,2,3,4,4,39,4,,,Low,,1,0,0,Level 3
4234,50,,,,,2,15530,16,11,2,5,4,3,1,44,,3,39,13,1,2,2,49,4,,,Normal,Expert,1,1,0,Level 3
4235,46,,,,,1,15013,98,17,5,8,1,4,2,5,,8,59,17,3,4,4,41,3,,,High,,1,0,0,Level 3
4236,51,,,,,4,12633,45,22,3,2,3,2,2,27,,6,31,9,2,1,3,27,3,,,Low,,1,1,0,Level 3
4237,29,,,,,5,5266,27,15,6,3,4,2,2,12,,2,48,0,4,1,1,7,4,,Medium,High,,1,0,0,Level 1
4238,22,,,,,2,10706,28,16,13,2,3,4,3,76,,6,30,0,4,1,2,3,1,,Very High,Low,,1,0,0,Level 2
4239,46,,,,,5,11792,90,14,9,4,3,3,1,63,,7,35,19,1,4,3,30,1,,Very High,Low,,1,0,0,Level 3
4240,54,,,,,3,10986,71,28,12,0,2,2,4,29,,7,34,7,2,4,4,26,1,,Very High,Low,,1,1,1,Level 2
4241,50,,,,,2,3835,27,17,3,0,4,4,1,4,,7,55,7,1,1,2,3,2,,Medium,High,,1,1,0,Level 1
4242,34,,,,,4,11591,28,4,9,1,4,2,1,70,,6,33,14,2,4,4,43,4,,Very High,Low,Experienced,0,0,0,Level 3
4243,35,,,,,3,13520,41,14,5,0,4,1,4,54,,6,36,11,1,2,2,36,2,,,Normal,,1,0,1,Level 3
4244,32,,,,,2,4007,84,4,13,2,4,4,1,89,,2,32,2,2,4,2,28,4,,Medium,Low,Experienced,0,0,0,Level 1
4245,54,,,,,4,11958,74,27,2,1,3,4,1,86,,4,43,19,2,2,3,41,2,,Very High,Normal,,1,1,0,Level 3
4246,30,,,,,3,3432,84,3,10,9,2,2,2,51,,4,55,4,2,1,1,6,4,,Medium,High,New,0,0,0,Level 1
4247,40,,,,,4,8121,29,4,12,6,4,4,2,27,,4,45,0,4,4,3,45,3,,High,Normal,Experienced,0,0,0,Level 2
4248,30,,,,,2,3328,70,22,10,7,4,1,3,23,,4,57,2,3,4,2,2,4,,Medium,High,,1,0,0,Level 1
4249,49,,,,,3,17718,76,6,10,1,4,3,4,96,,1,57,12,3,2,2,27,1,,,High,Senior,1,0,1,Level 4
4250,54,,,,,1,4612,27,27,10,3,3,1,1,76,,6,35,2,2,2,4,18,2,,Medium,Low,,1,1,0,Level 1
4251,41,,,,,5,5004,21,22,12,7,2,4,4,48,,7,57,18,4,2,2,5,4,,Medium,High,,1,0,1,Level 1
4252,57,,,,,1,9703,35,22,9,9,3,4,2,97,,5,47,4,1,2,4,2,1,,Very High,High,,1,1,0,Level 2
4253,50,,,,,4,9769,28,4,14,0,2,2,4,76,,4,47,12,1,4,2,32,2,,Very High,High,Experienced,0,1,1,Level 2
4254,33,,,,,2,7245,17,27,3,7,3,5,4,94,,8,40,4,3,2,1,2,3,,High,Normal,,1,0,1,Level 2
4255,43,,,,,5,12800,77,7,9,7,4,5,1,92,,2,44,7,2,2,1,22,1,,,Normal,Senior,1,0,0,Level 3
4256,51,,,,,2,19167,57,7,6,1,1,3,3,94,,8,43,4,4,2,3,11,3,,,Normal,Senior,1,1,0,Level 4
4257,55,,,,,4,3361,26,18,14,2,1,2,3,47,,4,51,13,3,3,1,35,1,,Medium,High,,1,1,0,Level 1
4258,51,,,,,2,5421,69,12,1,8,2,1,3,30,,4,43,5,1,1,3,5,1,,Medium,Normal,,1,1,0,Level 1
4259,34,,,,,3,18106,99,16,1,9,2,2,4,23,,2,48,17,4,1,2,36,3,,,High,,1,0,1,Level 4
4260,54,,,,,3,7190,73,6,13,4,3,2,2,93,,8,59,3,3,3,2,26,1,,High,High,Senior,1,1,0,Level 2
4261,22,,,,,4,10268,34,5,11,6,2,1,3,70,,9,48,14,3,3,2,33,2,,Very High,High,Experienced,1,0,0,Level 2
4262,35,,,,,2,6461,83,10,3,4,2,2,4,19,,1,36,13,1,3,2,34,1,,High,Normal,Expert,1,0,1,Level 1
4263,24,,,,,4,16906,59,17,5,9,2,4,4,1,,8,30,15,2,4,2,2,3,,,Low,,1,0,1,Level 4
4264,40,,,,,5,18289,69,3,6,1,3,3,1,81,,3,35,0,3,1,2,34,4,,,Low,New,0,0,0,Level 4
4265,29,,,,,2,13321,73,9,5,1,3,5,3,75,,7,43,9,3,3,1,46,4,,,Normal,Expert,1,0,0,Level 3
4266,38,,,,,3,18331,89,29,8,0,1,1,3,57,,2,31,16,2,3,3,11,4,,,Low,,1,0,0,Level 4
4267,44,,,,,1,13652,74,27,6,5,1,5,4,53,,9,52,6,4,2,1,3,3,,,High,,1,0,1,Level 3
4268,23,,,,,3,7712,75,25,2,6,3,4,3,84,,1,31,17,1,3,2,15,1,,High,Low,,1,0,0,Level 2
4269,48,,,,,2,12560,56,10,5,4,1,5,1,38,,5,48,15,2,4,1,16,2,,,High,Expert,1,0,0,Level 3
4270,38,,,,,2,11027,58,25,12,2,4,4,1,18,,8,54,8,3,2,3,6,4,,Very High,High,,1,0,0,Level 2
4271,21,,,,,2,14338,20,27,7,9,1,5,3,69,,3,55,13,4,2,1,13,3,,,High,,1,0,0,Level 3
4272,29,,,,,2,18125,83,10,13,9,2,3,4,72,,5,51,11,1,3,1,5,3,,,High,Expert,1,0,1,Level 4
4273,44,,,,,5,10456,36,21,2,8,4,4,2,3,,7,40,15,2,4,2,1,1,,Very High,Normal,,1,0,0,Level 2
4274,39,,,,,1,9380,79,6,5,7,1,1,2,19,,9,47,16,3,2,3,37,4,,Very High,High,Senior,1,0,0,Level 2
4275,38,,,,,3,11911,98,25,12,1,3,1,2,2,,9,38,15,3,1,3,14,4,,Very High,Normal,,1,0,0,Level 3
4276,42,,,,,5,16696,34,4,5,2,3,2,3,72,,5,34,3,1,2,2,33,4,,,Low,Experienced,0,0,0,Level 4
4277,43,,,,,4,4469,61,11,8,6,2,2,3,90,,8,51,5,4,3,2,46,2,,Medium,High,Expert,1,0,0,Level 1
4278,30,,,,,2,4173,62,20,14,8,1,3,2,61,,7,41,5,4,2,2,39,1,,Medium,Normal,,1,0,0,Level 1
4279,53,,,,,3,17047,38,28,9,1,1,5,2,68,,2,52,8,2,2,4,31,2,,,High,,1,1,0,Level 4
4280,47,,,,,4,7666,86,9,3,9,4,5,2,67,,9,32,6,4,2,4,2,1,,High,Low,Expert,1,0,0,Level 2
4281,24,,,,,1,7900,53,12,12,6,4,4,4,18,,5,49,3,1,3,2,19,2,,High,High,,1,0,1,Level 2
4282,24,,,,,3,4174,69,23,4,7,3,3,1,15,,4,53,3,1,3,3,39,2,,Medium,High,,1,0,0,Level 1
4283,40,,,,,5,7208,69,22,12,5,1,4,1,21,,9,44,17,4,2,3,2,1,,High,Normal,,1,0,0,Level 2
4284,31,,,,,4,16543,84,10,14,5,2,1,2,79,,2,56,11,4,3,1,13,3,,,High,Expert,1,0,0,Level 4
4285,23,,,,,3,13133,77,6,9,7,4,1,1,20,,7,54,13,2,4,1,26,2,,,High,Senior,1,0,0,Level 3
4286,39,,,,,5,7031,91,13,9,2,2,5,4,55,,2,34,3,3,2,4,31,1,,High,Low,,1,0,1,Level 1
4287,57,,,,,2,9631,33,5,3,7,1,2,1,59,,8,43,19,2,2,3,28,4,,Very High,Normal,Experienced,1,1,0,Level 2
4288,44,,,,,3,10101,72,28,2,9,2,2,3,33,,1,51,10,4,2,2,15,4,,Very High,High,,1,0,0,Level 2
4289,33,,,,,2,7021,40,27,11,0,1,1,4,68,,2,58,11,4,1,4,8,4,,High,High,,1,0,1,Level 1
4290,30,,,,,4,11889,95,4,12,1,2,4,1,79,,3,44,4,4,4,1,45,3,,Very High,Normal,Experienced,0,0,0,Level 3
4291,51,,,,,4,4774,61,3,12,5,1,5,4,65,,1,48,11,3,3,2,1,2,,Medium,High,New,0,1,1,Level 1
4292,30,,,,,4,14403,28,23,7,1,3,4,4,12,,6,39,3,4,2,1,38,3,,,Normal,,1,0,1,Level 3
4293,37,,,,,2,6473,17,5,4,9,2,2,4,95,,1,39,18,3,1,1,46,1,,High,Normal,Experienced,1,0,1,Level 1
4294,46,,,,,2,7063,83,18,3,1,2,3,3,77,,3,39,3,1,4,2,28,2,,High,Normal,,1,0,0,Level 1
4295,37,,,,,5,9268,28,3,2,2,2,2,3,20,,1,36,0,1,1,4,32,3,,Very High,Normal,New,0,0,0,Level 2
4296,42,,,,,3,15643,22,5,10,2,1,4,2,59,,3,53,0,4,1,1,30,4,,,High,Experienced,1,0,0,Level 3
4297,30,,,,,5,5680,29,9,11,3,3,2,1,67,,8,51,6,4,1,1,47,4,,Medium,High,Expert,1,0,0,Level 1
4298,40,,,,,2,6603,59,28,14,8,1,2,2,73,,5,58,2,4,3,2,33,3,,High,High,,1,0,0,Level 1
4299,24,,,,,3,16488,59,6,12,8,1,2,3,45,,9,34,0,1,4,1,49,3,,,Low,Senior,1,0,0,Level 4
4300,42,,,,,4,8913,17,15,8,1,1,2,4,15,,7,53,8,3,2,4,37,1,,High,High,,1,0,1,Level 2
4301,44,,,,,5,11218,25,27,7,1,4,5,4,54,,7,43,7,2,1,4,19,1,,Very High,Normal,,1,0,1,Level 2
4302,29,,,,,5,9742,23,18,11,5,4,1,4,10,,7,47,9,1,2,4,8,2,,Very High,High,,1,0,1,Level 2
4303,41,,,,,5,16773,18,8,11,4,4,2,4,32,,6,45,17,4,2,2,19,4,,,Normal,Expert,1,0,1,Level 4
4304,38,,,,,2,11758,93,12,5,4,2,2,1,85,,8,44,13,3,1,4,34,4,,Very High,Normal,,1,0,0,Level 3
4305,20,,,,,3,11438,64,22,13,6,1,5,2,49,,9,57,2,2,1,4,29,1,,Very High,High,,1,0,0,Level 3
4306,26,,,,,4,4523,94,6,7,8,2,5,2,51,,6,58,7,2,2,4,3,4,,Medium,High,Senior,1,0,0,Level 1
4307,23,,,,,2,5364,20,29,1,0,1,3,2,74,,9,55,14,4,3,4,37,1,,Medium,High,,1,0,0,Level 1
4308,20,,,,,4,8352,58,8,9,4,2,5,3,91,,7,30,7,4,4,1,44,1,,High,Low,Expert,1,0,0,Level 2
4309,34,,,,,1,8054,19,23,8,4,4,3,2,61,,1,33,1,2,1,3,25,3,,High,Low,,1,0,0,Level 2
4310,59,,,,,1,6965,71,15,11,4,3,3,2,97,,1,44,11,3,3,1,45,2,,High,Normal,,1,1,0,Level 1
4311,31,,,,,4,6692,63,16,13,8,2,2,4,40,,9,48,4,1,3,4,40,3,,High,High,,1,0,1,Level 1
4312,41,,,,,1,8081,97,29,4,5,2,4,1,10,,9,50,5,2,4,2,9,1,,High,High,,1,0,0,Level 2
4313,41,,,,,3,4773,90,5,1,7,3,2,3,6,,5,53,8,1,4,4,8,1,,Medium,High,Experienced,1,0,0,Level 1
4314,36,,,,,3,4091,83,11,12,7,1,1,3,78,,3,46,16,4,1,3,43,1,,Medium,High,Expert,1,0,0,Level 1
4315,48,,,,,2,18112,42,25,4,5,2,3,1,83,,7,31,18,2,4,3,7,1,,,Low,,1,0,0,Level 4
4316,33,,,,,4,9106,53,17,1,5,2,4,2,15,,1,51,19,4,2,2,46,2,,Very High,High,,1,0,0,Level 2
4317,39,,,,,2,12766,48,13,6,9,2,5,2,28,,6,30,13,2,2,1,13,3,,,Low,,1,0,0,Level 3
4318,52,,,,,3,16966,76,20,8,7,3,5,1,4,,3,42,2,3,1,3,47,2,,,Normal,,1,1,0,Level 4
4319,34,,,,,3,7440,26,26,11,0,2,5,1,84,,5,45,18,3,2,2,33,2,,High,Normal,,1,0,0,Level 2
4320,31,,,,,3,6516,83,28,5,8,2,4,3,63,,4,52,3,1,1,4,41,3,,High,High,,1,0,0,Level 1
4321,59,,,,,5,14997,68,27,9,8,3,5,1,14,,2,34,12,4,1,2,32,3,,,Low,,1,1,0,Level 3
4322,39,,,,,1,19975,94,25,10,7,4,5,2,5,,8,44,4,4,2,1,21,4,,,Normal,,1,0,0,Level 4
4323,49,,,,,2,3692,87,16,2,3,1,3,2,48,,9,36,4,2,2,2,21,3,,Medium,Normal,,1,0,0,Level 1
4324,57,,,,,2,14984,51,18,12,0,3,5,4,86,,8,41,18,2,2,4,32,4,,,Normal,,1,1,1,Level 3
4325,22,,,,,3,5382,47,13,2,1,4,4,2,50,,6,49,10,3,4,1,16,2,,Medium,High,,1,0,0,Level 1
4326,47,,,,,5,11596,63,29,4,0,1,5,4,41,,5,59,15,2,1,4,48,2,,Very High,High,,1,0,1,Level 3
4327,45,,,,,2,8842,15,3,6,2,3,2,3,92,,2,51,15,3,4,4,48,3,,High,High,New,0,0,0,Level 2
4328,49,,,,,2,13314,61,3,14,8,2,3,2,64,,6,47,18,3,4,3,5,2,,,High,New,0,0,0,Level 3
4329,32,,,,,5,4584,51,6,6,5,3,1,1,4,,5,43,7,1,3,1,36,4,,Medium,Normal,Senior,1,0,0,Level 1
4330,32,,,,,3,11408,23,15,6,4,1,2,3,72,,2,32,2,3,3,4,23,4,,Very High,Low,,1,0,0,Level 3
4331,21,,,,,5,10413,32,19,6,7,1,1,3,78,,4,44,2,2,2,3,21,4,,Very High,Normal,,1,0,0,Level 2
4332,56,,,,,1,7513,99,3,13,9,1,4,3,96,,6,41,3,3,4,4,24,2,,High,Normal,New,0,1,0,Level 2
4333,57,,,,,2,15030,58,21,1,2,2,1,2,23,,3,46,15,1,3,4,6,1,,,High,,1,1,0,Level 3
4334,21,,,,,1,12055,92,29,1,9,4,1,1,36,,1,35,0,2,3,1,4,2,,,Low,,1,0,0,Level 3
4335,55,,,,,2,5855,84,3,13,2,4,5,3,52,,1,38,1,4,1,4,10,1,,Medium,Normal,New,0,1,0,Level 1
4336,45,,,,,1,6684,77,21,12,4,3,3,3,5,,4,40,10,1,4,2,12,1,,High,Normal,,1,0,0,Level 1
4337,30,,,,,2,15583,17,3,14,0,2,1,3,38,,8,42,2,1,2,2,42,2,,,Normal,New,0,0,0,Level 3
4338,27,,,,,3,13342,32,18,3,6,4,4,1,74,,9,30,13,3,1,4,30,1,,,Low,,1,0,0,Level 3
4339,59,,,,,4,5837,51,8,2,2,4,4,4,88,,8,35,8,1,1,2,1,3,,Medium,Low,Expert,1,1,1,Level 1
4340,41,,,,,5,6428,34,16,7,1,2,4,1,61,,6,42,4,2,3,1,19,3,,High,Normal,,1,0,0,Level 1
4341,39,,,,,2,5193,50,3,6,6,1,5,4,81,,2,36,9,3,1,2,49,2,,Medium,Normal,New,0,0,1,Level 1
4342,27,,,,,5,5166,94,22,5,0,1,2,2,85,,7,33,15,2,2,4,37,2,,Medium,Low,,1,0,0,Level 1
4343,48,,,,,2,12491,18,11,8,0,3,5,1,59,,1,58,19,2,2,3,22,3,,,High,Expert,1,0,0,Level 3
4344,59,,,,,4,18418,92,16,2,8,1,5,4,40,,2,34,8,3,1,2,2,3,,,Low,,1,1,1,Level 4
4345,45,,,,,3,7988,31,2,11,6,1,1,4,77,,5,55,15,1,4,3,2,2,,High,High,New,0,0,1,Level 2
4346,49,,,,,3,15161,71,1,12,2,4,3,2,9,,1,31,5,3,4,3,39,2,,,Low,New,0,0,0,Level 3
4347,36,,,,,5,13601,63,8,7,4,2,4,4,80,,2,51,11,4,4,3,42,2,,,High,Expert,1,0,1,Level 3
4348,39,,,,,4,14238,67,12,14,1,4,3,1,92,,9,33,4,1,4,1,19,1,,,Low,,1,0,0,Level 3
4349,35,,,,,5,19619,24,19,10,4,3,2,2,69,,4,43,18,1,3,4,39,1,,,Normal,,1,0,0,Level 4
4350,26,,,,,3,16753,43,18,4,8,1,3,2,6,,2,46,18,1,4,1,7,1,,,High,,1,0,0,Level 4
4351,35,,,,,1,16889,90,18,14,9,4,3,2,4,,6,39,11,1,1,4,31,4,,,Normal,,1,0,0,Level 4
4352,46,,,,,5,15638,23,21,11,4,1,2,4,26,,6,46,11,4,2,4,18,4,,,High,,1,0,1,Level 3
4353,42,,,,,2,15704,35,22,12,0,2,2,4,34,,5,55,14,2,1,4,1,3,,,High,,1,0,1,Level 4
4354,43,,,,,3,14082,15,11,3,7,4,4,3,54,,8,39,0,3,4,1,1,4,,,Normal,Expert,1,0,0,Level 3
4355,28,,,,,2,3743,50,18,1,5,1,4,2,16,,2,54,1,1,2,4,18,1,,Medium,High,,1,0,0,Level 1
4356,54,,,,,4,11204,97,6,10,1,1,2,3,6,,1,40,19,3,3,2,38,3,,Very High,Normal,Senior,1,1,0,Level 2
4357,39,,,,,3,6603,20,1,2,5,4,2,1,60,,8,47,18,2,3,4,3,4,,High,High,New,0,0,0,Level 1
4358,56,,,,,3,5260,32,9,7,8,3,5,3,64,,2,55,9,4,3,3,18,4,,Medium,High,Expert,1,1,0,Level 1
4359,36,,,,,5,10814,86,20,3,2,2,4,2,14,,7,57,0,3,4,1,22,3,,Very High,High,,1,0,0,Level 2
4360,50,,,,,5,13420,25,16,11,4,4,4,3,57,,1,32,15,2,4,4,8,3,,,Low,,1,1,0,Level 3
4361,27,,,,,2,12954,83,29,5,6,2,5,2,48,,8,46,15,1,2,3,38,1,,,High,,1,0,0,Level 3
4362,34,,,,,5,12208,35,29,11,9,1,5,4,74,,5,48,11,4,2,1,10,4,,,High,,1,0,1,Level 3
4363,50,,,,,1,18168,99,5,3,1,2,4,4,51,,4,51,12,4,4,3,3,3,,,High,Experienced,1,1,1,Level 4
4364,49,,,,,3,7582,98,19,7,0,4,5,3,25,,5,54,12,2,3,2,44,2,,High,High,,1,0,0,Level 2
4365,39,,,,,4,7485,23,22,12,4,2,4,4,42,,6,42,9,1,2,2,17,4,,High,Normal,,1,0,1,Level 2
4366,58,,,,,3,3607,16,17,4,3,3,1,1,52,,6,49,16,4,2,1,7,3,,Medium,High,,1,1,0,Level 1
4367,31,,,,,2,7044,18,23,8,8,2,4,3,55,,3,33,5,1,1,4,37,1,,High,Low,,1,0,0,Level 1
4368,36,,,,,5,10143,26,8,10,9,3,5,2,77,,9,35,2,3,4,3,22,4,,Very High,Low,Expert,1,0,0,Level 2
4369,49,,,,,3,5836,97,19,8,3,3,2,3,76,,3,41,4,3,4,4,47,4,,Medium,Normal,,1,0,0,Level 1
4370,48,,,,,5,17091,97,18,4,6,1,3,2,67,,6,42,8,4,4,3,41,3,,,Normal,,1,0,0,Level 4
4371,38,,,,,2,3766,97,12,12,4,4,3,2,32,,7,30,4,3,3,1,11,2,,Medium,Low,,1,0,0,Level 1
4372,30,,,,,5,15790,53,16,2,4,2,3,4,13,,9,48,16,2,2,2,48,1,,,High,,1,0,1,Level 4
4373,53,,,,,4,17932,74,14,7,5,1,3,1,76,,1,47,4,4,3,2,19,2,,,High,,1,1,0,Level 4
4374,26,,,,,2,19475,48,4,14,7,2,2,4,16,,7,42,4,2,1,4,29,3,,,Normal,Experienced,0,0,1,Level 4
4375,53,,,,,3,3099,73,8,1,3,2,3,2,38,,1,52,17,2,2,2,28,2,,Medium,High,Expert,1,1,0,Level 1
4376,39,,,,,3,14216,86,27,13,8,2,1,2,47,,1,47,1,1,4,3,28,3,,,High,,1,0,0,Level 3
4377,57,,,,,4,10622,20,24,12,5,4,5,1,5,,5,49,2,1,1,4,36,2,,Very High,High,,1,1,0,Level 2
4378,43,,,,,1,3393,46,12,9,7,3,4,2,21,,4,49,11,2,4,3,24,3,,Medium,High,,1,0,0,Level 1
4379,29,,,,,5,12077,42,11,5,3,2,2,4,86,,9,44,1,1,1,1,44,3,,,Normal,Expert,1,0,1,Level 3
4380,51,,,,,3,11139,89,13,10,8,2,3,3,36,,4,40,6,4,2,2,11,3,,Very High,Normal,,1,1,0,Level 2
4381,34,,,,,4,6052,55,8,4,8,3,3,1,99,,4,52,19,2,3,2,31,2,,High,High,Expert,1,0,0,Level 1
4382,56,,,,,5,11696,86,18,14,0,1,3,1,42,,4,39,16,1,2,1,8,1,,Very High,Normal,,1,1,0,Level 3
4383,39,,,,,2,4777,98,13,4,0,1,5,4,44,,4,39,1,4,3,2,48,1,,Medium,Normal,,1,0,1,Level 1
4384,22,,,,,4,15629,41,4,11,6,4,2,2,98,,9,43,9,1,2,2,18,4,,,Normal,Experienced,0,0,0,Level 3
4385,56,,,,,2,11325,67,26,12,2,3,1,2,95,,2,47,17,3,1,4,32,2,,Very High,High,,1,1,0,Level 2
4386,59,,,,,2,5925,25,1,12,6,2,4,1,64,,8,45,12,1,2,4,40,2,,Medium,Normal,New,0,1,0,Level 1
4387,27,,,,,2,9820,36,27,9,0,4,1,4,3,,4,33,15,1,3,3,31,2,,Very High,Low,,1,0,1,Level 2
4388,59,,,,,5,15499,19,23,1,0,1,1,3,67,,5,43,9,2,3,4,12,4,,,Normal,,1,1,0,Level 3
4389,42,,,,,1,3584,48,10,4,6,3,3,4,96,,9,48,15,2,1,2,28,4,,Medium,High,Expert,1,0,1,Level 1
4390,59,,,,,2,11548,76,6,6,3,3,2,2,56,,1,58,10,1,1,1,8,4,,Very High,High,Senior,1,1,0,Level 3
4391,30,,,,,3,17788,45,11,13,1,2,3,3,33,,1,38,15,2,1,3,19,1,,,Normal,Expert,1,0,0,Level 4
4392,27,,,,,5,10602,61,7,8,4,1,4,4,29,,2,50,7,2,3,1,24,2,,Very High,High,Senior,1,0,1,Level 2
4393,48,,,,,5,8196,51,10,2,4,3,2,4,38,,6,57,12,1,4,4,30,3,,High,High,Expert,1,0,1,Level 2
4394,49,,,,,2,14546,40,12,14,3,2,1,4,78,,2,52,5,1,2,2,32,1,,,High,,1,0,1,Level 3
4395,29,,,,,3,12942,57,21,8,8,3,3,4,95,,8,39,11,2,4,1,11,3,,,Normal,,1,0,1,Level 3
4396,58,,,,,4,12901,75,22,9,1,3,1,2,89,,8,58,10,2,1,4,15,2,,,High,,1,1,0,Level 3
4397,47,,,,,5,6681,52,28,8,3,3,4,2,38,,4,57,11,1,4,4,2,4,,High,High,,1,0,0,Level 1
4398,55,,,,,2,11728,46,6,14,1,1,5,1,71,,3,59,1,4,4,4,10,3,,Very High,High,Senior,1,1,0,Level 3
4399,32,,,,,2,11342,83,6,14,9,1,4,1,89,,5,35,19,4,3,1,2,4,,Very High,Low,Senior,1,0,0,Level 2
4400,51,,,,,1,12947,76,25,5,3,1,2,3,16,,6,37,6,3,1,4,28,4,,,Normal,,1,1,0,Level 3
4401,55,,,,,1,18947,39,4,14,5,4,5,1,93,,9,42,14,4,3,3,11,4,,,Normal,Experienced,0,1,0,Level 4
4402,56,,,,,4,14187,47,2,12,4,1,1,3,98,,7,36,6,3,2,4,27,1,,,Normal,New,0,1,0,Level 3
4403,45,,,,,4,7838,78,25,11,9,2,5,3,11,,3,39,6,1,4,4,31,3,,High,Normal,,1,0,0,Level 2
4404,41,,,,,4,10790,85,26,1,9,3,3,4,5,,9,55,15,3,1,2,43,4,,Very High,High,,1,0,1,Level 2
4405,23,,,,,4,17670,30,7,6,5,3,1,4,28,,6,41,12,2,3,2,8,1,,,Normal,Senior,1,0,1,Level 4
4406,50,,,,,2,9727,63,21,1,1,3,5,4,13,,2,43,13,1,3,4,43,2,,Very High,Normal,,1,1,1,Level 2
4407,37,,,,,2,8531,29,22,11,0,3,4,1,0,,2,38,15,4,2,2,7,3,,High,Normal,,1,0,0,Level 2
4408,57,,,,,2,18614,34,27,4,4,1,5,3,90,,5,40,5,2,1,1,25,3,,,Normal,,1,1,0,Level 4
4409,43,,,,,3,12433,36,7,9,2,4,2,4,38,,2,59,3,1,1,3,17,3,,,High,Senior,1,0,1,Level 3
4410,42,,,,,4,3207,24,21,12,2,1,1,1,5,,1,38,1,2,2,3,20,1,,Medium,Normal,,1,0,0,Level 1
4411,41,,,,,3,5899,86,21,5,9,3,5,3,96,,8,43,3,4,2,3,47,2,,Medium,Normal,,1,0,0,Level 1
4412,21,,,,,5,14779,69,22,7,4,1,1,3,43,,6,49,13,1,1,2,20,4,,,High,,1,0,0,Level 3
4413,50,,,,,5,8761,42,24,9,2,1,4,4,40,,2,49,12,3,3,4,2,2,,High,High,,1,1,1,Level 2
4414,30,,,,,2,12180,23,29,4,5,1,2,2,94,,9,33,17,1,1,3,2,1,,,Low,,1,0,0,Level 3
4415,47,,,,,5,9747,45,2,5,6,1,1,4,31,,9,54,3,1,2,4,26,1,,Very High,High,New,0,0,1,Level 2
4416,51,,,,,2,10804,97,27,6,5,3,2,1,96,,8,51,15,4,1,2,28,2,,Very High,High,,1,1,0,Level 2
4417,24,,,,,4,14051,88,10,1,9,2,4,1,83,,7,32,1,2,2,1,14,3,,,Low,Expert,1,0,0,Level 3
4418,57,,,,,3,4649,98,25,10,7,3,1,1,4,,1,34,11,4,4,1,14,4,,Medium,Low,,1,1,0,Level 1
4419,29,,,,,2,5408,71,14,12,3,2,4,4,46,,9,57,16,1,2,4,15,1,,Medium,High,,1,0,1,Level 1
4420,59,,,,,1,13612,45,26,5,5,3,4,1,16,,3,39,13,4,4,2,16,4,,,Normal,,1,1,0,Level 3
4421,43,,,,,1,12316,89,5,14,2,2,2,4,32,,3,57,2,1,3,1,45,3,,,High,Experienced,1,0,1,Level 3
4422,54,,,,,4,17466,57,20,10,9,1,4,2,41,,2,39,19,3,3,2,39,4,,,Normal,,1,1,0,Level 4
4423,42,,,,,3,10542,88,8,4,6,4,4,4,22,,6,57,17,1,1,3,35,1,,Very High,High,Expert,1,0,1,Level 2
4424,36,,,,,2,4419,23,20,1,5,4,5,4,69,,9,41,7,3,1,4,4,1,,Medium,Normal,,1,0,1,Level 1
4425,20,,,,,4,8695,56,18,14,5,4,1,2,49,,8,49,12,2,1,2,19,2,,High,High,,1,0,0,Level 2
4426,50,,,,,3,7173,88,21,4,2,1,4,4,28,,3,59,14,2,2,2,36,4,,High,High,,1,1,1,Level 1
4427,50,,,,,1,4735,64,5,5,0,3,3,2,63,,4,45,18,3,3,1,34,2,,Medium,Normal,Experienced,1,1,0,Level 1
4428,53,,,,,2,15328,51,4,9,1,2,3,2,3,,8,34,8,2,3,1,47,4,,,Low,Experienced,0,1,0,Level 3
4429,28,,,,,3,16492,85,19,1,9,4,5,1,6,,3,53,3,3,1,2,35,3,,,High,,1,0,0,Level 4
4430,41,,,,,5,7385,98,11,6,9,2,4,4,78,,4,37,2,2,2,4,6,3,,High,Normal,Expert,1,0,1,Level 2
4431,32,,,,,2,4148,98,5,8,2,3,5,3,61,,9,42,17,4,1,4,8,3,,Medium,Normal,Experienced,1,0,0,Level 1
4432,44,,,,,5,11023,86,16,9,0,1,3,1,58,,9,51,18,4,2,2,43,4,,Very High,High,,1,0,0,Level 2
4433,37,,,,,4,16546,31,9,11,7,1,1,1,20,,9,37,11,2,3,1,24,2,,,Normal,Expert,1,0,0,Level 4
4434,31,,,,,3,12715,91,25,5,8,2,4,4,15,,7,58,8,4,4,3,35,3,,,High,,1,0,1,Level 3
4435,59,,,,,3,13953,91,25,2,6,2,5,2,69,,2,41,0,2,1,2,30,2,,,Normal,,1,1,0,Level 3
4436,36,,,,,3,11902,62,6,1,6,2,1,2,12,,5,53,12,1,1,2,43,4,,Very High,High,Senior,1,0,0,Level 3
4437,34,,,,,3,16110,16,8,5,2,4,5,1,7,,7,51,13,1,2,4,28,2,,,High,Expert,1,0,0,Level 4
4438,34,,,,,2,14901,56,1,11,8,4,1,4,96,,4,48,1,2,1,2,16,3,,,High,New,0,0,1,Level 3
4439,34,,,,,5,3004,77,1,3,8,4,1,4,60,,9,54,7,1,3,1,21,3,,Medium,High,New,0,0,1,Level 1
4440,58,,,,,5,7919,25,23,6,4,4,5,1,2,,8,40,5,1,3,1,33,4,,High,Normal,,1,1,0,Level 2
4441,32,,,,,4,16512,98,28,9,6,1,3,3,45,,8,45,6,2,3,3,7,4,,,Normal,,1,0,0,Level 4
4442,36,,,,,4,19220,70,5,13,0,4,5,2,61,,9,53,19,2,3,4,11,4,,,High,Experienced,1,0,0,Level 4
4443,51,,,,,3,12758,87,18,11,5,3,2,3,22,,9,49,10,4,3,4,27,4,,,High,,1,1,0,Level 3
4444,28,,,,,1,9573,59,4,1,9,2,4,4,7,,2,50,9,1,3,2,34,1,,Very High,High,Experienced,0,0,1,Level 2
4445,59,,,,,1,8829,59,16,14,0,2,3,1,19,,5,49,12,4,4,3,31,2,,High,High,,1,1,0,Level 2
4446,39,,,,,3,17494,43,20,4,9,4,3,2,29,,1,46,18,4,4,3,49,4,,,High,,1,0,0,Level 4
4447,45,,,,,5,6372,48,22,4,5,4,5,4,74,,5,36,17,3,2,4,31,4,,High,Normal,,1,0,1,Level 1
4448,46,,,,,4,10253,83,24,12,5,3,4,1,53,,8,42,5,2,4,1,27,4,,Very High,Normal,,1,0,0,Level 2
4449,40,,,,,2,7512,34,29,7,6,1,2,2,19,,7,50,10,4,2,4,7,2,,High,High,,1,0,0,Level 2
4450,37,,,,,1,6066,86,19,2,6,2,5,3,1,,8,58,9,3,3,2,45,4,,High,High,,1,0,0,Level 1
4451,32,,,,,4,6120,84,28,8,9,4,4,4,97,,8,38,11,1,4,3,28,2,,High,Normal,,1,0,1,Level 1
4452,35,,,,,1,6070,32,28,13,2,1,5,3,16,,5,59,8,2,3,1,12,4,,High,High,,1,0,0,Level 1
4453,28,,,,,5,15558,86,7,6,6,2,4,2,14,,6,56,5,3,1,1,37,1,,,High,Senior,1,0,0,Level 3
4454,31,,,,,5,8669,74,15,4,9,3,3,3,64,,2,37,6,4,4,1,3,3,,High,Normal,,1,0,0,Level 2
4455,57,,,,,3,13197,69,18,3,1,3,5,3,68,,4,31,17,4,2,1,45,1,,,Low,,1,1,0,Level 3
4456,38,,,,,3,7822,66,9,10,1,4,2,1,97,,3,44,4,3,2,4,26,2,,High,Normal,Expert,1,0,0,Level 2
4457,26,,,,,1,14108,39,28,12,0,2,4,2,68,,5,39,5,3,1,4,49,3,,,Normal,,1,0,0,Level 3
4458,54,,,,,1,15154,80,7,7,1,3,2,4,71,,5,31,18,3,1,1,33,3,,,Low,Senior,1,1,1,Level 3
4459,37,,,,,4,13456,42,1,9,1,3,2,1,67,,9,38,9,1,4,2,28,3,,,Normal,New,0,0,0,Level 3
4460,35,,,,,3,12725,34,13,11,8,2,5,4,42,,7,44,3,2,2,1,22,4,,,Normal,,1,0,1,Level 3
4461,58,,,,,5,11983,84,4,2,2,2,4,3,11,,1,45,13,4,3,3,19,2,,Very High,Normal,Experienced,0,1,0,Level 3
4462,23,,,,,4,10748,51,2,8,0,1,1,1,99,,7,55,9,2,2,3,44,2,,Very High,High,New,0,0,0,Level 2
4463,44,,,,,4,16560,30,10,2,1,1,2,3,93,,1,59,15,2,2,2,13,2,,,High,Expert,1,0,0,Level 4
4464,51,,,,,2,18015,49,5,11,9,1,4,3,82,,9,34,7,2,1,4,25,3,,,Low,Experienced,1,1,0,Level 4
4465,59,,,,,5,5084,69,25,12,7,4,3,1,21,,7,33,18,2,1,1,4,3,,Medium,Low,,1,1,0,Level 1
4466,32,,,,,4,14795,79,3,6,9,1,2,1,91,,8,36,7,4,3,4,39,4,,,Normal,New,0,0,0,Level 3
4467,36,,,,,2,4681,92,5,14,1,3,2,2,93,,9,54,9,2,1,4,10,2,,Medium,High,Experienced,1,0,0,Level 1
4468,56,,,,,3,6722,28,11,8,3,1,2,2,69,,2,32,2,3,3,1,42,2,,High,Low,Expert,1,1,0,Level 1
4469,25,,,,,5,5036,38,26,1,8,2,3,4,19,,4,47,11,1,3,3,47,1,,Medium,High,,1,0,1,Level 1
4470,38,,,,,3,6157,97,18,7,8,2,3,1,14,,7,46,4,4,2,3,25,4,,High,High,,1,0,0,Level 1
4471,32,,,,,2,14917,52,20,9,6,4,5,3,7,,9,31,9,1,1,1,6,1,,,Low,,1,0,0,Level 3
4472,45,,,,,5,13651,96,2,6,0,4,1,3,36,,7,42,17,1,4,4,35,1,,,Normal,New,0,0,0,Level 3
4473,33,,,,,1,10555,23,24,6,9,1,5,4,27,,2,37,5,4,2,3,44,1,,Very High,Normal,,1,0,1,Level 2
4474,50,,,,,1,11613,91,23,9,4,2,1,2,10,,2,51,12,4,3,2,34,3,,Very High,High,,1,1,0,Level 3
4475,23,,,,,1,8452,73,16,2,4,1,2,1,69,,9,32,15,2,3,1,38,2,,High,Low,,1,0,0,Level 2
4476,58,,,,,4,18350,65,23,4,1,2,4,2,26,,6,55,8,2,4,2,19,3,,,High,,1,1,0,Level 4
4477,27,,,,,1,16971,65,23,14,6,2,2,4,41,,6,53,14,1,1,4,34,3,,,High,,1,0,1,Level 4
4478,44,,,,,4,3227,33,25,14,0,3,3,2,74,,3,34,7,2,2,3,16,1,,Medium,Low,,1,0,0,Level 1
4479,32,,,,,4,19388,76,18,11,0,3,1,1,82,,6,35,7,1,4,1,21,2,,,Low,,1,0,0,Level 4
4480,51,,,,,2,19535,24,6,8,9,1,2,3,75,,3,52,0,1,4,3,6,3,,,High,Senior,1,1,0,Level 4
4481,57,,,,,1,15444,52,15,5,0,3,1,2,80,,4,33,1,4,1,4,4,1,,,Low,,1,1,0,Level 3
4482,57,,,,,5,14521,17,12,9,9,4,5,1,7,,5,52,7,2,3,3,43,2,,,High,,1,1,0,Level 3
4483,47,,,,,4,6077,62,29,3,6,3,3,1,58,,1,39,11,2,2,4,43,3,,High,Normal,,1,0,0,Level 1
4484,49,,,,,2,6971,55,4,6,3,3,3,1,59,,3,42,11,3,3,1,15,2,,High,Normal,Experienced,0,0,0,Level 1
4485,22,,,,,4,4004,31,29,6,3,1,4,3,94,,3,36,4,1,4,1,41,1,,Medium,Normal,,1,0,0,Level 1
4486,47,,,,,5,11002,87,12,3,8,4,2,1,61,,2,38,15,3,2,2,39,1,,Very High,Normal,,1,0,0,Level 2
4487,22,,,,,5,6660,83,26,6,3,1,3,2,18,,5,48,11,4,3,4,28,2,,High,High,,1,0,0,Level 1
4488,53,,,,,1,9489,97,11,1,7,2,4,2,42,,7,34,11,4,3,3,12,2,,Very High,Low,Expert,1,1,0,Level 2
4489,35,,,,,4,18475,29,22,5,0,3,3,4,59,,2,34,6,1,1,4,23,1,,,Low,,1,0,1,Level 4
4490,41,,,,,5,12814,70,9,2,2,4,5,1,50,,1,54,5,1,1,4,43,4,,,High,Expert,1,0,0,Level 3
4491,51,,,,,3,7708,90,27,8,0,2,2,3,83,,2,53,8,3,1,1,1,2,,High,High,,1,1,0,Level 2
4492,57,,,,,5,9087,92,1,7,0,4,2,3,63,,5,35,5,1,3,2,9,3,,Very High,Low,New,0,1,0,Level 2
4493,27,,,,,5,14684,29,18,7,2,2,1,1,65,,6,58,15,4,3,2,38,2,,,High,,1,0,0,Level 3
4494,27,,,,,4,8702,19,6,10,3,2,4,3,69,,8,53,16,3,1,4,21,4,,High,High,Senior,1,0,0,Level 2
4495,25,,,,,5,12318,58,12,4,5,1,5,1,90,,9,39,14,4,3,2,6,1,,,Normal,,1,0,0,Level 3
4496,33,,,,,2,3227,17,28,14,2,1,1,3,47,,5,30,4,1,3,3,31,2,,Medium,Low,,1,0,0,Level 1
4497,51,,,,,5,6643,61,23,2,7,3,5,4,17,,4,44,12,4,1,2,11,3,,High,Normal,,1,1,1,Level 1
4498,54,,,,,3,6728,44,29,3,7,2,1,4,19,,2,51,6,3,4,4,38,4,,High,High,,1,1,1,Level 1
4499,29,,,,,5,12426,26,3,10,2,4,1,4,72,,9,49,1,2,2,3,17,4,,,High,New,0,0,1,Level 3
4500,22,,,,,1,8228,29,1,4,2,2,2,3,66,,3,42,6,2,1,3,34,4,,High,Normal,New,0,0,0,Level 2
4501,31,,,,,4,18716,52,7,3,5,1,5,1,39,,1,33,18,1,3,4,44,2,,,Low,Senior,1,0,0,Level 4
4502,50,,,,,3,14958,42,28,3,0,4,4,2,17,,9,58,7,3,2,2,41,1,,,High,,1,1,0,Level 3
4503,48,,,,,2,7521,63,18,13,0,4,4,2,11,,2,42,13,2,2,3,43,2,,High,Normal,,1,0,0,Level 2
4504,24,,,,,5,10296,61,12,14,4,3,1,4,82,,8,52,5,3,3,2,29,1,,Very High,High,,1,0,1,Level 2
4505,44,,,,,5,19726,93,29,1,9,2,1,2,25,,4,55,2,3,1,1,31,4,,,High,,1,0,0,Level 4
4506,50,,,,,2,14123,89,22,1,6,3,5,2,96,,8,57,8,4,2,4,30,4,,,High,,1,1,0,Level 3
4507,40,,,,,5,15927,26,20,8,0,3,2,4,32,,9,38,7,1,1,4,35,1,,,Normal,,1,0,1,Level 4
4508,39,,,,,1,18194,68,16,8,1,2,2,2,5,,3,44,5,3,4,3,27,2,,,Normal,,1,0,0,Level 4
4509,58,,,,,3,18864,97,26,1,8,1,5,4,57,,5,30,17,4,2,2,19,3,,,Low,,1,1,1,Level 4
4510,41,,,,,5,12550,46,20,4,0,1,5,4,56,,8,57,15,1,2,4,28,2,,,High,,1,0,1,Level 3
4511,23,,,,,2,13613,15,25,2,2,4,2,4,8,,8,59,17,2,1,3,5,1,,,High,,1,0,1,Level 3
4512,32,,,,,2,7832,30,7,1,7,1,1,2,9,,4,33,15,3,3,4,11,3,,High,Low,Senior,1,0,0,Level 2
4513,39,,,,,3,16427,25,17,2,1,3,2,4,43,,2,35,2,2,3,4,26,4,,,Low,,1,0,1,Level 4
4514,32,,,,,1,6174,69,4,1,9,1,3,1,52,,6,51,4,4,4,2,6,3,,High,High,Experienced,0,0,0,Level 1
4515,36,,,,,3,15852,50,10,5,6,4,3,3,26,,6,37,5,3,2,1,33,4,,,Normal,Expert,1,0,0,Level 4
4516,55,,,,,5,11054,44,6,10,1,1,5,4,80,,7,51,17,2,2,1,18,2,,Very High,High,Senior,1,1,1,Level 2
4517,52,,,,,1,19129,82,2,12,2,2,3,2,51,,5,51,18,4,4,2,44,1,,,High,New,0,1,0,Level 4
4518,20,,,,,1,4103,70,4,14,9,3,4,2,83,,1,41,12,2,2,4,6,4,,Medium,Normal,Experienced,0,0,0,Level 1
4519,34,,,,,2,7944,74,18,6,8,3,3,3,63,,1,49,5,4,3,3,30,2,,High,High,,1,0,0,Level 2
4520,32,,,,,1,9964,31,1,12,3,3,2,1,53,,1,41,5,3,3,3,14,2,,Very High,Normal,New,0,0,0,Level 2
4521,36,,,,,5,11587,47,1,8,6,4,3,1,12,,4,53,13,1,4,4,13,3,,Very High,High,New,0,0,0,Level 3
4522,43,,,,,5,14131,44,16,10,5,3,1,1,30,,7,48,5,2,1,1,1,4,,,High,,1,0,0,Level 3
4523,27,,,,,5,15676,27,25,8,6,4,5,3,80,,8,33,5,3,1,3,21,3,,,Low,,1,0,0,Level 3
4524,46,,,,,4,14523,26,13,14,6,3,1,1,48,,1,48,11,1,1,3,18,2,,,High,,1,0,0,Level 3
4525,42,,,,,1,12726,46,14,4,1,1,3,4,74,,5,42,13,3,4,4,38,1,,,Normal,,1,0,1,Level 3
4526,27,,,,,1,11236,48,11,3,0,2,1,2,26,,5,43,9,4,4,2,44,2,,Very High,Normal,Expert,1,0,0,Level 2
4527,27,,,,,5,17739,97,25,12,9,3,4,2,12,,7,30,0,2,2,4,39,2,,,Low,,1,0,0,Level 4
4528,45,,,,,2,4864,26,20,5,5,1,1,4,45,,1,33,9,3,2,4,16,4,,Medium,Low,,1,0,1,Level 1
4529,32,,,,,1,13466,18,29,8,6,1,4,1,50,,8,34,0,4,3,4,5,4,,,Low,,1,0,0,Level 3
4530,58,,,,,4,6433,40,8,5,1,2,2,3,42,,4,39,18,2,2,3,16,3,,High,Normal,Expert,1,1,0,Level 1
4531,56,,,,,1,17422,96,28,10,1,1,1,4,99,,8,40,15,3,3,3,9,1,,,Normal,,1,1,1,Level 4
4532,47,,,,,3,11995,78,10,7,8,4,3,1,78,,8,57,18,2,2,4,41,2,,Very High,High,Expert,1,0,0,Level 3
4533,44,,,,,4,15672,44,16,4,4,3,2,4,85,,2,34,7,1,3,4,19,2,,,Low,,1,0,1,Level 3
4534,35,,,,,2,8140,48,27,2,6,1,5,4,88,,4,57,4,3,2,3,16,1,,High,High,,1,0,1,Level 2
4535,21,,,,,4,16999,47,7,9,0,3,5,4,18,,3,54,19,1,2,3,33,2,,,High,Senior,1,0,1,Level 4
4536,37,,,,,4,16778,45,5,11,3,2,3,3,28,,2,49,0,2,2,2,46,4,,,High,Experienced,1,0,0,Level 4
4537,36,,,,,1,18108,70,10,10,1,2,4,4,86,,4,47,19,4,4,1,28,2,,,High,Expert,1,0,1,Level 4
4538,49,,,,,4,18350,76,18,2,4,2,1,2,82,,4,40,13,1,1,3,6,3,,,Normal,,1,0,0,Level 4
4539,58,,,,,5,4703,45,25,2,0,1,5,4,66,,5,39,19,3,2,1,43,2,,Medium,Normal,,1,1,1,Level 1
4540,32,,,,,4,7316,91,7,14,9,1,1,2,18,,4,52,15,2,4,2,29,2,,High,High,Senior,1,0,0,Level 2
4541,51,,,,,1,13204,38,4,8,6,1,2,1,12,,7,54,7,3,3,4,19,3,,,High,Experienced,0,1,0,Level 3
4542,48,,,,,5,7686,83,10,10,1,4,1,3,96,,1,49,4,1,2,2,28,2,,High,High,Expert,1,0,0,Level 2
4543,49,,,,,2,7908,65,18,6,2,1,5,4,87,,1,49,14,2,1,4,4,3,,High,High,,1,0,1,Level 2
4544,37,,,,,3,6230,79,18,5,4,2,4,2,37,,3,38,9,1,2,1,2,2,,High,Normal,,1,0,0,Level 1
4545,32,,,,,4,4849,23,3,3,8,4,5,3,34,,6,41,6,1,4,1,40,3,,Medium,Normal,New,0,0,0,Level 1
4546,40,,,,,5,7020,22,13,7,9,2,3,2,32,,6,49,18,2,1,3,26,3,,High,High,,1,0,0,Level 1
4547,49,,,,,5,11236,50,14,8,3,2,5,4,44,,5,41,8,4,4,2,14,3,,Very High,Normal,,1,0,1,Level 2
4548,40,,,,,2,19834,83,22,9,7,4,1,1,56,,6,42,8,1,2,4,48,2,,,Normal,,1,0,0,Level 4
4549,36,,,,,2,4259,70,14,11,7,3,1,1,48,,6,50,11,3,4,1,14,2,,Medium,High,,1,0,0,Level 1
4550,59,,,,,3,12195,60,1,2,9,3,4,2,65,,9,40,13,4,3,4,12,1,,,Normal,New,0,1,0,Level 3
4551,38,,,,,3,7777,24,5,8,3,3,5,4,82,,1,30,6,2,1,2,29,2,,High,Low,Experienced,1,0,1,Level 2
4552,34,,,,,1,10575,88,10,5,3,4,2,4,38,,8,31,2,3,1,4,26,1,,Very High,Low,Expert,1,0,1,Level 2
4553,28,,,,,3,14680,25,14,1,1,1,2,2,46,,6,52,1,4,2,2,29,1,,,High,,1,0,0,Level 3
4554,29,,,,,3,17482,22,19,14,7,3,2,3,32,,6,45,6,2,4,3,32,4,,,Normal,,1,0,0,Level 4
4555,50,,,,,5,7888,82,23,10,0,2,3,4,90,,6,45,12,4,2,3,36,1,,High,Normal,,1,1,1,Level 2
4556,42,,,,,4,14224,32,7,7,4,1,2,2,49,,7,53,11,2,3,3,47,3,,,High,Senior,1,0,0,Level 3
4557,49,,,,,4,15304,98,26,14,7,4,3,4,65,,7,38,1,4,3,2,26,2,,,Normal,,1,0,1,Level 3
4558,52,,,,,3,4578,17,15,7,5,1,2,1,32,,5,51,10,1,3,3,8,4,,Medium,High,,1,1,0,Level 1
4559,28,,,,,1,12207,29,28,10,9,3,4,4,48,,7,33,4,4,1,1,14,4,,,Low,,1,0,1,Level 3
4560,20,,,,,1,16004,74,21,12,3,1,5,2,70,,2,49,3,3,1,3,45,1,,,High,,1,0,0,Level 4
4561,54,,,,,4,12760,86,9,3,8,4,3,1,9,,3,54,14,3,3,1,13,2,,,High,Expert,1,1,0,Level 3
4562,30,,,,,2,13178,69,27,11,2,4,1,3,27,,2,33,17,2,1,2,32,4,,,Low,,1,0,0,Level 3
4563,53,,,,,5,10888,84,29,3,8,1,3,2,88,,9,32,14,4,3,1,36,3,,Very High,Low,,1,1,0,Level 2
4564,35,,,,,3,7575,98,10,4,0,3,5,4,94,,1,47,13,1,1,2,4,4,,High,High,Expert,1,0,1,Level 2
4565,28,,,,,5,6856,46,8,5,3,4,3,1,43,,5,41,8,1,2,4,38,2,,High,Normal,Expert,1,0,0,Level 1
4566,51,,,,,3,7139,20,9,5,9,2,3,4,12,,5,36,18,4,1,4,11,2,,High,Normal,Expert,1,1,1,Level 1
4567,34,,,,,3,6527,30,11,5,2,2,5,1,94,,1,42,1,4,2,4,12,4,,High,Normal,Expert,1,0,0,Level 1
4568,31,,,,,4,18870,80,22,6,1,2,2,4,28,,1,43,14,3,4,4,1,3,,,Normal,,1,0,1,Level 4
4569,52,,,,,5,16162,96,8,1,3,3,5,1,39,,6,49,13,3,3,3,48,3,,,High,Expert,1,1,0,Level 4
4570,33,,,,,5,8819,98,26,7,3,1,4,3,8,,3,51,10,2,1,1,44,1,,High,High,,1,0,0,Level 2
4571,27,,,,,2,6868,30,18,12,8,4,2,1,94,,8,57,5,1,3,3,9,2,,High,High,,1,0,0,Level 1
4572,27,,,,,2,18230,99,5,4,9,3,3,3,28,,1,33,19,4,3,1,49,1,,,Low,Experienced,1,0,0,Level 4
4573,46,,,,,5,10304,28,8,13,5,1,5,4,3,,3,46,10,2,4,3,37,2,,Very High,High,Expert,1,0,1,Level 2
4574,31,,,,,2,15761,76,2,5,5,4,4,4,80,,9,54,12,3,4,1,48,4,,,High,New,0,0,1,Level 4
4575,20,,,,,2,17127,32,18,8,5,4,4,3,80,,8,44,19,3,2,3,26,2,,,Normal,,1,0,0,Level 4
4576,59,,,,,3,12693,22,19,13,5,2,1,2,18,,1,30,11,2,3,4,23,3,,,Low,,1,1,0,Level 3
4577,30,,,,,4,3814,19,18,8,7,2,4,3,47,,1,42,7,2,3,1,1,4,,Medium,Normal,,1,0,0,Level 1
4578,58,,,,,3,10584,55,20,12,3,3,1,2,66,,7,48,18,1,4,2,4,2,,Very High,High,,1,1,0,Level 2
4579,50,,,,,2,16378,73,16,5,0,4,4,4,96,,4,48,11,3,3,1,14,1,,,High,,1,1,1,Level 4
4580,36,,,,,3,17655,23,4,11,2,4,5,2,41,,1,36,16,1,3,2,11,4,,,Normal,Experienced,0,0,0,Level 4
4581,52,,,,,3,14517,56,17,13,7,2,3,2,81,,3,46,18,2,3,3,46,3,,,High,,1,1,0,Level 3
4582,51,,,,,1,4323,32,6,3,0,4,2,1,84,,9,35,13,1,4,1,32,2,,Medium,Low,Senior,1,1,0,Level 1
4583,48,,,,,3,19221,60,12,10,4,4,4,2,57,,7,57,8,3,3,3,39,3,,,High,,1,0,0,Level 4
4584,40,,,,,3,12450,96,7,8,1,3,4,1,87,,7,30,1,2,1,2,47,3,,,Low,Senior,1,0,0,Level 3
4585,40,,,,,4,5034,62,23,2,9,2,1,2,58,,4,41,11,4,4,2,44,4,,Medium,Normal,,1,0,0,Level 1
4586,59,,,,,5,8966,42,14,12,3,2,3,2,15,,2,42,16,1,3,3,45,3,,High,Normal,,1,1,0,Level 2
4587,42,,,,,1,19583,51,12,9,2,2,5,4,94,,4,43,15,1,2,3,21,3,,,Normal,,1,0,1,Level 4
4588,25,,,,,1,4705,88,21,6,0,4,5,1,59,,9,43,3,3,4,4,39,2,,Medium,Normal,,1,0,0,Level 1
4589,41,,,,,1,6758,34,20,10,4,3,3,2,66,,8,41,18,4,3,1,3,3,,High,Normal,,1,0,0,Level 1
4590,57,,,,,1,5196,52,2,4,8,4,5,2,16,,6,41,5,1,2,2,37,1,,Medium,Normal,New,0,1,0,Level 1
4591,56,,,,,4,5133,55,21,4,2,2,2,1,63,,5,56,11,4,2,3,31,3,,Medium,High,,1,1,0,Level 1
4592,27,,,,,5,16413,76,4,3,0,4,5,1,32,,2,36,11,2,4,4,24,4,,,Normal,Experienced,0,0,0,Level 4
4593,54,,,,,4,5578,34,8,11,0,3,2,4,70,,9,33,19,3,2,3,17,3,,Medium,Low,Expert,1,1,1,Level 1
4594,30,,,,,1,16939,37,10,5,0,3,4,1,21,,2,46,16,1,4,1,42,4,,,High,Expert,1,0,0,Level 4
4595,43,,,,,5,3813,64,17,6,3,1,5,2,6,,8,37,12,4,3,4,33,3,,Medium,Normal,,1,0,0,Level 1
4596,40,,,,,4,9551,19,7,10,4,2,5,3,96,,5,43,13,3,1,3,30,3,,Very High,Normal,Senior,1,0,0,Level 2
4597,21,,,,,5,4627,74,21,3,7,4,2,4,4,,3,39,11,4,3,2,11,4,,Medium,Normal,,1,0,1,Level 1
4598,59,,,,,4,6592,87,10,9,9,1,4,1,12,,6,51,4,4,4,1,2,1,,High,High,Expert,1,1,0,Level 1
4599,38,,,,,5,5580,57,21,14,6,1,4,4,93,,3,34,3,1,1,4,31,3,,Medium,Low,,1,0,1,Level 1
4600,58,,,,,4,6932,50,17,8,9,3,1,2,9,,5,45,0,4,4,3,4,3,,High,Normal,,1,1,0,Level 1
4601,47,,,,,1,11487,17,16,12,3,2,4,3,13,,3,35,9,4,3,4,7,1,,Very High,Low,,1,0,0,Level 3
4602,36,,,,,1,10113,75,25,6,1,1,3,3,70,,7,45,12,2,2,4,11,1,,Very High,Normal,,1,0,0,Level 2
4603,25,,,,,1,6251,68,13,5,1,2,1,4,30,,4,53,7,3,3,4,45,4,,High,High,,1,0,1,Level 1
4604,38,,,,,4,19259,50,23,11,1,2,4,2,3,,8,51,19,1,2,3,27,1,,,High,,1,0,0,Level 4
4605,57,,,,,5,19916,59,18,3,0,3,2,3,47,,8,59,17,3,1,1,27,3,,,High,,1,1,0,Level 4
4606,47,,,,,5,8127,43,27,3,5,3,3,1,62,,1,47,5,4,3,3,46,1,,High,High,,1,0,0,Level 2
4607,21,,,,,2,3887,40,5,8,3,1,1,2,3,,3,44,3,4,1,3,28,2,,Medium,Normal,Experienced,1,0,0,Level 1
4608,57,,,,,3,6597,22,8,6,2,1,5,4,77,,1,58,10,4,3,4,40,1,,High,High,Expert,1,1,1,Level 1
4609,56,,,,,1,17883,87,27,10,0,3,2,2,78,,6,35,3,3,2,1,48,2,,,Low,,1,1,0,Level 4
4610,23,,,,,1,8525,36,7,14,6,4,3,4,56,,8,38,8,4,2,4,7,4,,High,Normal,Senior,1,0,1,Level 2
4611,41,,,,,1,13612,83,18,11,8,4,2,4,34,,7,46,4,2,3,4,1,3,,,High,,1,0,1,Level 3
4612,45,,,,,2,6480,58,23,6,3,1,1,1,97,,1,45,10,3,1,2,31,2,,High,Normal,,1,0,0,Level 1
4613,55,,,,,2,18298,55,6,4,0,4,3,3,13,,2,31,2,3,1,2,9,1,,,Low,Senior,1,1,0,Level 4
4614,32,,,,,2,11403,50,28,3,2,1,1,2,76,,4,32,10,4,2,1,20,2,,Very High,Low,,1,0,0,Level 3
4615,51,,,,,1,7032,44,13,6,8,2,1,2,23,,8,34,3,1,1,2,38,4,,High,Low,,1,1,0,Level 1
4616,36,,,,,5,14274,63,24,1,0,1,4,1,22,,3,51,3,2,2,3,15,2,,,High,,1,0,0,Level 3
4617,55,,,,,1,15623,31,9,11,0,4,2,2,52,,1,45,10,1,3,2,3,4,,,Normal,Expert,1,1,0,Level 3
4618,38,,,,,2,16651,44,23,13,4,1,4,4,79,,7,48,4,4,4,1,41,4,,,High,,1,0,1,Level 4
4619,54,,,,,2,10425,87,8,5,4,4,4,2,98,,5,37,1,4,2,1,36,1,,Very High,Normal,Expert,1,1,0,Level 2
4620,59,,,,,3,15892,18,12,7,7,1,2,2,26,,3,51,5,2,3,2,16,4,,,High,,1,1,0,Level 4
4621,47,,,,,4,19679,90,10,1,0,3,3,4,97,,1,44,12,3,3,3,2,3,,,Normal,Expert,1,0,1,Level 4
4622,20,,,,,3,10724,49,7,13,7,2,2,1,84,,8,54,11,1,1,4,14,1,,Very High,High,Senior,1,0,0,Level 2
4623,37,,,,,3,19309,98,7,10,1,1,5,2,7,,3,57,15,4,1,3,47,4,,,High,Senior,1,0,0,Level 4
4624,59,,,,,1,7483,31,17,12,0,3,3,1,32,,9,58,5,2,3,1,47,3,,High,High,,1,1,0,Level 2
4625,52,,,,,4,17113,21,5,4,7,2,4,2,91,,6,42,15,1,4,4,32,2,,,Normal,Experienced,1,1,0,Level 4
4626,31,,,,,4,4496,76,10,2,9,4,1,3,90,,8,45,10,2,4,2,34,3,,Medium,Normal,Expert,1,0,0,Level 1
4627,27,,,,,1,14271,72,21,13,1,3,1,3,16,,2,30,8,1,3,3,22,1,,,Low,,1,0,0,Level 3
4628,43,,,,,5,4975,58,20,1,4,3,4,4,57,,7,48,2,3,4,1,14,2,,Medium,High,,1,0,1,Level 1
4629,35,,,,,1,7132,72,15,1,9,2,3,2,61,,7,33,5,3,4,2,20,1,,High,Low,,1,0,0,Level 1
4630,23,,,,,5,10398,67,13,12,5,2,5,2,77,,7,36,19,2,2,2,18,3,,Very High,Normal,,1,0,0,Level 2
4631,57,,,,,5,7278,86,14,7,2,3,3,1,29,,7,47,5,1,2,2,25,4,,High,High,,1,1,0,Level 2
4632,46,,,,,4,17627,23,17,6,8,3,2,4,45,,3,33,9,1,3,3,34,3,,,Low,,1,0,1,Level 4
4633,28,,,,,1,10925,20,7,7,8,1,5,3,16,,1,32,2,4,1,3,23,4,,Very High,Low,Senior,1,0,0,Level 2
4634,35,,,,,1,16833,33,24,1,7,4,2,4,66,,6,43,19,1,1,1,6,2,,,Normal,,1,0,1,Level 4
4635,31,,,,,4,7165,34,21,10,6,3,3,3,56,,8,36,16,3,2,4,16,3,,High,Normal,,1,0,0,Level 1
4636,50,,,,,3,19847,78,4,12,4,2,4,4,5,,4,54,19,4,3,1,31,3,,,High,Experienced,0,1,1,Level 4
4637,43,,,,,1,15478,98,28,3,9,2,4,2,55,,5,36,12,4,2,4,45,1,,,Normal,,1,0,0,Level 3
4638,33,,,,,2,3929,41,9,7,1,2,2,2,88,,3,49,2,4,1,1,19,3,,Medium,High,Expert,1,0,0,Level 1
4639,44,,,,,2,10673,21,19,10,2,4,5,1,69,,2,47,17,2,2,3,42,4,,Very High,High,,1,0,0,Level 2
4640,53,,,,,1,10671,38,14,10,4,2,2,1,99,,6,36,1,2,4,3,32,1,,Very High,Normal,,1,1,0,Level 2
4641,22,,,,,5,10918,22,3,9,7,3,5,1,99,,6,37,9,3,4,3,42,3,,Very High,Normal,New,0,0,0,Level 2
4642,43,,,,,4,6911,81,29,6,0,3,1,2,49,,3,56,5,4,2,4,37,2,,High,High,,1,0,0,Level 1
4643,28,,,,,5,17202,25,4,8,0,4,3,4,66,,3,59,0,2,1,3,46,1,,,High,Experienced,0,0,1,Level 4
4644,45,,,,,2,7412,80,23,9,6,4,4,2,34,,6,52,12,4,1,4,43,3,,High,High,,1,0,0,Level 2
4645,39,,,,,2,3717,15,2,7,0,4,4,1,18,,3,49,6,1,1,2,21,2,,Medium,High,New,0,0,0,Level 1
4646,59,,,,,4,9365,21,8,9,2,2,5,3,74,,6,36,16,1,3,2,5,1,,Very High,Normal,Expert,1,1,0,Level 2
4647,29,,,,,2,4212,38,2,11,7,2,1,2,14,,3,49,10,4,4,3,29,2,,Medium,High,New,0,0,0,Level 1
4648,38,,,,,3,9435,26,4,10,8,2,4,2,36,,5,57,7,3,3,3,42,3,,Very High,High,Experienced,0,0,0,Level 2
4649,22,,,,,2,18284,77,2,13,4,1,2,4,95,,4,35,9,4,4,1,27,4,,,Low,New,0,0,1,Level 4
4650,43,,,,,5,3757,86,25,4,5,3,2,2,30,,5,51,0,4,2,1,19,4,,Medium,High,,1,0,0,Level 1
4651,24,,,,,5,9902,27,29,9,7,2,4,1,54,,7,38,1,2,2,4,2,3,,Very High,Normal,,1,0,0,Level 2
4652,22,,,,,3,8536,84,4,9,2,3,5,2,85,,1,49,1,4,2,2,25,2,,High,High,Experienced,0,0,0,Level 2
4653,46,,,,,5,17271,38,21,2,0,1,3,4,70,,5,52,18,4,2,2,18,2,,,High,,1,0,1,Level 4
4654,35,,,,,5,8572,52,9,11,8,3,1,2,0,,1,52,15,1,3,4,43,2,,High,High,Expert,1,0,0,Level 2
4655,34,,,,,5,14867,85,2,9,1,1,3,3,95,,6,38,19,2,4,1,3,2,,,Normal,New,0,0,0,Level 3
4656,54,,,,,1,8125,24,20,3,8,3,1,1,53,,7,36,16,4,2,4,30,1,,High,Normal,,1,1,0,Level 2
4657,31,,,,,3,18492,44,22,11,1,1,4,4,84,,6,31,5,4,2,1,7,4,,,Low,,1,0,1,Level 4
4658,45,,,,,3,8093,41,17,7,7,3,5,1,33,,8,51,5,1,1,2,2,3,,High,High,,1,0,0,Level 2
4659,53,,,,,2,17848,44,1,13,2,1,2,1,71,,7,53,0,2,3,3,23,1,,,High,New,0,1,0,Level 4
4660,42,,,,,3,3082,93,23,11,8,2,2,1,26,,9,54,12,2,4,2,33,1,,Medium,High,,1,0,0,Level 1
4661,50,,,,,4,10966,16,6,13,9,2,2,2,42,,2,44,9,1,2,1,37,2,,Very High,Normal,Senior,1,1,0,Level 2
4662,39,,,,,3,16599,22,29,12,3,4,5,1,86,,3,47,13,4,1,4,34,3,,,High,,1,0,0,Level 4
4663,31,,,,,4,14064,31,16,3,7,3,3,4,15,,9,37,13,2,4,1,33,4,,,Normal,,1,0,1,Level 3
4664,42,,,,,5,17489,62,4,12,3,1,4,2,77,,4,58,12,1,3,2,28,2,,,High,Experienced,0,0,0,Level 4
4665,23,,,,,4,17895,78,5,11,2,2,5,4,24,,2,50,6,2,1,3,14,1,,,High,Experienced,1,0,1,Level 4
4666,42,,,,,1,14416,75,5,13,0,3,4,2,68,,5,59,13,1,1,2,17,3,,,High,Experienced,1,0,0,Level 3
4667,20,,,,,5,11885,27,9,5,3,1,4,1,2,,9,55,8,4,3,2,11,2,,Very High,High,Expert,1,0,0,Level 3
4668,44,,,,,4,7327,96,5,12,1,1,3,1,67,,2,51,4,2,1,1,44,1,,High,High,Experienced,1,0,0,Level 2
4669,21,,,,,5,14719,35,2,2,8,1,2,2,74,,5,46,2,2,4,3,32,1,,,High,New,0,0,0,Level 3
4670,49,,,,,1,17238,90,7,10,1,1,1,3,71,,4,37,4,1,4,1,39,2,,,Normal,Senior,1,0,0,Level 4
4671,22,,,,,5,13871,16,15,10,7,4,5,3,58,,4,46,8,2,2,4,19,2,,,High,,1,0,0,Level 3
4672,40,,,,,5,3863,98,26,3,9,3,5,1,96,,4,40,16,2,1,4,3,3,,Medium,Normal,,1,0,0,Level 1
4673,44,,,,,3,16935,37,25,10,9,1,5,4,60,,6,58,14,1,3,3,18,4,,,High,,1,0,1,Level 4
4674,39,,,,,2,12410,99,23,4,6,1,4,2,85,,9,46,3,3,3,4,13,3,,,High,,1,0,0,Level 3
4675,41,,,,,4,10361,30,8,10,5,2,3,4,14,,8,37,16,1,3,1,5,2,,Very High,Normal,Expert,1,0,1,Level 2
4676,40,,,,,2,18378,27,29,12,3,1,5,2,60,,7,40,1,3,3,2,12,3,,,Normal,,1,0,0,Level 4
4677,52,,,,,1,7806,18,26,12,2,1,4,1,11,,8,52,18,4,2,3,49,1,,High,High,,1,1,0,Level 2
4678,57,,,,,1,8383,16,3,6,9,4,3,3,62,,1,59,12,2,1,4,23,4,,High,High,New,0,1,0,Level 2
4679,34,,,,,5,16826,79,11,11,4,1,1,3,23,,3,50,1,2,4,3,19,2,,,High,Expert,1,0,0,Level 4
4680,34,,,,,2,12686,40,29,6,1,1,3,3,70,,9,51,8,1,2,3,18,3,,,High,,1,0,0,Level 3
4681,44,,,,,4,17574,44,25,13,1,3,2,4,23,,2,46,10,4,1,1,20,3,,,High,,1,0,1,Level 4
4682,40,,,,,4,5336,52,23,3,7,3,1,1,77,,6,55,13,4,3,3,14,1,,Medium,High,,1,0,0,Level 1
4683,43,,,,,5,19751,34,10,3,2,3,1,1,61,,8,33,9,3,1,4,39,4,,,Low,Expert,1,0,0,Level 4
4684,24,,,,,4,19795,39,4,9,6,2,1,3,12,,3,49,4,3,4,2,30,2,,,High,Experienced,0,0,0,Level 4
4685,25,,,,,3,11034,66,12,10,5,1,4,4,9,,2,58,18,1,4,1,23,1,,Very High,High,,1,0,1,Level 2
4686,42,,,,,2,19737,97,26,2,7,3,1,4,64,,2,43,7,4,4,2,16,1,,,Normal,,1,0,1,Level 4
4687,23,,,,,1,19712,24,13,4,2,3,4,1,4,,6,43,11,2,2,3,1,1,,,Normal,,1,0,0,Level 4
4688,46,,,,,4,12685,55,7,5,0,2,2,2,97,,8,32,16,3,2,3,13,3,,,Low,Senior,1,0,0,Level 3
4689,37,,,,,4,11155,95,19,8,5,2,1,4,46,,6,51,9,3,2,2,31,1,,Very High,High,,1,0,1,Level 2
4690,40,,,,,4,14021,75,27,8,5,1,5,4,7,,9,59,3,3,1,2,5,3,,,High,,1,0,1,Level 3
4691,47,,,,,5,4486,16,16,6,7,1,4,3,50,,6,50,15,1,4,4,49,2,,Medium,High,,1,0,0,Level 1
4692,54,,,,,1,10607,95,10,2,9,1,4,1,77,,6,51,14,1,4,2,43,1,,Very High,High,Expert,1,1,0,Level 2
4693,41,,,,,2,8367,21,7,10,2,3,3,2,36,,8,56,17,4,2,2,11,2,,High,High,Senior,1,0,0,Level 2
4694,59,,,,,4,6888,74,3,13,8,4,1,2,80,,4,39,5,2,2,4,15,4,,High,Normal,New,0,1,0,Level 1
4695,42,,,,,3,16482,75,2,10,5,4,1,4,42,,8,53,14,1,1,4,46,1,,,High,New,0,0,1,Level 4
4696,22,,,,,5,9892,94,1,1,0,2,3,3,85,,8,49,9,4,2,4,15,1,,Very High,High,New,0,0,0,Level 2
4697,59,,,,,2,7843,41,27,7,2,3,4,2,56,,2,36,12,3,1,3,49,2,,High,Normal,,1,1,0,Level 2
4698,29,,,,,4,9291,15,22,10,3,1,4,2,43,,5,59,15,3,2,2,31,3,,Very High,High,,1,0,0,Level 2
4699,44,,,,,2,5668,41,16,1,2,3,3,1,64,,3,45,10,2,3,3,5,3,,Medium,Normal,,1,0,0,Level 1
4700,27,,,,,5,7238,94,13,11,5,2,2,2,48,,3,54,14,1,1,1,7,4,,High,High,,1,0,0,Level 2
4701,30,,,,,3,7166,74,3,3,6,3,4,3,38,,6,32,14,1,2,1,21,2,,High,Low,New,0,0,0,Level 1
4702,24,,,,,4,17240,67,26,9,1,1,1,4,75,,3,36,2,1,3,4,44,3,,,Normal,,1,0,1,Level 4
4703,56,,,,,3,3637,50,28,6,5,1,2,4,29,,8,59,1,1,1,1,24,3,,Medium,High,,1,1,1,Level 1
4704,57,,,,,5,5641,94,27,8,3,1,5,3,92,,5,54,4,2,4,1,1,3,,Medium,High,,1,1,0,Level 1
4705,48,,,,,3,15177,38,14,14,0,1,3,1,79,,2,56,10,3,4,1,47,3,,,High,,1,0,0,Level 3
4706,24,,,,,5,14138,49,18,12,1,2,4,1,65,,5,30,18,2,2,2,29,1,,,Low,,1,0,0,Level 3
4707,28,,,,,3,11962,47,11,9,4,2,4,4,50,,7,57,8,2,4,4,49,2,,Very High,High,Expert,1,0,1,Level 3
4708,21,,,,,2,8802,31,19,7,8,4,3,1,78,,9,59,15,3,4,4,24,2,,High,High,,1,0,0,Level 2
4709,20,,,,,2,10638,83,24,8,4,1,4,3,45,,1,42,5,2,1,2,48,3,,Very High,Normal,,1,0,0,Level 2
4710,59,,,,,5,17990,49,3,4,7,2,4,1,7,,6,49,8,2,4,3,5,3,,,High,New,0,1,0,Level 4
4711,49,,,,,2,6710,97,20,5,9,4,1,3,5,,3,37,14,3,3,4,23,3,,High,Normal,,1,0,0,Level 1
4712,30,,,,,3,19441,61,2,13,1,1,1,3,58,,3,37,5,3,2,1,22,1,,,Normal,New,0,0,0,Level 4
4713,47,,,,,3,19465,73,24,7,4,4,4,1,4,,9,32,5,4,1,1,1,2,,,Low,,1,0,0,Level 4
4714,31,,,,,4,8989,75,6,9,0,3,4,2,77,,9,41,6,1,2,4,28,4,,High,Normal,Senior,1,0,0,Level 2
4715,58,,,,,5,9507,36,25,8,1,3,4,1,67,,5,50,0,4,4,3,38,2,,Very High,High,,1,1,0,Level 2
4716,45,,,,,2,8165,41,24,7,2,3,4,3,2,,8,42,8,4,3,4,6,4,,High,Normal,,1,0,0,Level 2
4717,32,,,,,5,17804,86,29,4,7,4,2,4,31,,7,51,15,3,1,4,32,3,,,High,,1,0,1,Level 4
4718,27,,,,,2,6706,29,4,11,9,2,1,4,87,,1,59,12,3,3,4,13,4,,High,High,Experienced,0,0,1,Level 1
4719,47,,,,,4,7114,50,29,1,2,1,4,4,61,,4,59,16,1,4,2,1,1,,High,High,,1,0,1,Level 1
4720,49,,,,,3,5317,71,13,1,3,3,4,2,87,,4,46,8,2,2,2,46,3,,Medium,High,,1,0,0,Level 1
4721,28,,,,,3,7672,90,8,12,3,2,1,1,29,,5,55,0,1,3,1,14,3,,High,High,Expert,1,0,0,Level 2
4722,58,,,,,1,17323,55,15,5,8,2,5,2,48,,3,43,16,1,3,3,37,1,,,Normal,,1,1,0,Level 4
4723,50,,,,,5,14103,59,1,14,3,2,4,3,11,,6,31,19,4,1,4,38,3,,,Low,New,0,1,0,Level 3
4724,40,,,,,2,17750,57,27,7,8,4,3,1,88,,6,48,16,1,1,4,9,2,,,High,,1,0,0,Level 4
4725,53,,,,,1,16976,26,25,11,7,2,2,1,49,,2,56,11,4,2,3,34,3,,,High,,1,1,0,Level 4
4726,50,,,,,5,6814,82,16,12,3,1,5,4,81,,7,36,8,4,3,1,43,4,,High,Normal,,1,1,1,Level 1
4727,44,,,,,2,17351,81,21,8,2,2,5,2,17,,4,47,3,3,3,2,20,4,,,High,,1,0,0,Level 4
4728,31,,,,,4,7715,18,20,7,1,2,1,1,92,,4,56,8,2,1,1,48,1,,High,High,,1,0,0,Level 2
4729,20,,,,,5,9646,79,5,4,7,1,2,4,46,,1,50,0,3,4,4,33,2,,Very High,High,Experienced,1,0,1,Level 2
4730,41,,,,,2,18754,19,13,11,7,1,3,2,62,,6,39,0,3,1,4,45,1,,,Normal,,1,0,0,Level 4
4731,59,,,,,3,13091,16,17,14,0,3,2,2,43,,5,38,10,4,2,2,21,3,,,Normal,,1,1,0,Level 3
4732,56,,,,,5,11632,60,2,7,6,4,5,3,20,,3,41,7,3,4,3,26,4,,Very High,Normal,New,0,1,0,Level 3
4733,20,,,,,2,19964,89,13,6,7,1,5,1,47,,4,46,2,3,3,4,39,4,,,High,,1,0,0,Level 4
4734,20,,,,,3,3375,23,2,8,6,2,2,2,65,,5,37,4,2,3,2,9,1,,Medium,Normal,New,0,0,0,Level 1
4735,40,,,,,3,8577,22,11,9,2,3,1,2,31,,7,53,19,4,1,2,6,1,,High,High,Expert,1,0,0,Level 2
4736,34,,,,,1,6801,72,29,1,3,1,1,2,93,,6,42,7,3,4,1,29,4,,High,Normal,,1,0,0,Level 1
4737,36,,,,,2,18447,77,15,2,4,1,5,2,44,,7,53,2,4,4,1,36,4,,,High,,1,0,0,Level 4
4738,41,,,,,1,9489,75,9,8,0,3,3,3,50,,9,50,8,2,3,4,39,4,,Very High,High,Expert,1,0,0,Level 2
4739,57,,,,,1,3728,29,22,7,9,4,5,1,52,,6,57,5,2,4,2,19,1,,Medium,High,,1,1,0,Level 1
4740,54,,,,,4,13629,87,19,7,2,1,2,1,27,,4,38,3,3,3,1,44,4,,,Normal,,1,1,0,Level 3
4741,35,,,,,1,7275,56,4,3,5,3,4,3,88,,4,34,3,1,4,1,28,2,,High,Low,Experienced,0,0,0,Level 2
4742,27,,,,,1,5423,64,29,7,2,2,4,1,61,,5,43,7,1,2,3,35,2,,Medium,Normal,,1,0,0,Level 1
4743,36,,,,,4,13160,65,17,4,4,1,3,3,28,,1,41,3,4,4,4,39,4,,,Normal,,1,0,0,Level 3
4744,36,,,,,4,9633,39,15,10,3,2,3,4,60,,7,51,1,3,1,4,3,3,,Very High,High,,1,0,1,Level 2
4745,45,,,,,5,5247,36,7,10,1,3,3,1,7,,4,38,2,1,1,2,37,4,,Medium,Normal,Senior,1,0,0,Level 1
4746,32,,,,,1,14048,36,23,2,3,4,1,4,45,,1,35,14,2,4,2,14,3,,,Low,,1,0,1,Level 3
4747,36,,,,,3,8574,88,13,1,3,1,5,2,30,,9,58,9,4,1,1,15,2,,High,High,,1,0,0,Level 2
4748,57,,,,,4,8993,83,8,8,2,4,2,3,65,,8,55,15,2,1,1,27,3,,High,High,Expert,1,1,0,Level 2
4749,36,,,,,2,4912,83,1,5,7,1,5,1,61,,9,41,1,3,2,2,30,3,,Medium,Normal,New,0,0,0,Level 1
4750,33,,,,,5,12886,80,9,10,5,4,2,2,17,,8,51,13,3,2,1,21,4,,,High,Expert,1,0,0,Level 3
4751,25,,,,,5,7531,78,18,4,0,2,4,4,54,,4,45,1,2,3,4,23,3,,High,Normal,,1,0,1,Level 2
4752,54,,,,,1,4737,36,29,14,8,3,5,3,84,,7,31,17,2,4,2,9,4,,Medium,Low,,1,1,0,Level 1
4753,33,,,,,3,8697,27,17,9,2,4,2,2,36,,1,41,8,1,4,2,7,4,,High,Normal,,1,0,0,Level 2
4754,27,,,,,4,3045,41,17,14,3,1,2,4,85,,5,58,10,3,4,3,45,1,,Medium,High,,1,0,1,Level 1
4755,34,,,,,2,10019,61,8,13,9,4,4,3,29,,9,50,0,4,2,2,34,3,,Very High,High,Expert,1,0,0,Level 2
4756,46,,,,,1,8891,35,3,5,9,2,5,3,82,,8,31,0,3,2,2,1,3,,High,Low,New,0,0,0,Level 2
4757,32,,,,,3,4941,45,29,10,6,2,5,4,20,,9,37,11,1,1,2,24,2,,Medium,Normal,,1,0,1,Level 1
4758,50,,,,,1,14657,93,22,2,4,1,1,3,77,,2,33,17,1,3,1,17,3,,,Low,,1,1,0,Level 3
4759,54,,,,,1,12470,52,22,9,3,1,5,2,12,,6,32,11,1,1,4,49,2,,,Low,,1,1,0,Level 3
4760,25,,,,,5,6919,53,11,10,1,4,4,1,98,,2,54,14,2,1,3,1,3,,High,High,Expert,1,0,0,Level 1
4761,24,,,,,2,9058,50,2,7,4,3,2,4,18,,6,46,15,3,4,3,4,4,,Very High,High,New,0,0,1,Level 2
4762,41,,,,,2,17981,79,2,9,7,4,4,4,3,,4,46,5,4,4,2,30,4,,,High,New,0,0,1,Level 4
4763,42,,,,,2,15440,25,16,5,1,1,4,1,20,,5,38,5,4,2,2,35,3,,,Normal,,1,0,0,Level 3
4764,44,,,,,2,6838,83,17,7,0,3,4,3,23,,5,34,6,1,4,2,34,3,,High,Low,,1,0,0,Level 1
4765,53,,,,,4,14011,48,9,8,5,3,5,3,44,,7,57,17,2,3,1,42,3,,,High,Expert,1,1,0,Level 3
4766,45,,,,,4,17575,19,1,12,0,3,3,1,12,,5,47,4,2,3,2,47,1,,,High,New,0,0,0,Level 4
4767,24,,,,,2,18819,34,29,4,8,3,4,1,21,,1,43,6,1,2,3,10,4,,,Normal,,1,0,0,Level 4
4768,45,,,,,3,5650,77,29,8,7,1,2,4,86,,6,52,18,3,1,2,35,1,,Medium,High,,1,0,1,Level 1
4769,39,,,,,4,11431,59,22,7,3,1,1,1,48,,9,45,19,4,1,3,48,1,,Very High,Normal,,1,0,0,Level 3
4770,25,,,,,4,6254,56,12,3,6,3,5,3,47,,7,31,12,3,4,3,22,2,,High,Low,,1,0,0,Level 1
4771,25,,,,,3,9402,27,25,14,9,3,3,1,16,,5,37,3,4,2,4,19,1,,Very High,Normal,,1,0,0,Level 2
4772,37,,,,,2,11691,23,6,11,3,1,3,1,19,,7,50,10,2,3,2,31,4,,Very High,High,Senior,1,0,0,Level 3
4773,23,,,,,1,15061,19,11,11,5,3,4,2,31,,4,58,11,1,3,3,30,3,,,High,Expert,1,0,0,Level 3
4774,36,,,,,4,7392,52,6,8,9,1,2,3,49,,7,30,1,1,2,4,2,4,,High,Low,Senior,1,0,0,Level 2
4775,33,,,,,1,16370,63,20,4,6,1,1,1,61,,7,40,11,3,1,1,37,1,,,Normal,,1,0,0,Level 4
4776,33,,,,,1,10719,42,5,2,8,1,3,2,14,,7,43,18,3,2,1,33,4,,Very High,Normal,Experienced,1,0,0,Level 2
4777,32,,,,,3,14820,57,13,9,1,2,5,2,41,,9,45,1,4,3,1,14,2,,,Normal,,1,0,0,Level 3
4778,26,,,,,2,12621,84,1,8,9,4,2,3,10,,1,54,7,1,3,3,25,1,,,High,New,0,0,0,Level 3
4779,34,,,,,1,11718,55,16,4,7,4,5,4,36,,4,34,12,2,3,1,16,2,,Very High,Low,,1,0,1,Level 3
4780,38,,,,,2,4808,58,19,3,8,1,4,4,67,,1,59,17,2,3,1,26,3,,Medium,High,,1,0,1,Level 1
4781,54,,,,,5,12402,43,11,3,3,4,1,1,37,,9,37,3,4,2,2,36,3,,,Normal,Expert,1,1,0,Level 3
4782,36,,,,,2,11175,82,22,6,7,3,5,1,80,,7,39,17,3,1,3,21,4,,Very High,Normal,,1,0,0,Level 2
4783,54,,,,,3,12240,96,2,2,9,2,1,3,60,,6,57,14,4,2,4,14,1,,,High,New,0,1,0,Level 3
4784,38,,,,,3,18026,93,1,11,4,3,5,4,60,,1,46,13,3,2,1,12,3,,,High,New,0,0,1,Level 4
4785,39,,,,,5,7668,39,13,3,8,4,3,2,92,,1,48,14,1,1,4,41,3,,High,High,,1,0,0,Level 2
4786,55,,,,,3,19300,82,17,1,1,1,3,3,14,,6,53,15,1,3,1,28,2,,,High,,1,1,0,Level 4
4787,54,,,,,2,12346,28,14,10,0,2,4,4,27,,3,46,7,3,4,2,38,4,,,High,,1,1,1,Level 3
4788,51,,,,,2,14230,73,17,5,9,4,2,2,86,,1,56,18,2,1,1,20,2,,,High,,1,1,0,Level 3
4789,59,,,,,2,17839,76,26,13,5,4,1,1,66,,3,30,16,2,3,2,30,1,,,Low,,1,1,0,Level 4
4790,43,,,,,3,13477,31,10,3,3,4,2,3,20,,4,51,15,2,3,4,30,2,,,High,Expert,1,0,0,Level 3
4791,36,,,,,2,5239,33,28,11,5,2,2,3,28,,3,56,4,3,2,3,45,1,,Medium,High,,1,0,0,Level 1
4792,26,,,,,4,14370,43,17,7,6,3,2,1,60,,6,39,0,2,1,2,20,3,,,Normal,,1,0,0,Level 3
4793,20,,,,,5,19812,92,13,9,8,3,2,4,15,,6,59,12,3,2,3,28,4,,,High,,1,0,1,Level 4
4794,54,,,,,4,13476,80,6,5,0,4,2,2,42,,5,44,14,2,1,3,8,3,,,Normal,Senior,1,1,0,Level 3
4795,51,,,,,2,17484,59,26,2,2,4,5,2,23,,5,57,8,3,4,1,10,4,,,High,,1,1,0,Level 4
4796,55,,,,,3,6866,85,4,2,1,1,2,4,95,,5,45,9,1,1,1,26,4,,High,Normal,Experienced,0,1,1,Level 1
4797,32,,,,,5,3850,42,4,12,4,2,1,3,30,,1,35,17,4,4,2,46,4,,Medium,Low,Experienced,0,0,0,Level 1
4798,25,,,,,4,13851,73,14,14,9,1,3,4,97,,5,31,3,2,2,4,4,4,,,Low,,1,0,1,Level 3
4799,33,,,,,2,16231,68,4,4,7,2,2,4,84,,7,30,9,4,1,1,4,3,,,Low,Experienced,0,0,1,Level 4
4800,56,,,,,3,5144,22,24,10,4,4,4,4,12,,3,37,4,2,1,1,33,2,,Medium,Normal,,1,1,1,Level 1
4801,34,,,,,2,9550,24,23,12,7,2,1,2,24,,3,33,6,1,4,3,22,1,,Very High,Low,,1,0,0,Level 2
4802,23,,,,,4,13764,35,5,14,2,4,5,2,5,,9,40,17,2,4,1,24,1,,,Normal,Experienced,1,0,0,Level 3
4803,59,,,,,4,8342,49,14,14,9,4,3,1,85,,9,39,1,1,1,4,40,2,,High,Normal,,1,1,0,Level 2
4804,35,,,,,5,11594,18,15,9,0,3,3,2,78,,9,49,2,1,1,4,47,1,,Very High,High,,1,0,0,Level 3
4805,47,,,,,3,6657,67,23,11,3,4,3,1,42,,7,52,0,3,4,3,40,1,,High,High,,1,0,0,Level 1
4806,35,,,,,1,12993,99,8,2,2,4,4,2,81,,3,38,17,3,1,2,30,3,,,Normal,Expert,1,0,0,Level 3
4807,23,,,,,2,3183,39,26,5,7,4,2,1,94,,6,41,6,1,2,2,20,3,,Medium,Normal,,1,0,0,Level 1
4808,45,,,,,3,16182,34,24,13,7,3,5,4,50,,7,43,13,3,1,2,45,1,,,Normal,,1,0,1,Level 4
4809,47,,,,,1,18745,85,11,7,7,2,5,3,74,,7,34,5,1,1,3,47,4,,,Low,Expert,1,0,0,Level 4
4810,51,,,,,3,4516,85,7,10,2,2,5,4,88,,1,32,1,3,2,1,38,4,,Medium,Low,Senior,1,1,1,Level 1
4811,21,,,,,2,7156,36,23,12,7,2,2,3,40,,7,40,3,3,2,4,2,1,,High,Normal,,1,0,0,Level 1
4812,50,,,,,2,8085,63,13,4,5,4,5,4,88,,9,57,10,2,2,3,39,4,,High,High,,1,1,1,Level 2
4813,22,,,,,5,6693,20,14,7,7,1,5,3,81,,9,39,4,2,4,3,17,3,,High,Normal,,1,0,0,Level 1
4814,27,,,,,4,15433,65,9,7,8,2,3,2,34,,1,41,8,2,1,3,36,4,,,Normal,Expert,1,0,0,Level 3
4815,43,,,,,4,15470,41,27,2,0,3,2,3,43,,3,33,17,4,2,4,38,2,,,Low,,1,0,0,Level 3
4816,34,,,,,4,15140,32,15,2,0,2,1,3,13,,6,30,2,3,1,1,18,3,,,Low,,1,0,0,Level 3
4817,50,,,,,5,15946,26,21,2,3,4,1,1,55,,1,37,0,4,3,3,24,3,,,Normal,,1,1,0,Level 4
4818,28,,,,,4,5791,42,8,9,0,3,1,4,83,,5,36,10,4,1,2,4,3,,Medium,Normal,Expert,1,0,1,Level 1
4819,58,,,,,3,3995,33,2,13,8,4,4,1,57,,7,45,2,4,2,4,28,4,,Medium,Normal,New,0,1,0,Level 1
4820,21,,,,,4,5856,57,12,1,8,1,3,3,42,,7,49,18,2,2,1,27,4,,Medium,High,,1,0,0,Level 1
4821,27,,,,,4,10073,95,16,6,6,1,5,3,58,,3,32,9,2,2,4,14,4,,Very High,Low,,1,0,0,Level 2
4822,26,,,,,2,12084,29,29,7,1,1,3,2,54,,5,54,5,4,2,2,9,1,,,High,,1,0,0,Level 3
4823,58,,,,,5,9179,83,8,9,3,1,2,2,36,,5,57,9,3,3,3,4,4,,Very High,High,Expert,1,1,0,Level 2
4824,35,,,,,5,3170,50,1,3,3,2,2,4,33,,8,57,11,2,4,3,10,2,,Medium,High,New,0,0,1,Level 1
4825,54,,,,,4,3738,99,25,9,9,3,3,4,45,,1,40,13,2,3,1,15,2,,Medium,Normal,,1,1,1,Level 1
4826,49,,,,,1,17933,56,17,7,4,4,2,4,47,,4,36,15,3,2,1,3,4,,,Normal,,1,0,1,Level 4
4827,29,,,,,2,4287,59,24,14,4,4,3,2,89,,9,45,6,1,2,1,40,3,,Medium,Normal,,1,0,0,Level 1
4828,57,,,,,4,9081,44,19,5,7,4,3,2,39,,7,46,9,3,4,3,34,2,,Very High,High,,1,1,0,Level 2
4829,37,,,,,1,15435,53,20,12,2,3,3,1,19,,4,50,7,4,2,4,7,2,,,High,,1,0,0,Level 3
4830,24,,,,,3,7036,60,29,5,6,1,1,4,41,,3,57,18,1,4,3,36,3,,High,High,,1,0,1,Level 1
4831,48,,,,,2,7536,72,27,7,0,3,5,4,71,,8,58,0,2,4,1,24,2,,High,High,,1,0,1,Level 2
4832,58,,,,,5,13461,44,13,10,0,1,2,2,63,,2,40,13,4,4,1,35,3,,,Normal,,1,1,0,Level 3
4833,53,,,,,1,11849,70,26,6,2,3,5,3,22,,2,47,17,3,3,4,12,4,,Very High,High,,1,1,0,Level 3
4834,42,,,,,4,8334,99,23,8,0,1,5,4,50,,4,55,3,3,4,1,31,1,,High,High,,1,0,1,Level 2
4835,24,,,,,1,11767,68,15,10,0,3,3,1,98,,8,41,3,4,3,2,34,3,,Very High,Normal,,1,0,0,Level 3
4836,49,,,,,5,11491,51,26,10,2,2,5,1,11,,8,49,12,4,1,3,29,4,,Very High,High,,1,0,0,Level 3
4837,25,,,,,3,4892,36,13,9,8,2,3,4,50,,3,40,4,3,2,3,42,4,,Medium,Normal,,1,0,1,Level 1
4838,23,,,,,1,8481,38,3,6,4,2,2,2,2,,7,30,9,2,1,3,46,2,,High,Low,New,0,0,0,Level 2
4839,48,,,,,4,19607,83,16,3,3,2,4,2,6,,2,57,4,1,2,3,17,3,,,High,,1,0,0,Level 4
4840,42,,,,,1,9720,47,9,12,6,1,5,4,36,,3,52,8,3,1,1,8,3,,Very High,High,Expert,1,0,1,Level 2
4841,25,,,,,3,10654,31,19,9,1,3,5,1,19,,3,43,3,3,3,1,36,3,,Very High,Normal,,1,0,0,Level 2
4842,51,,,,,1,6648,76,8,2,5,3,5,3,87,,6,47,9,3,3,4,11,3,,High,High,Expert,1,1,0,Level 1
4843,37,,,,,3,16685,26,8,5,9,4,3,3,57,,8,32,9,1,3,3,38,1,,,Low,Expert,1,0,0,Level 4
4844,34,,,,,3,8227,44,14,10,0,4,1,4,88,,6,43,11,2,4,3,30,4,,High,Normal,,1,0,1,Level 2
4845,59,,,,,2,17758,27,19,13,3,2,3,4,18,,6,36,7,1,4,3,27,2,,,Normal,,1,1,1,Level 4
4846,51,,,,,2,8511,20,13,4,5,4,3,3,26,,4,54,7,1,2,3,6,4,,High,High,,1,1,0,Level 2
4847,28,,,,,4,13050,81,3,2,9,2,3,2,76,,4,32,1,1,2,4,41,3,,,Low,New,0,0,0,Level 3
4848,56,,,,,4,10393,25,26,14,3,4,2,4,85,,4,59,5,2,3,2,23,3,,Very High,High,,1,1,1,Level 2
4849,29,,,,,4,14736,74,5,6,6,2,2,3,35,,9,37,11,3,4,3,44,4,,,Normal,Experienced,1,0,0,Level 3
4850,39,,,,,3,17676,24,8,12,2,3,4,3,59,,5,49,8,1,3,3,27,1,,,High,Expert,1,0,0,Level 4
4851,25,,,,,3,4464,89,6,10,2,1,5,4,22,,9,55,7,4,4,3,25,3,,Medium,High,Senior,1,0,1,Level 1
4852,22,,,,,2,15837,30,5,7,9,2,4,1,83,,8,36,9,4,3,1,17,1,,,Normal,Experienced,1,0,0,Level 4
4853,30,,,,,3,13276,98,21,2,7,4,1,4,29,,5,40,16,2,3,1,22,2,,,Normal,,1,0,1,Level 3
4854,36,,,,,2,6705,56,27,13,1,4,2,2,82,,6,31,0,2,1,1,45,3,,High,Low,,1,0,0,Level 1
4855,51,,,,,1,17095,58,12,3,0,4,3,4,90,,4,36,2,1,2,3,49,1,,,Normal,,1,1,1,Level 4
4856,23,,,,,4,9912,33,6,14,4,2,2,3,38,,2,57,11,4,3,3,22,4,,Very High,High,Senior,1,0,0,Level 2
4857,23,,,,,4,3435,87,8,5,6,3,2,3,65,,6,36,13,3,4,1,40,4,,Medium,Normal,Expert,1,0,0,Level 1
4858,36,,,,,5,13532,29,22,9,3,1,1,2,33,,1,32,9,2,4,1,46,4,,,Low,,1,0,0,Level 3
4859,38,,,,,2,7396,99,23,7,7,4,1,4,8,,1,54,3,4,1,4,49,1,,High,High,,1,0,1,Level 2
4860,24,,,,,5,19013,53,25,12,0,4,5,3,84,,5,49,15,1,3,1,44,4,,,High,,1,0,0,Level 4
4861,51,,,,,4,16650,19,7,12,4,2,2,4,83,,2,39,1,1,4,1,25,1,,,Normal,Senior,1,1,1,Level 4
4862,41,,,,,5,10122,45,14,3,1,1,1,1,71,,2,57,2,2,3,2,27,1,,Very High,High,,1,0,0,Level 2
4863,25,,,,,1,15203,93,9,10,2,2,4,3,49,,6,52,12,3,4,4,12,3,,,High,Expert,1,0,0,Level 3
4864,54,,,,,5,12238,42,26,4,5,3,2,3,84,,9,46,9,2,4,4,6,3,,,High,,1,1,0,Level 3
4865,41,,,,,1,18184,52,29,7,1,1,3,3,79,,4,35,6,1,4,4,49,1,,,Low,,1,0,0,Level 4
4866,20,,,,,4,4418,66,17,11,7,3,5,1,0,,6,42,19,3,4,4,16,1,,Medium,Normal,,1,0,0,Level 1
4867,39,,,,,3,17768,29,19,1,3,2,2,4,1,,1,42,12,2,2,3,47,1,,,Normal,,1,0,1,Level 4
4868,41,,,,,2,14213,33,6,4,9,3,5,1,68,,6,33,7,3,4,3,21,1,,,Low,Senior,1,0,0,Level 3
4869,30,,,,,5,11761,49,19,1,6,2,5,3,34,,1,32,9,2,1,4,32,3,,Very High,Low,,1,0,0,Level 3
4870,32,,,,,1,10160,96,27,14,4,4,1,3,73,,2,50,18,1,2,4,26,3,,Very High,High,,1,0,0,Level 2
4871,22,,,,,4,11220,88,18,5,6,4,1,3,44,,9,52,4,2,3,1,21,1,,Very High,High,,1,0,0,Level 2
4872,28,,,,,4,10643,29,21,12,6,4,2,1,9,,4,49,4,3,4,4,6,4,,Very High,High,,1,0,0,Level 2
4873,31,,,,,3,14698,61,1,12,9,2,5,1,62,,8,35,1,3,4,3,38,1,,,Low,New,0,0,0,Level 3
4874,42,,,,,4,14396,70,5,2,1,2,4,4,25,,4,49,16,3,4,4,34,3,,,High,Experienced,1,0,1,Level 3
4875,33,,,,,4,15402,34,13,9,5,2,1,4,78,,1,54,1,4,1,3,17,4,,,High,,1,0,1,Level 3
4876,52,,,,,3,17972,89,11,13,7,3,1,2,2,,4,54,10,1,1,4,18,1,,,High,Expert,1,1,0,Level 4
4877,37,,,,,4,9418,23,24,3,7,4,1,3,78,,8,49,5,2,2,4,17,4,,Very High,High,,1,0,0,Level 2
4878,28,,,,,1,9487,19,9,5,8,2,1,4,45,,4,38,6,2,1,4,11,2,,Very High,Normal,Expert,1,0,1,Level 2
4879,42,,,,,5,7775,25,10,12,4,4,5,3,38,,4,38,15,3,3,1,41,4,,High,Normal,Expert,1,0,0,Level 2
4880,29,,,,,5,4985,16,29,8,9,4,4,1,79,,5,40,17,1,2,3,1,1,,Medium,Normal,,1,0,0,Level 1
4881,38,,,,,1,7816,66,22,14,2,2,1,2,49,,4,40,5,2,2,2,25,4,,High,Normal,,1,0,0,Level 2
4882,24,,,,,5,15223,34,20,8,4,2,4,3,59,,6,33,17,2,1,1,45,1,,,Low,,1,0,0,Level 3
4883,42,,,,,4,10205,35,19,9,5,3,5,3,86,,9,35,18,1,1,4,47,2,,Very High,Low,,1,0,0,Level 2
4884,49,,,,,5,3170,65,24,12,8,3,3,4,18,,3,47,0,1,3,1,15,1,,Medium,High,,1,0,1,Level 1
4885,44,,,,,5,6244,44,28,3,8,4,3,2,9,,1,35,17,2,2,1,35,1,,High,Low,,1,0,0,Level 1
4886,47,,,,,4,18558,62,2,3,3,2,3,2,3,,8,40,5,1,4,3,12,4,,,Normal,New,0,0,0,Level 4
4887,53,,,,,5,8975,15,8,4,9,2,2,1,96,,4,53,7,1,1,3,41,3,,High,High,Expert,1,1,0,Level 2
4888,44,,,,,4,10769,49,23,6,4,2,4,1,38,,9,46,11,3,1,2,22,3,,Very High,High,,1,0,0,Level 2
4889,29,,,,,3,11989,40,18,7,7,4,5,3,76,,5,53,4,3,2,3,48,4,,Very High,High,,1,0,0,Level 3
4890,33,,,,,3,16739,23,18,12,8,2,2,4,74,,1,40,10,3,4,3,23,2,,,Normal,,1,0,1,Level 4
4891,49,,,,,5,9019,54,2,12,0,3,3,2,42,,6,40,12,4,4,2,45,3,,Very High,Normal,New,0,0,0,Level 2
4892,44,,,,,3,15932,35,15,1,2,1,3,4,71,,8,55,17,4,2,3,2,1,,,High,,1,0,1,Level 4
4893,33,,,,,5,3321,94,17,2,3,1,3,2,92,,8,47,14,2,2,3,48,4,,Medium,High,,1,0,0,Level 1
4894,54,,,,,3,12260,26,23,3,8,3,5,1,97,,9,59,10,2,4,4,45,1,,,High,,1,1,0,Level 3
4895,53,,,,,5,11515,51,24,1,0,1,3,3,36,,8,40,4,1,2,1,44,2,,Very High,Normal,,1,1,0,Level 3
4896,29,,,,,2,8338,85,23,3,9,3,4,2,84,,8,54,12,1,1,4,5,4,,High,High,,1,0,0,Level 2
4897,54,,,,,1,13286,38,15,4,7,4,3,3,17,,1,59,18,4,2,4,35,3,,,High,,1,1,0,Level 3
4898,30,,,,,3,11836,64,20,11,1,1,2,1,28,,2,36,12,3,2,4,28,3,,Very High,Normal,,1,0,0,Level 3
4899,30,,,,,4,6844,68,27,14,0,4,3,3,93,,5,34,13,4,3,3,1,2,,High,Low,,1,0,0,Level 1
4900,40,,,,,1,12903,98,15,6,9,4,2,1,45,,8,55,2,1,1,2,17,2,,,High,,1,0,0,Level 3
4901,40,,,,,5,13872,42,28,14,6,3,1,4,49,,1,35,8,4,2,2,22,4,,,Low,,1,0,1,Level 3
4902,41,,,,,1,11494,18,25,5,3,4,5,3,16,,7,43,5,4,1,1,48,3,,Very High,Normal,,1,0,0,Level 3
4903,26,,,,,4,6261,26,13,11,1,1,4,2,22,,7,49,15,3,2,2,2,2,,High,High,,1,0,0,Level 1
4904,36,,,,,4,17234,81,18,6,3,1,3,3,5,,1,48,16,2,4,3,1,3,,,High,,1,0,0,Level 4
4905,21,,,,,5,13816,51,21,13,9,3,3,4,90,,7,30,6,4,3,4,37,1,,,Low,,1,0,1,Level 3
4906,31,,,,,3,16151,18,15,9,1,4,3,4,34,,6,36,9,4,2,1,29,3,,,Normal,,1,0,1,Level 4
4907,37,,,,,3,3335,29,18,1,3,2,3,2,36,,4,43,4,1,2,1,16,4,,Medium,Normal,,1,0,0,Level 1
4908,30,,,,,2,4852,42,19,14,1,4,2,2,88,,9,41,15,3,3,4,47,3,,Medium,Normal,,1,0,0,Level 1
4909,35,,,,,4,7755,51,18,13,6,1,5,2,48,,4,48,8,3,3,3,24,3,,High,High,,1,0,0,Level 2
4910,37,,,,,2,5000,23,24,3,2,1,2,1,2,,2,46,17,1,2,1,45,4,,Medium,High,,1,0,0,Level 1
4911,54,,,,,4,15899,28,15,14,6,1,3,2,39,,4,53,19,2,2,2,34,3,,,High,,1,1,0,Level 4
4912,45,,,,,2,8238,81,10,8,1,4,2,3,59,,4,36,6,1,4,2,44,1,,High,Normal,Expert,1,0,0,Level 2
4913,35,,,,,3,10788,96,29,9,3,2,3,1,34,,9,47,5,3,1,2,47,1,,Very High,High,,1,0,0,Level 2
4914,25,,,,,4,8132,64,22,11,6,1,1,2,39,,7,41,14,4,2,1,7,1,,High,Normal,,1,0,0,Level 2
4915,31,,,,,3,3749,92,21,2,5,4,2,2,58,,5,44,19,3,4,3,18,3,,Medium,Normal,,1,0,0,Level 1
4916,32,,,,,1,13935,39,21,14,2,3,5,1,3,,7,38,2,2,3,2,11,4,,,Normal,,1,0,0,Level 3
4917,23,,,,,3,19049,53,16,10,7,4,1,1,40,,4,38,3,2,4,4,23,2,,,Normal,,1,0,0,Level 4
4918,58,,,,,4,12491,40,9,14,8,1,4,2,54,,6,46,7,3,2,2,44,4,,,High,Expert,1,1,0,Level 3
4919,21,,,,,1,11495,74,2,5,3,1,2,1,4,,1,37,8,2,4,3,13,4,,Very High,Normal,New,0,0,0,Level 3
4920,45,,,,,2,5915,66,13,13,8,1,2,2,64,,4,32,17,3,3,2,14,2,,Medium,Low,,1,0,0,Level 1
4921,46,,,,,5,8956,84,1,3,2,1,4,2,30,,6,49,4,3,4,1,18,3,,High,High,New,0,0,0,Level 2
4922,46,,,,,4,10579,40,22,10,1,1,5,2,59,,4,43,8,3,1,1,2,4,,Very High,Normal,,1,0,0,Level 2
4923,34,,,,,5,11227,62,24,2,7,4,1,4,42,,6,40,18,3,1,3,45,2,,Very High,Normal,,1,0,1,Level 2
4924,27,,,,,5,15709,68,8,13,9,4,4,1,8,,5,45,13,4,3,1,48,2,,,Normal,Expert,1,0,0,Level 4
4925,26,,,,,1,13577,55,6,12,5,2,5,3,90,,4,41,10,4,1,4,2,4,,,Normal,Senior,1,0,0,Level 3
4926,59,,,,,2,18872,15,19,11,7,4,1,4,57,,4,50,18,2,1,1,4,3,,,High,,1,1,1,Level 4
4927,31,,,,,3,3080,35,19,11,2,1,5,4,15,,4,48,14,3,4,1,17,2,,Medium,High,,1,0,1,Level 1
4928,32,,,,,1,12694,92,2,9,7,4,5,3,69,,9,33,17,1,1,3,14,4,,,Low,New,0,0,0,Level 3
4929,36,,,,,2,15707,86,29,5,9,4,3,4,87,,9,47,14,3,2,1,22,4,,,High,,1,0,1,Level 4
4930,36,,,,,3,12922,39,18,9,9,2,2,1,88,,1,46,9,3,2,1,16,2,,,High,,1,0,0,Level 3
4931,55,,,,,3,5042,32,18,12,1,1,1,1,33,,8,48,7,3,1,2,9,1,,Medium,High,,1,1,0,Level 1
4932,40,,,,,2,14868,29,23,1,6,2,3,3,34,,4,58,14,1,2,2,15,2,,,High,,1,0,0,Level 3
4933,27,,,,,3,6560,56,15,4,1,1,1,1,84,,4,43,10,3,1,4,33,2,,High,Normal,,1,0,0,Level 1
4934,24,,,,,4,10793,34,26,1,1,1,3,4,95,,1,52,4,4,3,3,3,1,,Very High,High,,1,0,1,Level 2
4935,45,,,,,4,13074,30,25,5,4,3,1,4,76,,9,59,2,2,2,2,4,2,,,High,,1,0,1,Level 3
4936,35,,,,,1,19665,21,26,12,8,4,2,3,37,,1,53,7,2,2,1,35,4,,,High,,1,0,0,Level 4
4937,55,,,,,3,7710,95,16,11,1,1,5,2,49,,9,44,18,3,2,2,33,1,,High,Normal,,1,1,0,Level 2
4938,47,,,,,3,15861,19,27,5,8,3,2,1,93,,5,41,11,2,3,3,42,4,,,Normal,,1,0,0,Level 4
4939,48,,,,,2,10773,32,13,13,7,2,1,2,11,,1,45,15,2,4,3,10,1,,Very High,Normal,,1,0,0,Level 2
4940,31,,,,,4,11608,92,23,7,9,4,2,4,96,,3,30,4,1,1,4,11,3,,Very High,Low,,1,0,1,Level 3
4941,56,,,,,5,19700,32,28,7,3,1,1,4,29,,3,42,14,1,4,1,15,2,,,Normal,,1,1,1,Level 4
4942,49,,,,,1,14491,78,24,8,4,3,4,4,43,,1,39,4,4,3,1,36,2,,,Normal,,1,0,1,Level 3
4943,42,,,,,4,4091,39,28,6,5,2,4,3,86,,3,32,11,2,2,3,47,3,,Medium,Low,,1,0,0,Level 1
4944,35,,,,,2,4124,89,28,10,8,2,1,4,88,,6,35,19,2,2,4,18,1,,Medium,Low,,1,0,1,Level 1
4945,33,,,,,1,13482,40,5,3,9,3,4,1,93,,9,54,10,3,3,3,18,4,,,High,Experienced,1,0,0,Level 3
4946,29,,,,,5,4113,83,18,9,5,4,5,2,95,,3,49,7,1,2,3,28,2,,Medium,High,,1,0,0,Level 1
4947,26,,,,,1,4972,30,24,5,5,1,1,2,93,,8,52,9,4,4,2,9,4,,Medium,High,,1,0,0,Level 1
4948,56,,,,,4,14140,77,5,9,5,3,3,1,91,,2,44,4,3,3,2,31,3,,,Normal,Experienced,1,1,0,Level 3
4949,48,,,,,5,10767,86,16,5,9,3,4,2,1,,9,42,7,3,1,2,17,4,,Very High,Normal,,1,0,0,Level 2
4950,22,,,,,2,7714,91,29,3,0,2,5,1,73,,5,47,19,2,1,1,21,2,,High,High,,1,0,0,Level 2
4951,34,,,,,1,10661,72,25,13,0,3,1,2,99,,9,47,4,4,4,4,17,3,,Very High,High,,1,0,0,Level 2
4952,55,,,,,4,10143,41,6,7,8,4,3,2,8,,7,58,2,1,1,1,2,3,,Very High,High,Senior,1,1,0,Level 2
4953,38,,,,,2,11947,63,29,9,9,2,5,2,70,,9,36,0,4,1,3,49,2,,Very High,Normal,,1,0,0,Level 3
4954,32,,,,,5,14960,87,7,1,1,3,4,3,11,,2,41,13,3,3,4,11,2,,,Normal,Senior,1,0,0,Level 3
4955,40,,,,,1,6836,61,1,3,4,3,1,4,33,,2,52,6,1,2,3,23,4,,High,High,New,0,0,1,Level 1
4956,56,,,,,3,15164,85,8,7,8,4,4,4,78,,3,55,17,4,2,1,20,1,,,High,Expert,1,1,1,Level 3
4957,46,,,,,4,17588,64,7,9,5,1,3,4,48,,8,56,4,4,2,4,48,1,,,High,Senior,1,0,1,Level 4
4958,48,,,,,4,10381,60,23,4,8,1,1,1,50,,7,48,9,4,4,1,36,3,,Very High,High,,1,0,0,Level 2
4959,39,,,,,3,3683,22,7,5,1,1,5,2,11,,7,46,10,1,2,2,19,2,,Medium,High,Senior,1,0,0,Level 1
4960,44,,,,,2,4975,16,7,8,9,2,4,4,5,,8,42,8,1,3,1,12,4,,Medium,Normal,Senior,1,0,1,Level 1
4961,25,,,,,4,3303,32,27,4,0,1,2,1,25,,5,59,12,1,4,1,4,4,,Medium,High,,1,0,0,Level 1
4962,55,,,,,2,15189,50,1,2,1,1,5,4,68,,3,30,0,1,3,1,19,3,,,Low,New,0,1,1,Level 3
4963,21,,,,,5,10909,56,12,7,1,2,4,2,48,,1,32,11,2,3,1,22,4,,Very High,Low,,1,0,0,Level 2
4964,41,,,,,3,7004,25,25,2,4,3,2,4,50,,9,37,4,1,4,1,16,4,,High,Normal,,1,0,1,Level 1
4965,51,,,,,2,12452,73,23,14,0,2,3,4,73,,8,56,15,3,2,1,12,4,,,High,,1,1,1,Level 3
4966,35,,,,,5,10397,66,23,6,1,1,1,4,84,,1,59,13,3,1,4,35,4,,Very High,High,,1,0,1,Level 2
4967,37,,,,,1,8826,88,11,7,4,2,3,3,91,,5,55,7,4,1,2,44,4,,High,High,Expert,1,0,0,Level 2
4968,24,,,,,4,12386,63,29,8,4,2,3,3,40,,9,38,16,1,1,2,43,2,,,Normal,,1,0,0,Level 3
4969,55,,,,,3,10719,70,16,5,6,1,1,4,10,,8,59,8,1,4,2,40,1,,Very High,High,,1,1,1,Level 2
4970,49,,,,,1,14551,84,28,1,3,3,5,3,46,,5,40,18,1,1,3,19,1,,,Normal,,1,0,0,Level 3
4971,38,,,,,1,19099,88,1,3,5,1,4,3,13,,2,43,0,3,2,4,46,1,,,Normal,New,0,0,0,Level 4
4972,42,,,,,1,11425,44,6,10,5,2,3,1,15,,3,46,9,2,3,2,34,1,,Very High,High,Senior,1,0,0,Level 3
4973,53,,,,,2,14112,69,26,9,8,1,5,4,43,,6,50,6,4,2,4,41,4,,,High,,1,1,1,Level 3
4974,32,,,,,4,4718,42,24,6,2,3,2,3,57,,9,36,6,2,4,3,33,2,,Medium,Normal,,1,0,0,Level 1
4975,48,,,,,3,3492,65,5,11,8,4,3,3,20,,7,59,14,4,3,1,7,3,,Medium,High,Experienced,1,0,0,Level 1
4976,55,,,,,4,14474,41,12,5,8,2,5,4,13,,7,37,1,1,3,2,32,4,,,Normal,,1,1,1,Level 3
4977,41,,,,,4,11029,66,28,1,1,3,5,3,75,,2,31,3,2,3,1,39,1,,Very High,Low,,1,0,0,Level 2
4978,55,,,,,4,15516,48,17,4,1,1,4,3,25,,2,50,11,3,1,4,43,1,,,High,,1,1,0,Level 3
4979,28,,,,,5,11536,46,13,5,6,1,3,3,72,,7,37,1,1,1,4,2,4,,Very High,Normal,,1,0,0,Level 3
4980,58,,,,,5,8886,58,5,2,7,4,1,1,2,,3,35,5,4,4,1,18,3,,High,Low,Experienced,1,1,0,Level 2
4981,38,,,,,5,17412,18,15,13,2,2,4,3,87,,9,53,10,3,1,4,14,2,,,High,,1,0,0,Level 4
4982,57,,,,,5,11456,62,2,5,6,1,1,3,48,,3,35,16,1,3,1,4,4,,Very High,Low,New,0,1,0,Level 3
4983,25,,,,,4,11620,30,2,3,6,3,1,4,40,,4,47,8,4,3,4,18,1,,Very High,High,New,0,0,1,Level 3
4984,34,,,,,4,17780,74,20,8,6,2,5,3,18,,2,36,2,1,3,4,19,2,,,Normal,,1,0,0,Level 4
4985,39,,,,,3,11645,61,16,10,1,4,1,1,11,,2,31,0,1,4,4,34,1,,Very High,Low,,1,0,0,Level 3
4986,28,,,,,3,18453,89,12,14,7,3,1,4,54,,8,54,7,3,4,1,15,3,,,High,,1,0,1,Level 4
4987,51,,,,,3,11613,29,27,11,9,4,4,1,1,,1,31,10,4,1,2,12,1,,Very High,Low,,1,1,0,Level 3
4988,23,,,,,3,9633,70,4,13,7,3,3,4,27,,4,57,19,2,4,1,43,1,,Very High,High,Experienced,0,0,1,Level 2
4989,37,,,,,3,15973,30,26,1,4,2,4,3,41,,7,57,19,3,1,1,20,3,,,High,,1,0,0,Level 4
4990,24,,,,,5,18483,15,23,4,6,3,5,3,64,,6,32,5,3,3,1,27,3,,,Low,,1,0,0,Level 4
4991,39,,,,,4,19965,39,9,12,6,2,3,2,28,,9,58,10,4,2,4,23,2,,,High,Expert,1,0,0,Level 4
4992,42,,,,,3,5662,78,27,11,9,2,4,1,2,,8,46,6,2,3,3,29,2,,Medium,High,,1,0,0,Level 1
4993,30,,,,,2,18966,57,12,9,3,3,3,1,86,,2,36,8,2,1,1,26,2,,,Normal,,1,0,0,Level 4
4994,56,,,,,3,7258,28,2,12,4,3,2,4,7,,6,44,3,2,4,2,2,1,,High,Normal,New,0,1,1,Level 2
4995,41,,,,,3,9923,62,8,1,5,2,4,2,77,,1,59,13,2,1,1,3,4,,Very High,High,Expert,1,0,0,Level 2
4996,23,,,,,4,13558,82,14,6,5,1,3,2,27,,3,32,10,4,2,1,21,2,,,Low,,1,0,0,Level 3
4997,48,,,,,5,4324,28,24,6,9,1,1,3,41,,8,56,9,4,1,1,37,4,,Medium,High,,1,0,0,Level 1
4998,53,,,,,1,17169,94,11,11,8,3,2,3,84,,1,51,0,2,4,1,19,3,,,High,Expert,1,1,0,Level 4
4999,32,,,,,4,3100,29,8,2,2,1,1,2,2,,1,46,9,2,3,3,36,1,,Medium,High,Expert,1,0,0,Level 1
5000,28,,,,,5,19799,91,9,1,4,1,2,1,59,,1,59,19,2,3,4,29,3,,,High,Expert,1,0,0,Level 4
5001,50,,,,,2,12575,31,25,1,0,2,5,4,50,,5,44,16,4,3,3,45,2,,,Normal,,1,1,1,Level 3
5002,26,,,,,1,16442,66,26,10,0,2,3,1,77,,7,52,15,1,1,4,2,3,,,High,,1,0,0,Level 4
5003,23,,,,,5,18230,24,7,13,9,1,2,3,18,,4,46,8,1,1,4,14,1,,,High,Senior,1,0,0,Level 4
5004,38,,,,,5,4043,31,21,13,4,4,3,4,3,,9,46,16,4,1,2,23,4,,Medium,High,,1,0,1,Level 1
5005,49,,,,,4,17627,22,23,5,0,3,5,4,86,,6,47,14,1,3,4,1,1,,,High,,1,0,1,Level 4
5006,50,,,,,5,7443,16,14,11,6,4,2,1,6,,5,50,4,3,4,3,3,4,,High,High,,1,1,0,Level 2
5007,54,,,,,3,12480,70,7,5,9,4,3,1,40,,5,30,9,3,3,1,16,4,,,Low,Senior,1,1,0,Level 3
5008,40,,,,,5,7170,79,26,11,7,4,4,2,15,,6,58,9,3,3,1,35,2,,High,High,,1,0,0,Level 1
5009,50,,,,,1,7148,69,10,10,9,1,3,3,64,,2,39,2,3,1,2,33,3,,High,Normal,Expert,1,1,0,Level 1
5010,38,,,,,5,3037,83,7,7,1,2,3,4,52,,3,45,2,3,4,2,41,2,,Medium,Normal,Senior,1,0,1,Level 1
5011,50,,,,,2,11957,94,24,9,2,1,3,1,54,,3,59,3,1,3,2,39,4,,Very High,High,,1,1,0,Level 3
5012,51,,,,,3,15069,87,15,4,9,4,1,1,19,,9,32,12,1,2,3,37,2,,,Low,,1,1,0,Level 3
5013,21,,,,,1,13656,50,18,4,7,1,2,3,89,,4,36,9,4,1,3,18,2,,,Normal,,1,0,0,Level 3
5014,29,,,,,1,7806,23,13,11,0,3,3,1,3,,6,48,4,2,3,1,28,3,,High,High,,1,0,0,Level 2
5015,21,,,,,4,7843,28,4,11,8,4,5,4,36,,1,36,1,1,2,4,44,3,,High,Normal,Experienced,0,0,1,Level 2
5016,21,,,,,4,16780,88,12,7,4,1,3,3,81,,7,52,9,4,2,2,25,2,,,High,,1,0,0,Level 4
5017,43,,,,,3,3115,36,25,14,9,2,3,4,80,,6,34,14,3,1,2,26,4,,Medium,Low,,1,0,1,Level 1
5018,36,,,,,1,19662,30,20,9,0,4,4,2,21,,7,49,1,4,4,4,40,4,,,High,,1,0,0,Level 4
5019,51,,,,,2,19837,55,18,7,9,2,4,3,43,,3,35,8,4,4,4,42,1,,,Low,,1,1,0,Level 4
5020,35,,,,,5,16360,81,7,8,7,3,4,2,97,,1,55,13,3,2,4,24,2,,,High,Senior,1,0,0,Level 4
5021,35,,,,,5,19684,42,22,10,8,3,1,1,60,,5,34,7,3,2,1,30,1,,,Low,,1,0,0,Level 4
5022,58,,,,,5,11908,43,4,7,8,1,5,2,71,,6,59,6,4,3,1,34,2,,Very High,High,Experienced,0,1,0,Level 3
5023,50,,,,,4,9042,79,29,9,8,1,2,4,45,,4,50,10,3,1,1,32,4,,Very High,High,,1,1,1,Level 2
5024,43,,,,,1,8066,42,24,6,5,3,5,1,25,,8,36,4,4,4,3,47,2,,High,Normal,,1,0,0,Level 2
5025,20,,,,,1,3194,46,22,11,6,4,4,2,2,,3,58,8,1,2,3,19,1,,Medium,High,,1,0,0,Level 1
5026,30,,,,,2,4328,66,8,9,6,4,5,3,88,,8,43,12,4,4,4,43,2,,Medium,Normal,Expert,1,0,0,Level 1
5027,40,,,,,4,9393,25,20,3,3,4,1,1,54,,5,58,8,1,1,2,2,4,,Very High,High,,1,0,0,Level 2
5028,23,,,,,2,10133,40,18,4,2,3,3,1,36,,9,42,19,1,1,1,37,4,,Very High,Normal,,1,0,0,Level 2
5029,26,,,,,1,16761,45,28,9,8,2,4,2,46,,9,36,15,2,1,4,14,2,,,Normal,,1,0,0,Level 4
5030,45,,,,,5,17182,34,6,2,2,2,2,3,47,,5,35,9,4,1,1,9,3,,,Low,Senior,1,0,0,Level 4
5031,31,,,,,4,17394,98,9,12,2,4,1,4,35,,4,52,2,1,1,3,29,2,,,High,Expert,1,0,1,Level 4
5032,50,,,,,4,16883,83,12,2,3,1,5,3,14,,4,44,14,4,4,2,19,3,,,Normal,,1,1,0,Level 4
5033,36,,,,,4,6124,55,9,10,9,1,2,2,6,,1,57,0,4,2,4,18,2,,High,High,Expert,1,0,0,Level 1
5034,52,,,,,5,7882,81,15,8,9,3,2,2,30,,7,39,16,3,1,2,43,4,,High,Normal,,1,1,0,Level 2
5035,30,,,,,4,11720,58,27,11,9,1,4,3,60,,4,57,14,4,1,1,39,1,,Very High,High,,1,0,0,Level 3
5036,47,,,,,3,11689,74,13,10,2,3,3,2,45,,6,31,15,2,3,4,44,4,,Very High,Low,,1,0,0,Level 3
5037,51,,,,,4,9782,21,25,6,1,3,1,4,14,,7,33,10,3,1,3,46,3,,Very High,Low,,1,1,1,Level 2
5038,20,,,,,5,18356,68,3,5,4,1,5,3,12,,6,49,0,3,2,2,29,4,,,High,New,0,0,0,Level 4
5039,47,,,,,4,9298,77,3,2,0,1,5,1,21,,2,35,18,1,1,1,20,4,,Very High,Low,New,0,0,0,Level 2
5040,26,,,,,3,10146,96,26,1,0,4,1,1,49,,9,48,9,2,3,1,46,2,,Very High,High,,1,0,0,Level 2
5041,21,,,,,3,4810,94,19,14,5,4,1,3,51,,5,47,7,2,1,1,17,4,,Medium,High,,1,0,0,Level 1
5042,43,,,,,4,10914,27,21,3,3,1,2,2,55,,2,39,19,4,2,3,38,3,,Very High,Normal,,1,0,0,Level 2
5043,23,,,,,1,10341,47,21,11,7,4,3,4,43,,1,35,8,1,3,1,49,1,,Very High,Low,,1,0,1,Level 2
5044,38,,,,,1,3319,21,13,6,0,4,3,2,86,,4,52,6,2,2,3,25,3,,Medium,High,,1,0,0,Level 1
5045,45,,,,,2,18391,44,21,13,9,2,4,2,66,,4,43,17,4,3,3,43,4,,,Normal,,1,0,0,Level 4
5046,30,,,,,3,19308,25,24,11,4,4,5,4,19,,9,44,11,1,1,1,7,1,,,Normal,,1,0,1,Level 4
5047,59,,,,,1,13761,84,26,11,5,4,5,4,82,,2,51,6,1,2,1,44,3,,,High,,1,1,1,Level 3
5048,30,,,,,2,6386,35,12,12,4,4,1,1,45,,1,41,8,3,1,1,49,4,,High,Normal,,1,0,0,Level 1
5049,22,,,,,1,6338,46,24,12,9,2,4,4,47,,8,35,3,4,1,3,32,3,,High,Low,,1,0,1,Level 1
5050,31,,,,,4,9734,19,24,12,5,4,3,1,29,,4,43,7,3,1,3,14,2,,Very High,Normal,,1,0,0,Level 2
5051,22,,,,,3,13911,49,25,5,2,2,3,3,41,,2,47,9,3,1,1,36,1,,,High,,1,0,0,Level 3
5052,46,,,,,1,3869,61,26,6,8,4,3,3,95,,8,52,10,3,3,4,11,3,,Medium,High,,1,0,0,Level 1
5053,21,,,,,4,9784,26,6,11,6,3,4,2,40,,8,49,4,1,3,4,42,4,,Very High,High,Senior,1,0,0,Level 2
5054,35,,,,,2,10042,51,18,7,9,3,4,1,29,,1,48,9,4,4,1,33,1,,Very High,High,,1,0,0,Level 2
5055,21,,,,,4,9429,58,9,7,0,4,1,3,23,,4,34,0,3,4,3,16,2,,Very High,Low,Expert,1,0,0,Level 2
5056,49,,,,,2,3685,36,22,3,4,2,2,2,11,,5,55,18,3,1,4,3,4,,Medium,High,,1,0,0,Level 1
5057,39,,,,,1,18757,25,17,11,9,1,4,3,43,,1,55,11,3,2,1,27,3,,,High,,1,0,0,Level 4
5058,57,,,,,5,8027,69,28,10,0,3,3,1,52,,6,46,3,1,2,1,42,4,,High,High,,1,1,0,Level 2
5059,47,,,,,4,16997,24,12,8,2,1,4,1,16,,1,39,19,2,2,3,47,3,,,Normal,,1,0,0,Level 4
5060,44,,,,,5,16219,56,21,8,5,1,2,1,72,,2,49,10,1,2,2,10,2,,,High,,1,0,0,Level 4
5061,51,,,,,3,12576,94,23,11,1,3,4,1,78,,9,37,2,1,3,2,7,2,,,Normal,,1,1,0,Level 3
5062,29,,,,,5,8464,90,28,3,4,3,3,3,24,,8,51,2,4,4,4,47,1,,High,High,,1,0,0,Level 2
5063,59,,,,,3,8115,69,28,6,6,1,1,2,11,,4,49,17,3,3,1,20,1,,High,High,,1,1,0,Level 2
5064,52,,,,,1,19950,64,17,9,8,2,4,1,77,,9,42,18,1,1,3,5,2,,,Normal,,1,1,0,Level 4
5065,32,,,,,1,12657,46,15,1,0,3,3,2,83,,3,41,11,3,2,3,20,4,,,Normal,,1,0,0,Level 3
5066,56,,,,,4,15394,82,23,11,6,4,4,4,45,,1,38,1,2,4,3,10,4,,,Normal,,1,1,1,Level 3
5067,35,,,,,5,16624,32,27,2,7,3,1,4,48,,5,47,3,2,4,1,5,2,,,High,,1,0,1,Level 4
5068,41,,,,,3,5465,95,21,2,2,4,5,4,44,,8,43,6,1,1,1,38,1,,Medium,Normal,,1,0,1,Level 1
5069,39,,,,,3,7348,99,21,5,1,3,3,1,36,,6,39,15,4,3,1,4,4,,High,Normal,,1,0,0,Level 2
5070,46,,,,,5,6926,79,2,13,7,4,3,3,26,,4,50,16,2,2,1,17,3,,High,High,New,0,0,0,Level 1
5071,35,,,,,1,14705,39,28,6,6,4,4,1,29,,1,39,14,2,2,4,42,1,,,Normal,,1,0,0,Level 3
5072,53,,,,,1,17812,45,4,3,0,2,5,3,24,,1,31,6,1,2,4,29,3,,,Low,Experienced,0,1,0,Level 4
5073,51,,,,,3,7010,98,9,4,1,2,3,4,91,,6,53,17,1,3,3,33,2,,High,High,Expert,1,1,1,Level 1
5074,45,,,,,4,4400,33,12,10,3,1,3,4,80,,5,45,15,4,4,3,26,2,,Medium,Normal,,1,0,1,Level 1
5075,44,,,,,1,9707,32,2,12,2,3,5,1,25,,5,42,18,3,1,1,17,1,,Very High,Normal,New,0,0,0,Level 2
5076,21,,,,,2,9255,82,25,13,1,3,4,4,70,,9,44,0,2,3,3,45,4,,Very High,Normal,,1,0,1,Level 2
5077,31,,,,,3,7388,47,24,2,4,3,3,1,46,,7,38,13,3,4,2,46,4,,High,Normal,,1,0,0,Level 2
5078,59,,,,,5,12147,84,29,12,5,2,3,3,38,,5,41,11,4,2,3,46,4,,,Normal,,1,1,0,Level 3
5079,28,,,,,5,10127,21,4,3,5,3,1,2,83,,4,59,18,4,4,4,30,1,,Very High,High,Experienced,0,0,0,Level 2
5080,31,,,,,3,4820,15,12,12,6,3,2,4,7,,4,47,14,2,1,4,5,4,,Medium,High,,1,0,1,Level 1
5081,45,,,,,3,18811,94,2,8,5,1,3,2,27,,1,36,7,3,1,1,9,4,,,Normal,New,0,0,0,Level 4
5082,28,,,,,1,7347,73,6,5,5,2,3,4,14,,2,55,1,3,4,3,16,4,,High,High,Senior,1,0,1,Level 2
5083,29,,,,,3,19988,48,7,2,7,1,3,1,80,,8,52,1,1,2,2,40,4,,,High,Senior,1,0,0,Level 4
5084,51,,,,,3,13847,66,18,10,4,3,1,1,90,,7,48,12,1,1,2,38,3,,,High,,1,1,0,Level 3
5085,53,,,,,2,17477,25,24,10,4,1,5,2,25,,4,50,9,1,3,1,22,2,,,High,,1,1,0,Level 4
5086,39,,,,,5,3591,22,25,11,6,3,2,3,52,,1,54,0,3,1,4,13,3,,Medium,High,,1,0,0,Level 1
5087,58,,,,,1,17280,67,5,2,9,3,1,4,14,,4,48,8,1,3,3,40,4,,,High,Experienced,1,1,1,Level 4
5088,21,,,,,4,9779,29,22,4,6,1,2,1,54,,9,48,19,4,2,2,2,2,,Very High,High,,1,0,0,Level 2
5089,20,,,,,1,3121,42,22,9,2,1,4,3,12,,4,41,6,3,1,4,13,4,,Medium,Normal,,1,0,0,Level 1
5090,55,,,,,5,19199,98,10,14,0,4,3,4,19,,1,47,15,1,1,1,21,1,,,High,Expert,1,1,1,Level 4
5091,43,,,,,4,5276,28,18,6,4,3,5,2,80,,8,30,10,2,4,3,49,4,,Medium,Low,,1,0,0,Level 1
5092,46,,,,,3,11095,72,29,1,9,4,2,1,88,,9,38,2,1,4,4,39,4,,Very High,Normal,,1,0,0,Level 2
5093,21,,,,,2,10076,71,11,14,3,2,3,2,84,,3,44,13,3,1,2,22,2,,Very High,Normal,Expert,1,0,0,Level 2
5094,50,,,,,2,3877,66,17,11,0,4,5,2,7,,2,51,15,4,2,2,42,1,,Medium,High,,1,1,0,Level 1
5095,33,,,,,5,3785,51,11,4,4,2,3,3,16,,5,44,14,1,2,3,25,1,,Medium,Normal,Expert,1,0,0,Level 1
5096,21,,,,,5,17470,16,5,14,5,4,3,3,99,,1,53,0,2,2,1,3,4,,,High,Experienced,1,0,0,Level 4
5097,48,,,,,2,3100,48,6,3,6,4,5,3,33,,4,34,0,1,3,3,24,1,,Medium,Low,Senior,1,0,0,Level 1
5098,34,,,,,4,11567,48,14,1,9,4,3,3,47,,6,46,11,1,1,1,18,3,,Very High,High,,1,0,0,Level 3
5099,31,,,,,4,11837,72,16,6,8,1,4,1,9,,7,32,13,1,4,4,27,2,,Very High,Low,,1,0,0,Level 3
5100,56,,,,,1,6382,87,28,10,3,2,1,1,94,,2,58,9,4,3,1,37,3,,High,High,,1,1,0,Level 1
5101,47,,,,,3,13932,75,14,1,0,4,2,1,77,,9,35,9,4,4,3,39,4,,,Low,,1,0,0,Level 3
5102,39,,,,,4,16911,68,1,1,3,4,5,3,74,,2,58,4,2,4,4,36,4,,,High,New,0,0,0,Level 4
5103,58,,,,,3,10292,81,24,7,6,2,1,2,74,,5,55,11,3,1,4,48,3,,Very High,High,,1,1,0,Level 2
5104,43,,,,,5,11076,44,5,1,0,4,2,1,28,,7,53,14,2,4,4,26,2,,Very High,High,Experienced,1,0,0,Level 2
5105,40,,,,,4,5349,97,5,11,8,3,5,3,15,,9,40,3,1,4,1,49,4,,Medium,Normal,Experienced,1,0,0,Level 1
5106,29,,,,,4,19767,94,8,13,5,1,5,1,18,,7,40,6,3,2,1,31,3,,,Normal,Expert,1,0,0,Level 4
5107,33,,,,,4,19138,73,14,3,9,1,4,1,85,,6,30,11,4,4,4,16,3,,,Low,,1,0,0,Level 4
5108,56,,,,,1,5585,72,8,5,7,1,5,4,23,,6,45,19,4,2,3,10,3,,Medium,Normal,Expert,1,1,1,Level 1
5109,37,,,,,5,5096,38,9,3,5,4,4,1,42,,5,58,1,4,2,2,1,2,,Medium,High,Expert,1,0,0,Level 1
5110,43,,,,,2,3318,29,27,6,6,1,2,3,55,,9,41,5,4,4,2,9,2,,Medium,Normal,,1,0,0,Level 1
5111,33,,,,,1,11212,36,20,14,2,3,3,1,38,,4,44,12,4,2,4,37,4,,Very High,Normal,,1,0,0,Level 2
5112,53,,,,,1,19975,46,3,14,7,3,4,4,8,,2,43,9,3,3,2,14,3,,,Normal,New,0,1,1,Level 4
5113,31,,,,,4,7104,89,10,9,4,2,3,2,92,,1,34,3,1,4,1,29,1,,High,Low,Expert,1,0,0,Level 1
5114,41,,,,,1,6126,56,16,2,6,4,3,1,47,,4,52,15,1,3,3,2,1,,High,High,,1,0,0,Level 1
5115,25,,,,,2,13757,73,11,7,6,1,5,3,32,,1,53,7,3,3,2,3,3,,,High,Expert,1,0,0,Level 3
5116,55,,,,,1,9912,97,2,4,5,3,1,3,41,,9,39,2,1,4,4,27,3,,Very High,Normal,New,0,1,0,Level 2
5117,55,,,,,1,8348,69,1,13,2,3,3,1,90,,8,46,15,4,1,4,6,3,,High,High,New,0,1,0,Level 2
5118,41,,,,,4,4270,19,10,11,0,4,1,1,91,,4,44,17,4,3,1,37,4,,Medium,Normal,Expert,1,0,0,Level 1
5119,33,,,,,5,3281,55,21,6,5,1,4,2,33,,2,47,2,1,1,4,29,3,,Medium,High,,1,0,0,Level 1
5120,35,,,,,2,15544,71,6,10,8,2,3,2,44,,6,54,18,2,3,4,45,1,,,High,Senior,1,0,0,Level 3
5121,55,,,,,4,4829,67,8,12,1,2,3,2,35,,6,37,8,1,1,4,13,2,,Medium,Normal,Expert,1,1,0,Level 1
5122,44,,,,,1,19338,52,6,10,1,4,3,4,31,,3,54,12,2,3,1,16,1,,,High,Senior,1,0,1,Level 4
5123,51,,,,,2,6739,15,2,6,9,3,1,3,81,,3,51,12,1,1,3,48,3,,High,High,New,0,1,0,Level 1
5124,52,,,,,3,9276,74,8,8,0,3,4,1,25,,7,36,12,3,2,1,1,1,,Very High,Normal,Expert,1,1,0,Level 2
5125,55,,,,,1,17421,90,21,7,0,4,1,1,79,,7,38,14,3,2,1,24,2,,,Normal,,1,1,0,Level 4
5126,39,,,,,5,10763,60,29,13,1,4,2,1,95,,9,32,19,3,2,1,43,2,,Very High,Low,,1,0,0,Level 2
5127,37,,,,,1,18237,18,3,5,0,4,2,4,32,,6,51,10,4,2,1,28,2,,,High,New,0,0,1,Level 4
5128,57,,,,,5,19284,29,22,7,5,1,5,3,87,,5,53,7,1,3,2,11,2,,,High,,1,1,0,Level 4
5129,22,,,,,3,5807,95,12,12,4,1,3,2,42,,9,38,11,1,3,2,23,1,,Medium,Normal,,1,0,0,Level 1
5130,42,,,,,4,5919,26,6,12,7,2,2,4,5,,2,40,4,1,4,3,30,1,,Medium,Normal,Senior,1,0,1,Level 1
5131,51,,,,,4,14196,15,19,14,9,4,2,4,51,,2,47,9,3,3,1,47,4,,,High,,1,1,1,Level 3
5132,35,,,,,4,8756,91,7,6,6,4,1,3,59,,4,36,14,3,2,3,15,1,,High,Normal,Senior,1,0,0,Level 2
5133,24,,,,,2,9707,44,23,13,3,3,4,3,77,,4,54,6,2,4,1,23,4,,Very High,High,,1,0,0,Level 2
5134,23,,,,,5,15596,88,23,5,8,2,3,1,83,,4,37,6,2,3,3,14,3,,,Normal,,1,0,0,Level 3
5135,40,,,,,1,6382,20,24,9,3,2,3,3,89,,5,52,7,3,3,3,17,2,,High,High,,1,0,0,Level 1
5136,59,,,,,2,6764,87,27,4,8,4,5,2,77,,3,50,5,1,2,3,46,1,,High,High,,1,1,0,Level 1
5137,33,,,,,2,13439,64,23,12,3,2,4,1,58,,2,40,1,1,3,1,39,1,,,Normal,,1,0,0,Level 3
5138,58,,,,,1,18150,16,13,7,1,2,3,1,43,,4,40,3,3,3,1,15,4,,,Normal,,1,1,0,Level 4
5139,50,,,,,3,19300,20,4,13,1,3,1,4,23,,9,32,2,3,2,3,10,4,,,Low,Experienced,0,1,1,Level 4
5140,33,,,,,4,6424,89,21,7,5,2,3,4,70,,4,46,10,1,4,3,32,2,,High,High,,1,0,1,Level 1
5141,25,,,,,3,17271,91,14,3,5,4,2,4,66,,1,46,17,3,1,4,23,2,,,High,,1,0,1,Level 4
5142,31,,,,,3,13995,52,4,8,6,3,3,1,39,,8,51,4,4,4,3,38,4,,,High,Experienced,0,0,0,Level 3
5143,35,,,,,4,16582,90,18,9,6,4,2,2,89,,3,53,13,1,4,1,43,4,,,High,,1,0,0,Level 4
5144,36,,,,,3,16332,97,7,11,2,3,4,4,19,,1,43,16,1,3,2,12,3,,,Normal,Senior,1,0,1,Level 4
5145,42,,,,,2,14299,32,13,5,9,1,2,4,24,,1,36,6,3,1,3,9,1,,,Normal,,1,0,1,Level 3
5146,33,,,,,1,3197,33,3,1,6,4,4,4,93,,5,37,11,1,3,2,44,3,,Medium,Normal,New,0,0,1,Level 1
5147,26,,,,,2,5688,42,29,1,8,2,5,3,31,,4,48,0,4,1,1,27,2,,Medium,High,,1,0,0,Level 1
5148,51,,,,,2,17889,26,17,5,8,2,2,1,70,,7,33,11,1,2,2,21,2,,,Low,,1,1,0,Level 4
5149,34,,,,,5,10098,66,1,14,6,3,4,3,51,,7,31,5,3,1,2,44,3,,Very High,Low,New,0,0,0,Level 2
5150,36,,,,,4,12760,91,25,2,3,2,1,1,84,,9,39,11,3,1,2,46,2,,,Normal,,1,0,0,Level 3
5151,53,,,,,4,12062,72,11,2,7,2,4,2,20,,3,34,15,1,3,3,25,4,,,Low,Expert,1,1,0,Level 3
5152,24,,,,,2,3509,36,19,12,1,2,5,3,48,,2,50,3,1,2,4,10,2,,Medium,High,,1,0,0,Level 1
5153,46,,,,,4,15225,59,7,13,7,1,2,4,22,,1,58,2,2,2,1,14,3,,,High,Senior,1,0,1,Level 3
5154,42,,,,,5,5250,76,25,6,2,4,1,3,63,,2,32,19,2,1,2,13,4,,Medium,Low,,1,0,0,Level 1
5155,59,,,,,1,7671,56,14,5,4,3,4,3,11,,2,30,7,4,2,1,47,2,,High,Low,,1,1,0,Level 2
5156,33,,,,,3,8010,81,7,14,2,3,2,2,67,,6,35,4,3,3,1,21,3,,High,Low,Senior,1,0,0,Level 2
5157,34,,,,,4,3984,23,27,11,5,4,5,4,82,,1,45,16,3,2,3,48,2,,Medium,Normal,,1,0,1,Level 1
5158,52,,,,,2,3795,78,24,13,5,1,3,4,4,,8,51,7,3,4,3,44,2,,Medium,High,,1,1,1,Level 1
5159,50,,,,,4,9089,29,22,2,7,4,5,2,64,,5,47,2,3,2,3,3,1,,Very High,High,,1,1,0,Level 2
5160,54,,,,,2,17046,44,11,14,0,3,5,4,94,,1,37,0,2,1,2,15,2,,,Normal,Expert,1,1,1,Level 4
5161,36,,,,,3,3847,40,19,5,4,2,2,2,63,,7,31,18,4,3,4,6,3,,Medium,Low,,1,0,0,Level 1
5162,47,,,,,4,10593,83,16,11,4,2,2,2,42,,8,39,9,4,4,1,4,4,,Very High,Normal,,1,0,0,Level 2
5163,38,,,,,3,18074,36,17,4,8,2,4,4,47,,1,51,15,2,2,3,15,4,,,High,,1,0,1,Level 4
5164,42,,,,,2,10627,68,26,6,9,1,1,1,1,,2,58,8,3,1,4,8,3,,Very High,High,,1,0,0,Level 2
5165,51,,,,,5,7457,72,14,1,3,1,5,3,65,,9,30,15,2,2,1,16,3,,High,Low,,1,1,0,Level 2
5166,59,,,,,5,7571,93,24,14,5,1,2,2,74,,2,34,2,4,2,2,33,3,,High,Low,,1,1,0,Level 2
5167,32,,,,,1,15591,67,22,12,9,2,2,1,72,,7,55,10,1,2,4,11,2,,,High,,1,0,0,Level 3
5168,39,,,,,2,12629,33,15,3,6,3,5,3,66,,4,37,10,3,3,4,16,3,,,Normal,,1,0,0,Level 3
5169,54,,,,,2,17039,48,18,5,2,1,4,4,32,,8,45,4,3,3,1,19,4,,,Normal,,1,1,1,Level 4
5170,24,,,,,2,4095,96,12,8,5,4,2,1,22,,9,43,10,3,4,3,19,4,,Medium,Normal,,1,0,0,Level 1
5171,28,,,,,5,14714,28,13,2,2,2,3,2,81,,8,39,1,4,1,1,48,3,,,Normal,,1,0,0,Level 3
5172,48,,,,,5,4806,36,26,8,5,2,3,1,61,,4,47,5,1,2,4,3,2,,Medium,High,,1,0,0,Level 1
5173,25,,,,,5,18143,27,24,8,0,2,1,3,73,,2,43,6,1,2,3,13,1,,,Normal,,1,0,0,Level 4
5174,44,,,,,4,11399,78,4,6,8,2,4,2,58,,2,58,16,2,2,1,41,4,,Very High,High,Experienced,0,0,0,Level 2
5175,50,,,,,4,12557,70,10,5,5,3,5,2,94,,1,40,2,1,1,4,7,2,,,Normal,Expert,1,1,0,Level 3
5176,41,,,,,5,8501,86,9,7,5,2,5,1,79,,5,48,3,2,1,3,5,3,,High,High,Expert,1,0,0,Level 2
5177,21,,,,,3,10276,56,12,6,3,2,5,4,26,,6,56,1,2,2,2,7,4,,Very High,High,,1,0,1,Level 2
5178,24,,,,,4,14117,80,25,9,4,3,3,3,67,,7,30,3,1,4,2,42,3,,,Low,,1,0,0,Level 3
5179,46,,,,,4,15449,77,25,2,3,4,5,2,42,,6,54,14,2,4,2,49,4,,,High,,1,0,0,Level 3
5180,44,,,,,4,13255,56,4,12,5,4,1,1,53,,3,55,17,1,4,2,15,3,,,High,Experienced,0,0,0,Level 3
5181,27,,,,,4,18761,48,6,6,6,3,3,4,64,,4,31,0,1,3,2,28,3,,,Low,Senior,1,0,1,Level 4
5182,20,,,,,1,17015,43,14,11,0,2,2,3,45,,8,51,0,4,2,1,15,4,,,High,,1,0,0,Level 4
5183,39,,,,,4,5497,40,4,12,2,1,4,2,11,,5,33,4,4,1,1,1,4,,Medium,Low,Experienced,0,0,0,Level 1
5184,42,,,,,3,8850,37,26,7,1,1,2,2,54,,7,56,4,3,2,2,19,4,,High,High,,1,0,0,Level 2
5185,51,,,,,1,4787,50,10,1,4,2,2,1,57,,7,43,18,2,2,2,31,3,,Medium,Normal,Expert,1,1,0,Level 1
5186,30,,,,,4,5561,23,5,14,7,3,4,4,8,,3,50,2,1,4,4,36,1,,Medium,High,Experienced,1,0,1,Level 1
5187,58,,,,,2,19288,99,7,9,4,2,4,1,92,,7,58,10,4,1,4,33,4,,,High,Senior,1,1,0,Level 4
5188,43,,,,,1,3915,56,7,13,8,2,5,4,45,,9,35,14,2,2,2,45,4,,Medium,Low,Senior,1,0,1,Level 1
5189,30,,,,,4,10313,81,10,8,0,3,5,4,36,,5,49,4,1,4,1,13,1,,Very High,High,Expert,1,0,1,Level 2
5190,48,,,,,3,13988,21,22,5,5,3,1,3,64,,5,56,16,3,4,4,13,2,,,High,,1,0,0,Level 3
5191,45,,,,,5,17616,37,28,14,2,1,4,1,82,,4,45,15,1,1,1,47,2,,,Normal,,1,0,0,Level 4
5192,35,,,,,4,16454,46,26,5,1,1,4,2,76,,9,37,7,3,1,2,9,2,,,Normal,,1,0,0,Level 4
5193,54,,,,,2,7593,37,20,9,3,2,2,2,63,,8,59,14,2,2,2,38,3,,High,High,,1,1,0,Level 2
5194,39,,,,,3,3976,30,13,2,2,3,5,3,72,,9,39,14,2,4,3,40,4,,Medium,Normal,,1,0,0,Level 1
5195,22,,,,,1,6555,83,28,6,8,4,1,4,21,,8,36,7,4,1,2,8,1,,High,Normal,,1,0,1,Level 1
5196,20,,,,,3,14360,27,29,4,8,2,5,3,24,,8,48,4,1,2,4,29,3,,,High,,1,0,0,Level 3
5197,20,,,,,4,10455,24,15,4,7,4,4,3,8,,8,37,7,2,1,4,49,3,,Very High,Normal,,1,0,0,Level 2
5198,36,,,,,2,14818,73,21,8,6,2,1,1,34,,8,45,0,2,4,1,6,1,,,Normal,,1,0,0,Level 3
5199,21,,,,,3,11460,16,5,3,9,3,5,4,52,,1,32,16,3,1,1,21,4,,Very High,Low,Experienced,1,0,1,Level 3
5200,48,,,,,3,6028,94,25,11,2,1,2,2,45,,5,58,18,3,3,2,10,4,,High,High,,1,0,0,Level 1
5201,39,,,,,5,13327,66,16,8,2,2,5,1,45,,8,51,2,1,2,2,40,3,,,High,,1,0,0,Level 3
5202,25,,,,,5,8239,15,27,10,6,3,5,2,62,,9,50,17,3,1,4,22,1,,High,High,,1,0,0,Level 2
5203,27,,,,,4,14399,84,6,13,3,1,1,3,56,,2,55,10,1,3,1,37,1,,,High,Senior,1,0,0,Level 3
5204,48,,,,,1,4405,68,4,5,7,1,1,4,72,,9,45,6,3,2,4,8,3,,Medium,Normal,Experienced,0,0,1,Level 1
5205,52,,,,,1,19822,33,6,2,0,3,3,2,6,,4,39,13,3,1,4,6,1,,,Normal,Senior,1,1,0,Level 4
5206,22,,,,,2,18369,42,23,12,0,3,4,2,80,,8,37,14,1,2,3,48,4,,,Normal,,1,0,0,Level 4
5207,54,,,,,4,19698,19,23,5,6,3,2,3,75,,7,42,9,2,2,3,44,4,,,Normal,,1,1,0,Level 4
5208,24,,,,,1,5112,90,26,4,8,4,5,4,72,,9,59,15,1,3,4,28,4,,Medium,High,,1,0,1,Level 1
5209,46,,,,,3,19975,44,16,9,1,4,1,3,5,,7,53,9,3,1,1,21,1,,,High,,1,0,0,Level 4
5210,31,,,,,4,16779,95,19,6,4,2,5,2,87,,9,33,10,2,4,3,26,3,,,Low,,1,0,0,Level 4
5211,39,,,,,3,15482,33,6,11,1,2,5,1,18,,5,36,14,3,3,1,20,4,,,Normal,Senior,1,0,0,Level 3
5212,39,,,,,2,6670,56,11,13,8,3,5,4,54,,3,33,19,3,4,4,32,2,,High,Low,Expert,1,0,1,Level 1
5213,28,,,,,4,19033,39,14,3,8,2,5,4,63,,2,38,1,3,1,3,49,3,,,Normal,,1,0,1,Level 4
5214,58,,,,,2,15288,49,23,2,0,2,2,4,80,,3,45,6,1,2,4,32,1,,,Normal,,1,1,1,Level 3
5215,23,,,,,5,7463,23,15,14,6,4,2,3,77,,2,41,19,2,3,2,3,4,,High,Normal,,1,0,0,Level 2
5216,38,,,,,2,9774,53,1,7,0,3,2,3,64,,8,42,17,3,2,1,33,2,,Very High,Normal,New,0,0,0,Level 2
5217,57,,,,,5,5423,70,4,1,6,2,2,1,55,,2,32,12,4,3,4,37,4,,Medium,Low,Experienced,0,1,0,Level 1
5218,46,,,,,4,14454,52,7,5,7,3,3,1,81,,8,47,13,2,2,2,17,4,,,High,Senior,1,0,0,Level 3
5219,32,,,,,3,16087,29,28,5,0,2,1,1,93,,5,32,9,2,1,4,12,4,,,Low,,1,0,0,Level 4
5220,32,,,,,3,4453,60,10,4,2,4,4,1,87,,1,32,7,3,1,3,48,2,,Medium,Low,Expert,1,0,0,Level 1
5221,41,,,,,3,3195,51,1,3,9,3,4,4,79,,5,37,3,1,3,3,16,3,,Medium,Normal,New,0,0,1,Level 1
5222,47,,,,,2,11981,74,14,9,4,2,1,3,17,,7,35,1,3,3,1,47,3,,Very High,Low,,1,0,0,Level 3
5223,41,,,,,4,14259,76,24,14,9,1,4,4,10,,8,32,15,4,2,1,16,1,,,Low,,1,0,1,Level 3
5224,38,,,,,4,6553,45,6,4,6,4,3,1,63,,7,43,1,3,4,2,45,4,,High,Normal,Senior,1,0,0,Level 1
5225,27,,,,,5,15641,44,14,14,4,1,1,1,33,,2,36,18,2,4,1,11,2,,,Normal,,1,0,0,Level 3
5226,27,,,,,4,12004,80,22,9,2,3,4,1,37,,1,54,10,2,4,3,8,4,,,High,,1,0,0,Level 3
5227,45,,,,,3,7930,21,19,7,7,4,5,4,65,,7,52,17,1,3,3,18,4,,High,High,,1,0,1,Level 2
5228,45,,,,,4,5580,44,6,9,5,4,3,4,35,,9,56,17,4,4,1,11,2,,Medium,High,Senior,1,0,1,Level 1
5229,42,,,,,5,3404,47,20,2,0,2,4,2,26,,7,45,10,4,1,2,24,1,,Medium,Normal,,1,0,0,Level 1
5230,32,,,,,4,11144,52,25,2,6,3,3,3,7,,8,33,1,1,3,4,49,2,,Very High,Low,,1,0,0,Level 2
5231,47,,,,,4,5336,98,29,12,8,1,1,3,79,,5,47,18,2,2,2,28,1,,Medium,High,,1,0,0,Level 1
5232,28,,,,,3,10846,33,20,12,0,1,1,1,78,,6,36,16,3,3,2,31,2,,Very High,Normal,,1,0,0,Level 2
5233,39,,,,,4,17013,23,6,8,6,1,1,3,0,,4,43,1,4,3,4,33,2,,,Normal,Senior,1,0,0,Level 4
5234,38,,,,,2,3089,46,11,14,1,4,4,1,89,,7,56,11,2,4,1,34,2,,Medium,High,Expert,1,0,0,Level 1
5235,58,,,,,5,12597,44,29,12,0,1,2,3,94,,7,39,15,1,3,2,32,1,,,Normal,,1,1,0,Level 3
5236,31,,,,,5,12809,20,29,9,0,4,3,1,99,,8,46,14,4,1,2,46,2,,,High,,1,0,0,Level 3
5237,34,,,,,5,12717,75,29,13,2,1,4,3,66,,1,51,6,2,1,3,43,3,,,High,,1,0,0,Level 3
5238,50,,,,,4,18317,95,22,2,0,2,3,2,64,,6,41,4,2,1,4,38,4,,,Normal,,1,1,0,Level 4
5239,33,,,,,2,16560,51,11,6,9,3,5,2,3,,5,37,19,2,1,4,20,2,,,Normal,Expert,1,0,0,Level 4
5240,30,,,,,5,7041,93,17,14,1,3,1,1,9,,7,43,3,1,3,2,39,1,,High,Normal,,1,0,0,Level 1
5241,45,,,,,1,14354,85,20,6,6,2,1,4,96,,9,55,16,2,2,1,28,4,,,High,,1,0,1,Level 3
5242,46,,,,,3,3715,92,9,7,7,2,2,1,70,,9,57,7,4,3,4,49,4,,Medium,High,Expert,1,0,0,Level 1
5243,30,,,,,1,17237,34,14,5,2,4,1,3,78,,3,54,8,4,3,4,32,3,,,High,,1,0,0,Level 4
5244,57,,,,,1,18163,44,27,3,6,3,5,2,72,,8,41,7,4,3,3,37,2,,,Normal,,1,1,0,Level 4
5245,53,,,,,5,8268,32,26,10,6,1,3,4,68,,4,36,8,3,2,4,21,2,,High,Normal,,1,1,1,Level 2
5246,38,,,,,1,19037,77,6,14,9,2,4,1,32,,5,34,9,4,2,1,39,2,,,Low,Senior,1,0,0,Level 4
5247,25,,,,,1,13309,75,28,11,3,2,1,3,41,,3,52,11,2,1,3,32,1,,,High,,1,0,0,Level 3
5248,57,,,,,2,15990,71,4,3,0,4,4,2,28,,9,31,10,3,4,1,15,4,,,Low,Experienced,0,1,0,Level 4
5249,47,,,,,3,19033,36,7,12,3,4,2,2,62,,5,32,0,4,2,3,26,4,,,Low,Senior,1,0,0,Level 4
5250,20,,,,,4,14952,63,10,6,0,3,1,3,24,,7,34,3,4,4,4,7,4,,,Low,Expert,1,0,0,Level 3
5251,54,,,,,5,13279,32,7,1,9,1,2,3,18,,1,46,15,2,4,1,24,2,,,High,Senior,1,1,0,Level 3
5252,59,,,,,5,9832,75,5,13,3,2,3,3,80,,3,40,16,4,3,4,44,3,,Very High,Normal,Experienced,1,1,0,Level 2
5253,27,,,,,1,12814,96,4,8,4,2,3,1,28,,2,57,17,4,1,1,35,4,,,High,Experienced,0,0,0,Level 3
5254,26,,,,,4,3083,92,15,7,8,4,5,2,84,,8,47,15,2,1,2,28,2,,Medium,High,,1,0,0,Level 1
5255,30,,,,,4,19469,82,4,7,6,1,1,1,78,,8,46,13,1,2,4,34,3,,,High,Experienced,0,0,0,Level 4
5256,58,,,,,4,10464,21,15,6,8,2,4,3,89,,2,53,13,1,1,1,31,4,,Very High,High,,1,1,0,Level 2
5257,23,,,,,5,12934,21,7,3,8,3,1,1,2,,8,49,9,3,3,3,32,2,,,High,Senior,1,0,0,Level 3
5258,44,,,,,5,18468,79,6,14,7,4,3,3,29,,6,43,15,4,1,1,30,1,,,Normal,Senior,1,0,0,Level 4
5259,31,,,,,2,17879,54,4,12,1,4,2,1,80,,5,51,13,4,4,3,20,3,,,High,Experienced,0,0,0,Level 4
5260,45,,,,,5,12132,38,19,9,4,3,5,1,5,,3,51,3,2,4,2,49,1,,,High,,1,0,0,Level 3
5261,57,,,,,5,6480,46,2,10,3,4,4,4,76,,4,55,13,3,2,4,18,3,,High,High,New,0,1,1,Level 1
5262,31,,,,,2,8749,24,15,11,0,4,2,3,70,,3,50,7,1,1,1,18,4,,High,High,,1,0,0,Level 2
5263,56,,,,,5,7713,23,20,6,5,1,4,1,40,,5,46,12,1,4,3,23,1,,High,High,,1,1,0,Level 2
5264,43,,,,,1,3724,53,23,12,4,3,5,3,79,,5,54,3,4,4,4,25,4,,Medium,High,,1,0,0,Level 1
5265,35,,,,,1,3187,17,2,6,9,2,5,4,4,,4,45,14,2,3,1,19,1,,Medium,Normal,New,0,0,1,Level 1
5266,32,,,,,2,9601,83,13,6,9,4,4,2,80,,2,36,2,4,3,4,27,2,,Very High,Normal,,1,0,0,Level 2
5267,44,,,,,2,5772,21,28,6,6,3,3,2,64,,5,59,19,4,1,1,13,1,,Medium,High,,1,0,0,Level 1
5268,23,,,,,1,17480,26,25,6,0,1,2,2,72,,9,50,5,4,1,2,27,1,,,High,,1,0,0,Level 4
5269,30,,,,,4,7612,37,14,12,4,3,2,2,49,,1,59,10,1,3,3,21,2,,High,High,,1,0,0,Level 2
5270,51,,,,,5,5580,77,9,4,2,2,1,2,76,,4,32,13,3,3,1,25,1,,Medium,Low,Expert,1,1,0,Level 1
5271,26,,,,,3,4138,31,16,2,3,2,2,1,91,,5,50,14,2,2,3,23,4,,Medium,High,,1,0,0,Level 1
5272,30,,,,,3,10211,92,22,1,3,4,3,2,20,,9,37,17,3,2,4,22,2,,Very High,Normal,,1,0,0,Level 2
5273,47,,,,,2,17235,78,9,8,5,3,3,2,70,,2,40,5,1,3,2,40,2,,,Normal,Expert,1,0,0,Level 4
5274,42,,,,,3,3213,79,17,13,3,4,4,4,68,,7,58,11,1,2,1,22,3,,Medium,High,,1,0,1,Level 1
5275,42,,,,,4,3605,42,22,5,6,1,1,4,55,,1,58,8,1,4,4,7,1,,Medium,High,,1,0,1,Level 1
5276,47,,,,,3,18424,72,3,3,2,1,2,1,71,,8,38,0,4,1,1,45,2,,,Normal,New,0,0,0,Level 4
5277,45,,,,,1,19749,32,22,9,7,4,2,2,22,,2,37,19,1,3,3,49,3,,,Normal,,1,0,0,Level 4
5278,44,,,,,2,3898,58,5,3,1,3,5,2,32,,1,48,11,2,1,2,16,2,,Medium,High,Experienced,1,0,0,Level 1
5279,48,,,,,3,13963,78,12,5,1,1,4,4,64,,4,49,3,2,2,1,8,2,,,High,,1,0,1,Level 3
5280,38,,,,,5,18169,51,5,2,0,2,1,4,93,,9,44,17,2,2,3,15,1,,,Normal,Experienced,1,0,1,Level 4
5281,52,,,,,2,19473,17,14,6,5,4,3,1,23,,4,53,3,2,2,1,22,3,,,High,,1,1,0,Level 4
5282,55,,,,,4,5440,28,17,9,5,1,2,1,86,,5,49,16,4,2,2,21,4,,Medium,High,,1,1,0,Level 1
5283,33,,,,,1,16461,21,5,1,5,3,2,4,20,,2,47,10,3,2,3,31,1,,,High,Experienced,1,0,1,Level 4
5284,33,,,,,3,8563,31,13,11,0,2,5,3,76,,2,54,10,2,4,1,35,1,,High,High,,1,0,0,Level 2
5285,54,,,,,1,14403,84,27,3,3,4,5,4,97,,9,37,3,4,3,4,25,2,,,Normal,,1,1,1,Level 3
5286,49,,,,,4,19676,97,22,10,0,2,2,3,40,,6,30,14,3,1,2,27,4,,,Low,,1,0,0,Level 4
5287,47,,,,,3,18606,93,15,1,1,4,2,3,86,,6,36,0,4,4,2,10,2,,,Normal,,1,0,0,Level 4
5288,36,,,,,2,14361,53,17,5,7,4,5,1,84,,8,54,7,2,2,3,30,3,,,High,,1,0,0,Level 3
5289,22,,,,,2,8429,19,10,5,7,3,3,4,21,,3,55,3,4,4,3,22,4,,High,High,Expert,1,0,1,Level 2
5290,35,,,,,5,12282,93,16,4,0,1,2,3,45,,6,39,11,2,3,4,44,3,,,Normal,,1,0,0,Level 3
5291,49,,,,,4,14821,66,29,5,0,1,4,1,28,,7,54,15,4,2,3,28,2,,,High,,1,0,0,Level 3
5292,48,,,,,3,11342,40,23,8,2,4,2,4,52,,1,40,11,4,3,3,43,1,,Very High,Normal,,1,0,1,Level 2
5293,34,,,,,1,17653,53,29,14,6,2,4,4,22,,1,30,13,3,1,2,36,1,,,Low,,1,0,1,Level 4
5294,44,,,,,1,8434,59,16,8,5,2,5,2,21,,6,38,8,3,2,1,42,1,,High,Normal,,1,0,0,Level 2
5295,57,,,,,3,3983,91,17,6,2,3,3,4,97,,6,38,19,4,1,3,25,2,,Medium,Normal,,1,1,1,Level 1
5296,57,,,,,4,4819,45,7,12,7,1,1,3,7,,8,58,17,2,2,3,41,1,,Medium,High,Senior,1,1,0,Level 1
5297,42,,,,,4,11380,91,11,4,7,2,1,2,87,,2,41,9,2,4,3,37,1,,Very High,Normal,Expert,1,0,0,Level 2
5298,44,,,,,1,9460,37,14,11,5,1,1,4,43,,9,58,4,2,1,1,32,4,,Very High,High,,1,0,1,Level 2
5299,26,,,,,3,5778,54,12,13,0,3,5,1,8,,7,35,19,1,3,2,30,2,,Medium,Low,,1,0,0,Level 1
5300,41,,,,,3,16916,46,9,4,7,4,5,4,30,,1,32,10,4,2,2,42,3,,,Low,Expert,1,0,1,Level 4
5301,36,,,,,1,12378,18,7,5,4,2,2,1,10,,3,44,4,3,3,3,30,3,,,Normal,Senior,1,0,0,Level 3
5302,37,,,,,3,6901,95,14,5,8,3,3,4,48,,5,43,15,1,3,2,34,1,,High,Normal,,1,0,1,Level 1
5303,29,,,,,3,6439,98,16,13,8,1,3,1,94,,8,44,11,1,4,2,9,3,,High,Normal,,1,0,0,Level 1
5304,29,,,,,2,12539,60,28,2,1,1,2,4,51,,7,50,4,1,4,4,2,4,,,High,,1,0,1,Level 3
5305,26,,,,,2,19213,89,10,12,5,4,3,2,53,,2,41,1,4,2,2,17,2,,,Normal,Expert,1,0,0,Level 4
5306,57,,,,,5,8484,56,28,6,3,4,3,2,66,,7,38,14,2,4,3,18,2,,High,Normal,,1,1,0,Level 2
5307,46,,,,,5,6407,53,5,13,6,2,2,2,24,,7,33,0,1,2,3,6,4,,High,Low,Experienced,1,0,0,Level 1
5308,52,,,,,4,13817,84,19,7,5,2,5,4,76,,8,44,2,4,2,1,11,3,,,Normal,,1,1,1,Level 3
5309,20,,,,,2,3772,70,7,3,6,3,1,3,79,,5,30,3,1,4,4,16,4,,Medium,Low,Senior,1,0,0,Level 1
5310,53,,,,,2,14396,61,22,10,4,2,2,1,43,,6,58,15,4,1,2,20,4,,,High,,1,1,0,Level 3
5311,23,,,,,2,16141,52,24,4,8,4,2,2,21,,4,44,9,1,3,3,43,1,,,Normal,,1,0,0,Level 4
5312,36,,,,,2,7953,32,8,9,0,1,1,3,12,,2,59,12,2,2,2,42,3,,High,High,Expert,1,0,0,Level 2
5313,23,,,,,4,7594,16,10,4,6,4,1,2,18,,3,47,10,1,3,1,21,4,,High,High,Expert,1,0,0,Level 2
5314,45,,,,,1,11840,68,27,10,8,2,4,1,57,,9,32,0,2,1,2,26,3,,Very High,Low,,1,0,0,Level 3
5315,23,,,,,4,16087,95,22,11,7,1,4,3,60,,2,55,11,1,3,3,8,3,,,High,,1,0,0,Level 4
5316,20,,,,,1,7946,44,23,7,0,4,4,3,91,,8,31,14,4,3,1,43,2,,High,Low,,1,0,0,Level 2
5317,26,,,,,5,12251,18,3,2,7,2,5,3,20,,8,45,2,3,1,4,39,2,,,Normal,New,0,0,0,Level 3
5318,49,,,,,2,3987,21,14,5,2,4,2,3,25,,6,35,15,2,1,3,36,4,,Medium,Low,,1,0,0,Level 1
5319,28,,,,,1,7623,93,20,6,9,4,4,3,40,,9,32,15,3,4,2,9,3,,High,Low,,1,0,0,Level 2
5320,54,,,,,4,12719,71,23,14,5,4,5,3,41,,9,53,4,3,3,3,12,4,,,High,,1,1,0,Level 3
5321,27,,,,,1,9149,44,22,2,8,4,1,4,50,,7,35,8,4,1,2,5,1,,Very High,Low,,1,0,1,Level 2
5322,43,,,,,3,15511,58,3,1,6,4,4,1,80,,3,31,13,1,3,4,29,2,,,Low,New,0,0,0,Level 3
5323,38,,,,,5,4901,91,15,9,4,4,2,1,60,,4,32,15,4,2,2,4,2,,Medium,Low,,1,0,0,Level 1
5324,55,,,,,5,4850,43,10,7,7,4,3,3,6,,7,52,13,1,3,1,12,3,,Medium,High,Expert,1,1,0,Level 1
5325,46,,,,,2,8155,50,7,8,7,4,5,1,89,,2,34,9,3,2,4,39,2,,High,Low,Senior,1,0,0,Level 2
5326,51,,,,,2,9017,62,19,5,5,3,5,1,56,,3,51,13,1,3,1,19,3,,Very High,High,,1,1,0,Level 2
5327,33,,,,,4,15202,33,10,5,5,4,1,2,57,,2,51,5,4,1,2,18,3,,,High,Expert,1,0,0,Level 3
5328,37,,,,,1,12929,77,29,1,8,4,1,2,23,,7,35,11,3,2,1,35,1,,,Low,,1,0,0,Level 3
5329,47,,,,,3,4080,16,14,14,3,3,1,4,16,,4,51,16,4,2,3,47,1,,Medium,High,,1,0,1,Level 1
5330,48,,,,,5,5021,28,8,3,2,1,4,2,57,,8,45,16,1,1,1,14,2,,Medium,Normal,Expert,1,0,0,Level 1
5331,35,,,,,1,12530,94,29,14,7,3,1,3,63,,3,58,3,1,4,2,37,4,,,High,,1,0,0,Level 3
5332,54,,,,,3,13350,49,23,7,8,2,3,2,13,,9,31,6,1,1,2,34,1,,,Low,,1,1,0,Level 3
5333,50,,,,,1,14379,35,20,14,3,1,5,1,3,,7,35,9,4,3,3,3,2,,,Low,,1,1,0,Level 3
5334,23,,,,,2,12522,31,1,10,1,2,5,4,79,,1,35,5,2,2,3,47,1,,,Low,New,0,0,1,Level 3
5335,56,,,,,5,3770,96,6,9,5,1,1,4,19,,7,33,9,1,3,2,23,2,,Medium,Low,Senior,1,1,1,Level 1
5336,36,,,,,3,12933,46,15,13,8,4,2,2,32,,2,54,4,2,1,4,13,3,,,High,,1,0,0,Level 3
5337,58,,,,,2,15381,37,5,13,1,1,5,3,48,,4,35,10,2,4,4,33,4,,,Low,Experienced,1,1,0,Level 3
5338,45,,,,,4,10359,20,14,8,8,4,4,3,17,,8,31,16,3,1,2,9,1,,Very High,Low,,1,0,0,Level 2
5339,58,,,,,4,17895,43,9,11,4,1,2,4,27,,3,38,18,2,4,2,46,2,,,Normal,Expert,1,1,1,Level 4
5340,23,,,,,2,16366,77,26,12,3,4,2,4,81,,2,49,13,4,4,2,39,1,,,High,,1,0,1,Level 4
5341,49,,,,,3,15304,84,6,5,7,3,3,1,52,,4,33,13,4,1,3,19,2,,,Low,Senior,1,0,0,Level 3
5342,49,,,,,3,14325,95,1,3,1,3,1,4,11,,4,54,12,4,3,2,19,2,,,High,New,0,0,1,Level 3
5343,41,,,,,5,13988,18,19,9,6,3,4,1,83,,3,35,2,2,2,3,19,1,,,Low,,1,0,0,Level 3
5344,30,,,,,2,4596,72,15,4,9,1,2,2,68,,6,56,8,3,4,3,41,3,,Medium,High,,1,0,0,Level 1
5345,21,,,,,4,11747,45,2,9,6,4,2,4,57,,5,37,1,2,3,3,10,2,,Very High,Normal,New,0,0,1,Level 3
5346,31,,,,,2,15156,36,19,3,0,4,1,2,35,,3,45,1,2,4,4,9,4,,,Normal,,1,0,0,Level 3
5347,49,,,,,1,14763,41,17,7,9,4,4,2,62,,6,31,0,3,3,1,47,2,,,Low,,1,0,0,Level 3
5348,55,,,,,3,7354,99,11,1,7,3,1,3,63,,8,39,4,4,4,1,26,3,,High,Normal,Expert,1,1,0,Level 2
5349,37,,,,,1,12839,98,18,10,0,3,4,2,10,,4,47,1,1,3,2,46,4,,,High,,1,0,0,Level 3
5350,45,,,,,4,14251,30,24,11,8,1,1,2,40,,7,59,13,1,2,2,26,2,,,High,,1,0,0,Level 3
5351,26,,,,,3,12058,20,14,12,1,3,1,1,31,,7,30,16,2,1,4,47,2,,,Low,,1,0,0,Level 3
5352,20,,,,,4,16175,94,19,5,9,1,1,4,0,,5,33,15,3,4,4,38,4,,,Low,,1,0,1,Level 4
5353,45,,,,,4,19526,21,9,9,6,3,3,3,21,,4,36,1,1,4,4,2,1,,,Normal,Expert,1,0,0,Level 4
5354,42,,,,,4,17732,28,11,11,4,1,1,4,21,,7,33,0,4,4,1,4,4,,,Low,Expert,1,0,1,Level 4
5355,45,,,,,5,5786,17,11,9,4,1,2,3,53,,6,56,5,2,4,3,42,1,,Medium,High,Expert,1,0,0,Level 1
5356,25,,,,,4,9945,63,4,6,4,1,3,4,76,,7,33,1,3,1,4,32,1,,Very High,Low,Experienced,0,0,1,Level 2
5357,25,,,,,4,5759,50,18,11,8,3,1,1,46,,5,54,4,2,2,4,6,4,,Medium,High,,1,0,0,Level 1
5358,27,,,,,1,15081,43,12,6,9,1,4,3,68,,8,44,2,1,3,2,47,4,,,Normal,,1,0,0,Level 3
5359,43,,,,,1,10819,18,23,3,1,1,5,1,30,,5,39,8,2,1,3,10,3,,Very High,Normal,,1,0,0,Level 2
5360,41,,,,,1,16402,54,9,14,8,2,3,1,79,,7,35,15,3,4,1,22,1,,,Low,Expert,1,0,0,Level 4
5361,38,,,,,3,12913,55,5,12,6,2,4,1,29,,5,34,5,2,3,3,23,2,,,Low,Experienced,1,0,0,Level 3
5362,56,,,,,5,6153,36,1,9,2,1,3,2,89,,6,41,16,1,1,2,23,1,,High,Normal,New,0,1,0,Level 1
5363,37,,,,,3,16690,93,25,1,2,1,4,4,82,,8,40,16,3,1,2,7,1,,,Normal,,1,0,1,Level 4
5364,50,,,,,5,15932,18,9,7,1,3,2,2,8,,3,56,1,4,4,1,17,1,,,High,Expert,1,1,0,Level 4
5365,56,,,,,5,5831,96,7,3,9,4,4,3,53,,7,48,1,4,1,4,16,4,,Medium,High,Senior,1,1,0,Level 1
5366,49,,,,,2,12896,37,1,2,4,3,2,1,82,,1,44,5,2,4,2,32,2,,,Normal,New,0,0,0,Level 3
5367,52,,,,,2,11649,18,20,5,2,1,4,2,68,,5,43,8,4,1,2,39,1,,Very High,Normal,,1,1,0,Level 3
5368,29,,,,,2,10531,82,17,5,1,3,3,4,9,,8,52,11,2,3,1,30,2,,Very High,High,,1,0,1,Level 2
5369,56,,,,,5,16968,32,3,2,3,3,5,3,96,,9,32,12,4,1,2,49,3,,,Low,New,0,1,0,Level 4
5370,31,,,,,5,10202,15,23,12,8,1,3,3,88,,1,39,15,1,3,1,45,2,,Very High,Normal,,1,0,0,Level 2
5371,49,,,,,3,14507,46,1,8,0,3,2,1,7,,3,53,9,4,2,1,28,1,,,High,New,0,0,0,Level 3
5372,46,,,,,5,4608,35,24,14,8,4,4,1,55,,1,52,3,1,3,3,30,1,,Medium,High,,1,0,0,Level 1
5373,58,,,,,4,6894,52,13,2,6,2,4,3,25,,9,39,13,2,1,2,5,1,,High,Normal,,1,1,0,Level 1
5374,28,,,,,4,9788,40,26,8,1,4,4,3,31,,8,49,5,3,4,2,28,1,,Very High,High,,1,0,0,Level 2
5375,40,,,,,5,5144,55,20,6,1,3,5,3,86,,4,54,4,3,3,1,34,1,,Medium,High,,1,0,0,Level 1
5376,31,,,,,4,3899,63,20,10,4,3,3,2,11,,2,31,6,1,2,1,40,2,,Medium,Low,,1,0,0,Level 1
5377,48,,,,,5,16903,99,28,4,2,4,3,4,37,,4,43,10,3,3,4,33,1,,,Normal,,1,0,1,Level 4
5378,52,,,,,2,3697,55,12,3,0,1,4,4,31,,2,39,7,3,2,2,35,1,,Medium,Normal,,1,1,1,Level 1
5379,34,,,,,5,14122,73,17,14,7,3,4,2,95,,1,47,5,2,4,1,19,4,,,High,,1,0,0,Level 3
5380,21,,,,,2,10231,18,21,9,4,4,4,3,25,,8,38,1,2,4,2,32,4,,Very High,Normal,,1,0,0,Level 2
5381,58,,,,,1,14809,27,8,14,4,2,3,3,1,,1,50,4,2,2,4,47,3,,,High,Expert,1,1,0,Level 3
5382,37,,,,,4,6416,75,24,6,5,1,5,3,93,,2,50,0,4,4,3,24,2,,High,High,,1,0,0,Level 1
5383,22,,,,,1,14242,65,23,5,7,2,4,2,38,,1,34,12,1,3,2,31,2,,,Low,,1,0,0,Level 3
5384,26,,,,,4,5489,49,23,14,3,3,4,4,98,,4,54,9,3,1,1,13,2,,Medium,High,,1,0,1,Level 1
5385,37,,,,,1,9594,79,24,13,2,4,5,1,4,,2,49,3,3,4,4,19,3,,Very High,High,,1,0,0,Level 2
5386,57,,,,,5,17214,63,24,13,6,1,5,4,83,,2,45,6,3,2,4,33,3,,,Normal,,1,1,1,Level 4
5387,56,,,,,1,9377,63,15,10,0,1,4,1,59,,1,51,18,2,3,1,25,1,,Very High,High,,1,1,0,Level 2
5388,52,,,,,4,4481,28,17,3,1,1,2,3,80,,5,47,16,3,1,4,2,4,,Medium,High,,1,1,0,Level 1
5389,50,,,,,3,10505,51,2,3,2,2,5,2,22,,5,37,19,2,3,1,17,4,,Very High,Normal,New,0,1,0,Level 2
5390,30,,,,,4,11933,44,10,6,4,1,5,2,96,,1,37,14,1,2,2,32,3,,Very High,Normal,Expert,1,0,0,Level 3
5391,23,,,,,3,4445,28,24,10,9,4,3,3,59,,3,45,5,1,2,2,44,2,,Medium,Normal,,1,0,0,Level 1
5392,37,,,,,5,5909,89,1,4,3,3,1,4,39,,9,41,8,3,3,1,22,4,,Medium,Normal,New,0,0,1,Level 1
5393,23,,,,,4,8768,41,25,4,2,4,4,3,75,,1,56,6,1,4,4,38,4,,High,High,,1,0,0,Level 2
5394,53,,,,,1,9442,76,25,11,9,1,1,3,56,,5,58,3,3,2,4,43,3,,Very High,High,,1,1,0,Level 2
5395,48,,,,,5,12240,17,13,8,3,1,1,2,58,,5,59,16,2,1,1,46,1,,,High,,1,0,0,Level 3
5396,43,,,,,4,3605,84,12,2,9,4,4,4,27,,4,35,19,4,4,4,30,3,,Medium,Low,,1,0,1,Level 1
5397,41,,,,,5,5576,53,15,6,6,3,3,1,4,,6,38,15,4,1,4,9,2,,Medium,Normal,,1,0,0,Level 1
5398,21,,,,,3,8740,33,10,13,6,4,5,2,85,,8,39,1,4,2,2,35,1,,High,Normal,Expert,1,0,0,Level 2
5399,25,,,,,5,19661,90,2,9,4,1,3,2,1,,9,55,10,2,2,1,46,4,,,High,New,0,0,0,Level 4
5400,44,,,,,1,4164,53,28,3,4,1,3,2,40,,7,39,6,1,1,3,45,1,,Medium,Normal,,1,0,0,Level 1
5401,40,,,,,4,15073,24,22,5,6,2,4,1,65,,1,44,18,3,4,1,47,3,,,Normal,,1,0,0,Level 3
5402,35,,,,,3,6171,61,15,11,3,3,2,1,32,,3,54,6,3,4,2,26,1,,High,High,,1,0,0,Level 1
5403,50,,,,,5,8306,37,20,7,0,3,5,1,68,,2,48,16,1,1,3,40,3,,High,High,,1,1,0,Level 2
5404,33,,,,,2,19138,73,10,1,3,1,5,4,87,,9,54,15,3,3,2,43,4,,,High,Expert,1,0,1,Level 4
5405,58,,,,,3,9536,97,23,8,8,2,4,3,82,,9,46,18,4,3,2,23,4,,Very High,High,,1,1,0,Level 2
5406,47,,,,,3,16136,34,2,6,9,2,2,4,37,,4,54,16,3,4,2,38,3,,,High,New,0,0,1,Level 4
5407,51,,,,,1,18670,59,13,4,9,2,2,4,28,,5,39,0,4,1,3,13,4,,,Normal,,1,1,1,Level 4
5408,47,,,,,1,3260,58,10,11,9,2,1,1,71,,2,33,10,3,2,3,39,2,,Medium,Low,Expert,1,0,0,Level 1
5409,28,,,,,5,19350,32,17,6,1,4,1,3,49,,6,44,10,3,2,4,17,2,,,Normal,,1,0,0,Level 4
5410,41,,,,,2,8185,62,16,2,0,2,3,4,67,,4,39,14,3,2,2,9,2,,High,Normal,,1,0,1,Level 2
5411,51,,,,,3,12395,89,15,4,8,3,5,4,70,,7,32,2,4,1,4,45,1,,,Low,,1,1,1,Level 3
5412,24,,,,,5,18013,15,25,8,5,4,5,3,88,,2,51,19,4,4,3,10,4,,,High,,1,0,0,Level 4
5413,42,,,,,2,9988,46,12,4,1,1,5,1,57,,4,50,18,2,3,1,22,2,,Very High,High,,1,0,0,Level 2
5414,24,,,,,5,15220,78,28,5,6,3,3,3,1,,3,56,0,3,4,1,31,3,,,High,,1,0,0,Level 3
5415,51,,,,,3,14810,21,9,2,3,4,2,2,6,,7,45,12,1,4,3,12,4,,,Normal,Expert,1,1,0,Level 3
5416,29,,,,,5,4166,85,12,14,8,3,2,3,71,,9,48,19,1,4,1,19,3,,Medium,High,,1,0,0,Level 1
5417,58,,,,,1,7309,60,25,3,5,4,5,2,62,,5,41,12,2,2,3,38,2,,High,Normal,,1,1,0,Level 2
5418,34,,,,,1,8533,38,21,3,6,3,2,4,46,,5,37,0,4,1,1,14,4,,High,Normal,,1,0,1,Level 2
5419,26,,,,,4,11084,83,12,2,2,2,5,3,28,,2,53,10,3,4,4,38,2,,Very High,High,,1,0,0,Level 2
5420,48,,,,,2,8848,50,19,12,5,2,2,3,60,,4,39,10,3,1,2,34,2,,High,Normal,,1,0,0,Level 2
5421,22,,,,,3,11536,81,22,8,0,3,4,1,84,,5,38,4,4,2,2,43,1,,Very High,Normal,,1,0,0,Level 3
5422,38,,,,,2,3743,64,26,11,4,3,1,4,84,,3,40,10,2,3,4,46,2,,Medium,Normal,,1,0,1,Level 1
5423,29,,,,,1,5541,73,17,3,9,1,4,2,88,,6,58,15,1,2,1,11,1,,Medium,High,,1,0,0,Level 1
5424,47,,,,,3,4148,72,16,11,4,2,1,2,30,,7,39,2,1,4,4,38,2,,Medium,Normal,,1,0,0,Level 1
5425,48,,,,,4,17743,60,10,1,1,1,2,1,90,,9,40,19,4,2,3,12,1,,,Normal,Expert,1,0,0,Level 4
5426,34,,,,,1,16547,84,24,2,5,1,4,2,32,,1,59,18,2,3,2,22,3,,,High,,1,0,0,Level 4
5427,54,,,,,1,18327,37,10,8,2,2,5,2,38,,7,35,18,3,2,3,35,1,,,Low,Expert,1,1,0,Level 4
5428,25,,,,,2,11848,26,20,1,3,1,4,2,13,,2,37,0,4,2,1,38,4,,Very High,Normal,,1,0,0,Level 3
5429,31,,,,,5,7712,42,2,1,2,2,2,2,33,,8,56,14,4,3,4,20,2,,High,High,New,0,0,0,Level 2
5430,57,,,,,2,17679,72,27,13,0,1,2,1,30,,4,59,18,3,3,4,36,2,,,High,,1,1,0,Level 4
5431,32,,,,,1,18880,75,20,11,0,4,1,4,47,,5,48,3,1,2,1,30,1,,,High,,1,0,1,Level 4
5432,48,,,,,2,9207,69,1,1,4,1,4,1,69,,4,39,13,4,3,2,36,3,,Very High,Normal,New,0,0,0,Level 2
5433,38,,,,,5,13199,48,16,10,9,4,2,3,25,,8,43,3,4,1,2,2,3,,,Normal,,1,0,0,Level 3
5434,22,,,,,4,15789,32,10,13,5,2,4,1,92,,5,52,7,4,4,4,45,3,,,High,Expert,1,0,0,Level 4
5435,27,,,,,3,10178,49,15,13,4,3,3,3,51,,3,54,12,2,2,3,47,3,,Very High,High,,1,0,0,Level 2
5436,27,,,,,1,11798,62,26,8,3,4,2,2,31,,8,53,16,1,2,4,9,1,,Very High,High,,1,0,0,Level 3
5437,39,,,,,2,3429,51,29,6,5,3,1,1,4,,5,31,3,4,3,3,38,2,,Medium,Low,,1,0,0,Level 1
5438,23,,,,,1,12196,55,24,7,8,3,1,4,51,,1,34,17,2,2,2,33,2,,,Low,,1,0,1,Level 3
5439,40,,,,,3,4612,20,15,4,3,3,5,4,60,,9,47,0,3,2,2,33,3,,Medium,High,,1,0,1,Level 1
5440,22,,,,,2,13554,97,6,12,8,2,2,4,18,,5,38,3,3,2,4,40,3,,,Normal,Senior,1,0,1,Level 3
5441,27,,,,,4,7311,94,17,8,9,4,5,3,72,,6,37,4,2,2,4,31,3,,High,Normal,,1,0,0,Level 2
5442,42,,,,,3,16268,53,13,13,6,1,1,4,16,,2,30,3,1,3,1,25,4,,,Low,,1,0,1,Level 4
5443,35,,,,,5,5368,18,1,2,3,2,2,3,37,,4,33,18,1,4,3,15,3,,Medium,Low,New,0,0,0,Level 1
5444,32,,,,,5,19290,30,18,9,9,2,3,2,64,,2,44,16,1,1,1,9,2,,,Normal,,1,0,0,Level 4
5445,22,,,,,1,15901,66,23,4,3,2,4,3,76,,5,42,13,1,1,2,48,2,,,Normal,,1,0,0,Level 4
5446,28,,,,,5,11111,33,2,1,2,1,2,2,20,,2,35,14,1,1,1,30,2,,Very High,Low,New,0,0,0,Level 2
5447,33,,,,,2,3283,31,3,2,6,4,5,1,13,,2,30,2,2,4,4,6,2,,Medium,Low,New,0,0,0,Level 1
5448,32,,,,,5,17208,59,28,8,3,3,2,2,82,,6,35,2,1,3,2,10,3,,,Low,,1,0,0,Level 4
5449,26,,,,,4,13226,16,11,9,9,2,1,1,52,,3,56,18,1,3,4,27,1,,,High,Expert,1,0,0,Level 3
5450,34,,,,,2,14816,16,25,5,3,4,1,4,13,,4,40,0,4,1,2,22,3,,,Normal,,1,0,1,Level 3
5451,26,,,,,1,16523,69,1,4,6,4,1,4,71,,4,35,3,3,1,4,48,4,,,Low,New,0,0,1,Level 4
5452,57,,,,,1,11863,18,25,10,6,2,4,4,62,,6,44,15,3,3,3,32,1,,Very High,Normal,,1,1,1,Level 3
5453,53,,,,,5,4482,98,6,13,1,1,2,1,24,,1,43,6,4,4,4,45,2,,Medium,Normal,Senior,1,1,0,Level 1
5454,41,,,,,5,9541,26,16,7,7,1,1,3,17,,6,58,15,4,1,3,4,3,,Very High,High,,1,0,0,Level 2
5455,43,,,,,1,3013,68,15,2,6,2,1,4,76,,7,34,18,1,1,1,44,3,,Medium,Low,,1,0,1,Level 1
5456,56,,,,,2,9243,74,9,7,0,4,3,2,87,,4,43,7,3,3,2,10,2,,Very High,Normal,Expert,1,1,0,Level 2
5457,20,,,,,3,11360,43,12,14,9,1,1,4,55,,3,30,12,4,4,3,42,4,,Very High,Low,,1,0,1,Level 2
5458,29,,,,,1,18706,75,10,12,8,2,5,2,8,,1,35,6,2,4,2,37,2,,,Low,Expert,1,0,0,Level 4
5459,35,,,,,4,7824,60,27,9,7,2,1,4,89,,7,58,8,2,4,2,19,4,,High,High,,1,0,1,Level 2
5460,27,,,,,2,19623,63,24,2,0,2,5,3,22,,7,33,6,3,2,4,31,1,,,Low,,1,0,0,Level 4
5461,44,,,,,3,5287,32,7,12,4,1,4,2,97,,8,57,12,4,4,3,29,2,,Medium,High,Senior,1,0,0,Level 1
5462,31,,,,,3,18068,90,10,8,5,3,4,2,12,,1,30,3,3,4,2,26,1,,,Low,Expert,1,0,0,Level 4
5463,44,,,,,2,7365,88,7,6,7,2,2,3,38,,4,56,4,3,2,3,39,4,,High,High,Senior,1,0,0,Level 2
5464,36,,,,,1,4309,38,6,6,9,4,3,1,13,,3,39,1,3,2,3,36,2,,Medium,Normal,Senior,1,0,0,Level 1
5465,45,,,,,3,16877,31,13,13,6,2,2,2,60,,4,56,6,4,3,2,12,1,,,High,,1,0,0,Level 4
5466,33,,,,,4,19826,70,11,4,4,2,1,4,92,,6,30,3,3,4,4,31,2,,,Low,Expert,1,0,1,Level 4
5467,55,,,,,2,11916,66,24,9,0,2,4,1,90,,9,58,8,1,1,3,8,2,,Very High,High,,1,1,0,Level 3
5468,42,,,,,5,5470,85,25,8,3,4,5,3,85,,8,47,1,1,3,3,14,2,,Medium,High,,1,0,0,Level 1
5469,25,,,,,1,3069,34,8,7,8,2,2,3,40,,4,43,19,4,2,1,21,4,,Medium,Normal,Expert,1,0,0,Level 1
5470,24,,,,,2,18170,43,25,12,7,4,4,1,20,,2,54,16,3,4,3,39,1,,,High,,1,0,0,Level 4
5471,44,,,,,4,9414,97,5,5,9,3,5,2,61,,6,35,9,3,2,4,41,4,,Very High,Low,Experienced,1,0,0,Level 2
5472,37,,,,,3,15257,89,3,5,9,2,5,1,42,,5,31,10,2,4,3,12,2,,,Low,New,0,0,0,Level 3
5473,32,,,,,1,15389,64,4,2,1,1,1,2,24,,4,53,18,4,4,4,47,4,,,High,Experienced,0,0,0,Level 3
5474,33,,,,,1,17277,29,4,5,1,3,2,1,28,,5,33,12,3,1,3,49,3,,,Low,Experienced,0,0,0,Level 4
5475,47,,,,,2,3597,45,25,3,7,4,5,3,21,,9,45,5,3,2,2,46,2,,Medium,Normal,,1,0,0,Level 1
5476,37,,,,,2,8561,27,9,13,2,4,4,2,76,,9,46,1,4,4,1,39,1,,High,High,Expert,1,0,0,Level 2
5477,47,,,,,4,11863,70,1,7,4,4,2,2,91,,9,49,4,4,3,4,45,1,,Very High,High,New,0,0,0,Level 3
5478,46,,,,,5,9105,33,15,9,8,2,1,2,12,,9,55,4,3,4,1,33,2,,Very High,High,,1,0,0,Level 2
5479,51,,,,,2,5899,84,13,13,1,3,1,3,85,,3,30,13,2,3,3,12,3,,Medium,Low,,1,1,0,Level 1
5480,28,,,,,2,9563,42,5,10,7,4,4,3,45,,8,53,18,2,2,1,16,3,,Very High,High,Experienced,1,0,0,Level 2
5481,59,,,,,2,6990,36,18,13,1,2,5,2,90,,2,57,5,4,2,4,21,1,,High,High,,1,1,0,Level 1
5482,51,,,,,4,14724,42,5,12,2,4,1,3,93,,1,30,19,3,4,3,45,3,,,Low,Experienced,1,1,0,Level 3
5483,39,,,,,3,5748,94,11,14,6,3,1,1,57,,6,35,1,2,2,4,23,2,,Medium,Low,Expert,1,0,0,Level 1
5484,47,,,,,5,8504,47,21,6,6,2,5,1,27,,5,39,16,4,1,3,15,2,,High,Normal,,1,0,0,Level 2
5485,52,,,,,4,13782,59,3,12,4,1,5,4,40,,4,47,2,4,1,4,16,3,,,High,New,0,1,1,Level 3
5486,23,,,,,2,16586,62,4,12,0,2,5,4,40,,5,40,0,2,2,3,17,2,,,Normal,Experienced,0,0,1,Level 4
5487,53,,,,,3,14222,77,7,11,1,3,3,4,19,,8,59,8,1,1,4,30,1,,,High,Senior,1,1,1,Level 3
5488,22,,,,,2,18151,40,26,10,6,1,3,3,98,,8,33,5,1,4,1,20,1,,,Low,,1,0,0,Level 4
5489,45,,,,,4,15731,15,29,12,7,4,5,3,50,,9,44,8,1,2,4,1,2,,,Normal,,1,0,0,Level 4
5490,27,,,,,1,7101,76,4,7,5,3,5,2,7,,4,44,17,2,4,4,13,4,,High,Normal,Experienced,0,0,0,Level 1
5491,25,,,,,2,4227,86,3,12,2,4,4,3,49,,8,35,7,2,2,1,10,4,,Medium,Low,New,0,0,0,Level 1
5492,35,,,,,3,18229,17,10,7,2,3,1,2,31,,6,39,7,3,2,3,37,1,,,Normal,Expert,1,0,0,Level 4
5493,43,,,,,5,3721,91,20,7,8,4,2,4,42,,4,39,16,4,2,1,1,2,,Medium,Normal,,1,0,1,Level 1
5494,58,,,,,1,13520,98,11,14,2,2,3,4,60,,3,46,8,3,2,1,14,4,,,High,Expert,1,1,1,Level 3
5495,49,,,,,2,14157,19,18,4,5,1,3,1,84,,4,37,8,4,4,3,14,3,,,Normal,,1,0,0,Level 3
5496,32,,,,,2,14741,59,1,6,2,2,5,2,85,,8,58,3,2,2,3,10,2,,,High,New,0,0,0,Level 3
5497,24,,,,,3,5475,26,21,7,9,3,5,3,87,,4,42,14,1,1,2,38,3,,Medium,Normal,,1,0,0,Level 1
5498,44,,,,,1,11604,62,9,14,2,1,5,4,84,,5,41,9,3,2,4,7,1,,Very High,Normal,Expert,1,0,1,Level 3
5499,39,,,,,1,6687,95,25,10,8,2,2,1,43,,6,48,14,2,3,3,27,3,,High,High,,1,0,0,Level 1
5500,37,,,,,1,4026,28,17,14,7,3,3,2,35,,9,35,16,3,2,3,47,3,,Medium,Low,,1,0,0,Level 1
5501,37,,,,,2,15972,67,12,12,6,1,2,3,67,,4,52,5,3,1,2,2,1,,,High,,1,0,0,Level 4
5502,21,,,,,1,8795,59,1,11,2,2,1,3,10,,4,42,4,1,4,3,4,4,,High,Normal,New,0,0,0,Level 2
5503,29,,,,,2,11251,46,24,4,4,4,2,4,7,,6,42,2,2,4,4,40,3,,Very High,Normal,,1,0,1,Level 2
5504,31,,,,,2,3589,44,23,9,0,1,4,3,3,,8,49,18,4,3,1,17,4,,Medium,High,,1,0,0,Level 1
5505,32,,,,,1,13769,26,7,11,1,4,3,1,73,,2,44,6,3,2,1,20,2,,,Normal,Senior,1,0,0,Level 3
5506,30,,,,,4,15260,97,14,9,8,1,2,3,11,,3,45,0,1,4,4,7,4,,,Normal,,1,0,0,Level 3
5507,38,,,,,5,8077,58,9,12,2,2,3,1,96,,7,49,17,3,4,1,6,3,,High,High,Expert,1,0,0,Level 2
5508,54,,,,,5,17061,39,12,4,4,3,5,3,36,,6,47,16,1,4,1,8,4,,,High,,1,1,0,Level 4
5509,58,,,,,4,19019,56,21,8,3,2,2,3,64,,9,31,15,2,4,4,10,1,,,Low,,1,1,0,Level 4
5510,45,,,,,1,11238,35,8,8,7,2,3,1,80,,2,46,1,3,4,2,25,2,,Very High,High,Expert,1,0,0,Level 2
5511,33,,,,,2,18616,75,7,2,0,1,2,1,13,,4,36,8,1,2,1,4,3,,,Normal,Senior,1,0,0,Level 4
5512,43,,,,,3,9499,80,14,6,5,4,2,1,97,,9,44,2,1,3,2,16,4,,Very High,Normal,,1,0,0,Level 2
5513,20,,,,,4,4664,35,2,9,5,2,2,4,39,,6,30,6,2,1,2,8,2,,Medium,Low,New,0,0,1,Level 1
5514,41,,,,,5,9596,40,2,8,7,4,4,4,90,,7,34,5,4,2,4,49,4,,Very High,Low,New,0,0,1,Level 2
5515,42,,,,,5,15232,46,29,1,0,1,4,2,23,,1,34,7,3,2,3,37,2,,,Low,,1,0,0,Level 3
5516,38,,,,,2,9320,31,20,5,3,3,2,3,81,,7,41,2,3,1,4,24,1,,Very High,Normal,,1,0,0,Level 2
5517,37,,,,,5,14195,18,17,13,0,1,2,1,62,,1,41,3,3,2,4,18,4,,,Normal,,1,0,0,Level 3
5518,31,,,,,5,11401,53,10,13,8,4,3,2,15,,1,38,10,4,2,3,4,3,,Very High,Normal,Expert,1,0,0,Level 2
5519,47,,,,,2,16336,29,21,5,5,4,5,4,50,,2,45,10,3,1,1,23,2,,,Normal,,1,0,1,Level 4
5520,47,,,,,1,12379,47,5,9,6,4,1,2,15,,7,38,4,4,3,2,23,2,,,Normal,Experienced,1,0,0,Level 3
5521,52,,,,,5,6053,75,1,2,0,2,5,1,57,,6,46,14,4,1,2,5,2,,High,High,New,0,1,0,Level 1
5522,38,,,,,1,19418,28,5,5,9,4,3,4,34,,7,51,12,2,2,2,49,2,,,High,Experienced,1,0,1,Level 4
5523,47,,,,,3,5043,61,4,1,3,4,4,4,67,,3,43,9,2,4,3,12,1,,Medium,Normal,Experienced,0,0,1,Level 1
5524,56,,,,,1,15762,16,12,8,6,2,3,3,97,,4,48,14,1,4,4,1,2,,,High,,1,1,0,Level 4
5525,45,,,,,2,11455,98,14,8,3,4,3,1,32,,5,46,4,3,1,1,6,2,,Very High,High,,1,0,0,Level 3
5526,54,,,,,2,12320,80,26,2,4,2,1,4,86,,4,53,0,3,3,3,24,4,,,High,,1,1,1,Level 3
5527,53,,,,,2,16527,62,11,10,0,3,5,1,73,,1,55,3,4,1,3,15,4,,,High,Expert,1,1,0,Level 4
5528,54,,,,,5,7855,78,21,13,2,2,4,3,56,,2,51,4,4,1,1,45,1,,High,High,,1,1,0,Level 2
5529,59,,,,,4,17309,80,4,1,7,2,3,2,74,,7,50,12,3,3,1,13,4,,,High,Experienced,0,1,0,Level 4
5530,35,,,,,5,19856,62,25,3,8,4,1,2,67,,5,35,2,2,4,2,12,1,,,Low,,1,0,0,Level 4
5531,57,,,,,1,10703,95,9,9,7,1,3,3,91,,3,45,5,2,1,2,28,1,,Very High,Normal,Expert,1,1,0,Level 2
5532,32,,,,,3,14769,32,3,7,3,2,3,3,11,,8,32,10,1,3,3,14,4,,,Low,New,0,0,0,Level 3
5533,42,,,,,3,7674,65,3,7,9,1,5,4,16,,6,38,7,1,2,4,38,1,,High,Normal,New,0,0,1,Level 2
5534,41,,,,,3,7330,18,3,10,0,3,5,3,68,,4,45,19,3,2,4,17,3,,High,Normal,New,0,0,0,Level 2
5535,35,,,,,3,17937,95,7,4,3,2,1,2,95,,1,55,0,2,3,1,48,4,,,High,Senior,1,0,0,Level 4
5536,47,,,,,4,5908,47,1,5,5,4,3,4,1,,8,35,19,3,3,4,11,4,,Medium,Low,New,0,0,1,Level 1
5537,54,,,,,3,9332,37,13,7,1,3,3,4,76,,3,54,3,4,2,1,36,3,,Very High,High,,1,1,1,Level 2
5538,27,,,,,5,16996,67,4,2,6,2,3,4,84,,2,35,14,4,2,4,28,1,,,Low,Experienced,0,0,1,Level 4
5539,41,,,,,3,6684,27,25,3,2,2,2,3,12,,9,48,10,4,1,2,43,3,,High,High,,1,0,0,Level 1
5540,40,,,,,2,18389,85,12,3,7,4,2,1,31,,3,44,1,4,1,4,25,4,,,Normal,,1,0,0,Level 4
5541,45,,,,,1,3469,72,8,11,3,4,3,4,40,,8,41,14,3,4,3,12,2,,Medium,Normal,Expert,1,0,1,Level 1
5542,59,,,,,5,8499,77,19,7,8,4,5,1,19,,4,31,14,4,1,2,37,4,,High,Low,,1,1,0,Level 2
5543,40,,,,,4,13361,79,24,7,0,2,1,3,58,,2,49,8,3,3,3,49,2,,,High,,1,0,0,Level 3
5544,44,,,,,5,7323,56,6,11,9,1,5,1,0,,4,30,16,1,4,1,20,1,,High,Low,Senior,1,0,0,Level 2
5545,20,,,,,2,3988,54,10,6,0,4,1,3,46,,4,34,18,2,4,4,28,4,,Medium,Low,Expert,1,0,0,Level 1
5546,25,,,,,3,17218,35,13,1,4,1,4,4,46,,5,57,14,2,3,2,16,2,,,High,,1,0,1,Level 4
5547,42,,,,,3,9696,97,27,10,8,4,3,2,86,,3,42,9,1,2,2,8,2,,Very High,Normal,,1,0,0,Level 2
5548,42,,,,,4,15302,94,3,11,5,1,3,2,76,,5,36,16,4,2,3,9,4,,,Normal,New,0,0,0,Level 3
5549,42,,,,,1,19597,47,28,8,1,2,2,1,4,,6,33,12,2,2,4,28,2,,,Low,,1,0,0,Level 4
5550,51,,,,,3,15890,84,9,10,8,2,4,2,98,,3,56,1,2,2,2,3,2,,,High,Expert,1,1,0,Level 4
5551,49,,,,,4,15339,56,10,10,6,2,2,4,3,,2,55,13,3,1,3,45,4,,,High,Expert,1,0,1,Level 3
5552,32,,,,,3,10483,51,13,4,4,1,5,3,92,,9,49,11,1,4,1,38,4,,Very High,High,,1,0,0,Level 2
5553,37,,,,,5,6440,86,16,8,6,1,2,1,65,,8,32,8,1,3,3,46,4,,High,Low,,1,0,0,Level 1
5554,42,,,,,4,8732,15,23,7,8,3,1,3,47,,6,42,15,1,4,1,41,1,,High,Normal,,1,0,0,Level 2
5555,34,,,,,4,11891,91,8,1,7,4,3,3,53,,5,47,3,3,4,3,35,2,,Very High,High,Expert,1,0,0,Level 3
5556,52,,,,,4,8152,40,26,7,7,1,5,3,2,,4,48,7,2,2,3,39,2,,High,High,,1,1,0,Level 2
5557,40,,,,,3,12501,94,11,4,8,4,4,2,21,,6,38,7,3,2,2,44,2,,,Normal,Expert,1,0,0,Level 3
5558,58,,,,,4,7612,53,2,5,2,3,3,4,77,,1,40,3,1,2,3,16,3,,High,Normal,New,0,1,1,Level 2
5559,42,,,,,5,6900,61,29,13,0,3,5,4,76,,7,49,14,3,1,1,5,2,,High,High,,1,0,1,Level 1
5560,46,,,,,1,18102,70,19,6,3,1,4,3,1,,2,54,9,2,3,3,5,3,,,High,,1,0,0,Level 4
5561,37,,,,,1,7364,72,29,5,8,2,1,2,54,,1,49,17,3,4,2,35,1,,High,High,,1,0,0,Level 2
5562,43,,,,,2,17331,42,23,12,9,1,1,3,72,,1,42,17,3,4,3,42,1,,,Normal,,1,0,0,Level 4
5563,59,,,,,5,6857,71,2,2,0,3,4,3,15,,2,41,15,2,1,4,26,1,,High,Normal,New,0,1,0,Level 1
5564,26,,,,,5,5187,85,6,8,9,2,3,2,11,,3,55,14,3,4,3,9,3,,Medium,High,Senior,1,0,0,Level 1
5565,39,,,,,4,15431,86,16,8,0,1,1,1,55,,3,51,14,1,2,4,46,3,,,High,,1,0,0,Level 3
5566,46,,,,,2,13461,59,16,14,5,2,5,1,49,,9,58,6,1,1,4,30,1,,,High,,1,0,0,Level 3
5567,25,,,,,5,3780,79,7,5,3,3,3,2,65,,8,46,6,4,1,3,36,2,,Medium,High,Senior,1,0,0,Level 1
5568,46,,,,,5,19273,18,11,14,0,1,4,1,96,,1,36,11,3,1,4,27,1,,,Normal,Expert,1,0,0,Level 4
5569,28,,,,,5,8729,75,27,5,3,2,1,2,84,,5,48,0,4,1,4,1,4,,High,High,,1,0,0,Level 2
5570,50,,,,,3,7530,75,16,12,5,3,1,3,78,,5,35,2,2,4,3,48,4,,High,Low,,1,1,0,Level 2
5571,40,,,,,5,8664,57,6,7,7,1,2,3,77,,7,40,16,3,2,4,45,2,,High,Normal,Senior,1,0,0,Level 2
5572,45,,,,,3,10621,33,5,2,8,1,2,4,10,,7,39,11,4,1,2,26,2,,Very High,Normal,Experienced,1,0,1,Level 2
5573,59,,,,,5,19181,15,9,5,9,2,3,2,17,,8,37,16,3,1,3,10,2,,,Normal,Expert,1,1,0,Level 4
5574,32,,,,,1,14269,33,3,1,5,2,3,1,50,,2,37,2,4,1,2,4,4,,,Normal,New,0,0,0,Level 3
5575,42,,,,,3,6312,65,21,13,1,2,4,1,88,,2,37,1,2,1,3,48,4,,High,Normal,,1,0,0,Level 1
5576,39,,,,,3,14318,78,29,4,5,1,4,1,71,,2,37,2,4,2,1,4,1,,,Normal,,1,0,0,Level 3
5577,56,,,,,4,14334,77,21,12,0,2,4,3,65,,9,45,10,4,3,1,4,3,,,Normal,,1,1,0,Level 3
5578,47,,,,,5,12821,43,8,8,0,2,2,1,83,,9,43,18,3,2,1,38,3,,,Normal,Expert,1,0,0,Level 3
5579,36,,,,,2,19944,33,8,1,0,4,1,3,56,,8,59,19,4,4,3,9,4,,,High,Expert,1,0,0,Level 4
5580,47,,,,,2,5695,57,17,10,5,2,1,3,25,,1,32,10,2,3,1,34,2,,Medium,Low,,1,0,0,Level 1
5581,21,,,,,2,10910,84,6,1,6,1,4,4,73,,1,37,16,4,2,2,5,3,,Very High,Normal,Senior,1,0,1,Level 2
5582,44,,,,,2,13851,53,12,14,0,1,2,3,71,,8,31,11,1,3,4,31,2,,,Low,,1,0,0,Level 3
5583,25,,,,,1,17803,37,6,13,2,4,4,4,93,,2,35,4,1,1,1,36,4,,,Low,Senior,1,0,1,Level 4
5584,30,,,,,2,10460,15,15,4,2,3,5,3,5,,7,57,6,2,2,4,33,2,,Very High,High,,1,0,0,Level 2
5585,57,,,,,4,13951,75,11,10,6,1,3,3,97,,1,33,7,1,2,3,13,4,,,Low,Expert,1,1,0,Level 3
5586,25,,,,,2,5003,93,10,5,3,4,2,2,55,,6,45,11,1,1,2,11,1,,Medium,Normal,Expert,1,0,0,Level 1
5587,30,,,,,4,15408,39,29,9,8,1,1,3,46,,5,56,1,3,4,3,37,4,,,High,,1,0,0,Level 3
5588,33,,,,,3,6992,18,2,14,8,2,5,3,79,,8,40,6,4,4,3,35,4,,High,Normal,New,0,0,0,Level 1
5589,21,,,,,5,4461,15,21,5,9,2,3,4,18,,8,43,11,1,4,1,40,1,,Medium,Normal,,1,0,1,Level 1
5590,59,,,,,2,16038,54,29,1,3,1,3,3,2,,3,47,10,3,2,1,49,1,,,High,,1,1,0,Level 4
5591,22,,,,,4,12198,35,6,11,2,4,3,2,12,,3,34,10,3,4,4,47,1,,,Low,Senior,1,0,0,Level 3
5592,54,,,,,4,15474,57,19,3,5,1,2,1,81,,8,48,16,3,4,4,18,3,,,High,,1,1,0,Level 3
5593,52,,,,,5,8278,24,17,4,8,2,2,2,40,,8,50,11,3,3,3,30,4,,High,High,,1,1,0,Level 2
5594,43,,,,,3,3517,80,9,7,9,2,2,2,40,,6,38,12,1,4,3,39,1,,Medium,Normal,Expert,1,0,0,Level 1
5595,38,,,,,2,9825,31,2,2,7,4,1,3,6,,1,45,15,2,3,2,13,1,,Very High,Normal,New,0,0,0,Level 2
5596,37,,,,,4,11054,27,4,4,6,4,1,1,21,,9,32,1,2,4,1,5,1,,Very High,Low,Experienced,0,0,0,Level 2
5597,43,,,,,2,8299,24,25,8,6,2,1,3,30,,8,30,4,4,3,1,42,3,,High,Low,,1,0,0,Level 2
5598,54,,,,,1,18790,66,9,5,4,3,5,2,82,,7,48,0,1,2,2,6,3,,,High,Expert,1,1,0,Level 4
5599,20,,,,,4,10379,24,8,6,8,2,5,1,18,,1,38,5,3,3,1,48,1,,Very High,Normal,Expert,1,0,0,Level 2
5600,55,,,,,3,17235,61,4,3,1,3,4,2,46,,1,53,3,1,1,3,6,1,,,High,Experienced,0,1,0,Level 4
5601,44,,,,,5,4000,23,1,4,4,4,4,2,14,,9,46,7,2,4,1,45,3,,Medium,High,New,0,0,0,Level 1
5602,53,,,,,4,11831,60,11,9,4,1,3,2,71,,1,40,9,3,3,4,3,1,,Very High,Normal,Expert,1,1,0,Level 3
5603,44,,,,,1,17119,82,11,2,4,2,3,1,92,,1,39,12,1,3,2,29,4,,,Normal,Expert,1,0,0,Level 4
5604,35,,,,,5,3729,68,7,3,7,3,2,3,55,,6,46,18,1,1,4,21,2,,Medium,High,Senior,1,0,0,Level 1
5605,53,,,,,3,5810,82,18,2,0,2,3,3,49,,1,36,1,3,3,4,45,3,,Medium,Normal,,1,1,0,Level 1
5606,48,,,,,2,5937,18,8,2,3,2,3,1,16,,3,35,5,4,2,1,8,2,,Medium,Low,Expert,1,0,0,Level 1
5607,38,,,,,2,7196,89,15,11,0,1,5,1,33,,2,32,17,2,4,2,28,4,,High,Low,,1,0,0,Level 2
5608,42,,,,,4,9463,15,26,9,4,3,1,1,41,,7,33,2,4,4,3,49,2,,Very High,Low,,1,0,0,Level 2
5609,38,,,,,5,16135,99,10,8,6,4,3,2,84,,4,49,7,2,2,1,12,1,,,High,Expert,1,0,0,Level 4
5610,44,,,,,1,18033,73,14,7,1,3,4,3,28,,5,38,1,4,2,4,42,1,,,Normal,,1,0,0,Level 4
5611,35,,,,,1,17691,39,27,14,1,2,4,2,71,,7,57,5,3,3,1,48,2,,,High,,1,0,0,Level 4
5612,28,,,,,3,14134,23,2,9,6,1,3,1,5,,2,55,1,2,1,4,38,4,,,High,New,0,0,0,Level 3
5613,20,,,,,5,12806,39,10,8,1,4,2,4,67,,4,55,12,4,4,3,13,3,,,High,Expert,1,0,1,Level 3
5614,38,,,,,5,10522,96,19,9,1,1,4,2,23,,9,51,1,2,1,4,31,1,,Very High,High,,1,0,0,Level 2
5615,52,,,,,2,10470,85,15,2,5,1,3,2,19,,3,59,14,2,2,4,33,2,,Very High,High,,1,1,0,Level 2
5616,53,,,,,3,16597,40,22,7,4,2,4,1,82,,6,41,0,4,1,2,32,3,,,Normal,,1,1,0,Level 4
5617,35,,,,,3,7550,70,20,9,0,4,3,1,80,,4,33,10,3,3,3,27,4,,High,Low,,1,0,0,Level 2
5618,59,,,,,3,8443,63,2,13,6,1,5,1,51,,8,56,19,1,1,1,18,3,,High,High,New,0,1,0,Level 2
5619,37,,,,,5,11710,96,17,14,1,4,4,3,87,,2,47,1,1,3,4,15,1,,Very High,High,,1,0,0,Level 3
5620,53,,,,,2,8934,79,3,13,1,4,3,1,90,,5,40,7,3,4,4,4,1,,High,Normal,New,0,1,0,Level 2
5621,44,,,,,3,8422,75,4,9,2,4,5,3,22,,4,55,3,4,4,4,49,1,,High,High,Experienced,0,0,0,Level 2
5622,25,,,,,2,3209,23,25,8,8,1,3,4,77,,9,45,0,3,2,1,45,2,,Medium,Normal,,1,0,1,Level 1
5623,40,,,,,3,6940,24,25,1,0,1,3,4,53,,7,55,0,2,2,4,46,2,,High,High,,1,0,1,Level 1
5624,25,,,,,5,17779,25,5,3,7,3,2,1,74,,6,34,14,4,2,3,47,3,,,Low,Experienced,1,0,0,Level 4
5625,51,,,,,2,3175,99,12,8,1,4,3,2,86,,8,47,11,1,2,4,43,3,,Medium,High,,1,1,0,Level 1
5626,58,,,,,4,10254,50,21,3,8,1,4,4,7,,3,30,5,2,2,3,42,2,,Very High,Low,,1,1,1,Level 2
5627,50,,,,,3,7856,70,23,4,4,1,1,1,11,,3,46,17,2,2,2,11,2,,High,High,,1,1,0,Level 2
5628,29,,,,,5,11408,46,24,10,8,2,3,2,44,,3,51,11,2,2,4,19,1,,Very High,High,,1,0,0,Level 3
5629,49,,,,,2,16718,97,19,2,9,3,4,2,56,,1,38,10,3,4,1,29,4,,,Normal,,1,0,0,Level 4
5630,37,,,,,1,19987,86,12,3,8,4,3,3,64,,8,45,4,2,1,3,15,1,,,Normal,,1,0,0,Level 4
5631,43,,,,,5,16740,49,5,5,4,1,1,4,67,,8,41,6,3,3,1,33,2,,,Normal,Experienced,1,0,1,Level 4
5632,28,,,,,5,14495,18,23,12,1,1,1,2,3,,7,43,4,2,4,3,41,3,,,Normal,,1,0,0,Level 3
5633,50,,,,,1,3819,76,15,11,8,3,3,1,61,,3,40,10,2,4,1,32,1,,Medium,Normal,,1,1,0,Level 1
5634,34,,,,,1,17022,77,27,6,7,3,4,2,76,,7,50,2,1,3,2,21,1,,,High,,1,0,0,Level 4
5635,23,,,,,4,13663,22,18,6,2,4,5,4,30,,7,38,0,4,4,4,1,2,,,Normal,,1,0,1,Level 3
5636,59,,,,,4,14662,90,25,7,0,1,2,2,53,,7,33,8,4,3,2,14,4,,,Low,,1,1,0,Level 3
5637,28,,,,,4,18216,83,19,12,4,3,3,2,30,,4,45,16,4,3,3,17,3,,,Normal,,1,0,0,Level 4
5638,28,,,,,5,6012,75,23,10,1,1,4,1,31,,5,51,14,2,1,2,26,2,,High,High,,1,0,0,Level 1
5639,45,,,,,5,3184,77,28,8,8,3,1,1,39,,5,32,14,4,2,2,6,3,,Medium,Low,,1,0,0,Level 1
5640,23,,,,,5,9418,75,25,6,4,1,4,4,3,,4,52,2,1,4,3,48,1,,Very High,High,,1,0,1,Level 2
5641,36,,,,,4,4371,51,25,10,6,3,3,2,6,,1,49,7,1,2,1,7,2,,Medium,High,,1,0,0,Level 1
5642,35,,,,,2,13958,18,3,6,0,1,4,2,55,,2,51,16,1,4,4,16,3,,,High,New,0,0,0,Level 3
5643,34,,,,,5,3006,70,2,2,0,3,4,3,56,,2,51,6,4,2,2,17,1,,Medium,High,New,0,0,0,Level 1
5644,54,,,,,5,7045,57,11,13,7,3,3,2,45,,5,44,12,4,4,4,34,3,,High,Normal,Expert,1,1,0,Level 1
5645,24,,,,,5,4623,35,14,3,7,4,3,2,48,,3,33,2,4,2,3,49,4,,Medium,Low,,1,0,0,Level 1
5646,24,,,,,4,17834,72,21,6,7,1,5,3,49,,2,40,18,4,4,2,46,3,,,Normal,,1,0,0,Level 4
5647,39,,,,,3,11254,30,5,6,6,2,3,2,48,,5,40,4,4,4,2,41,1,,Very High,Normal,Experienced,1,0,0,Level 2
5648,34,,,,,4,3586,67,13,6,4,3,1,4,79,,2,47,13,2,4,2,24,4,,Medium,High,,1,0,1,Level 1
5649,37,,,,,3,19762,32,8,4,0,1,4,1,42,,3,31,5,2,4,4,37,2,,,Low,Expert,1,0,0,Level 4
5650,21,,,,,4,17630,71,6,11,7,2,1,2,64,,9,45,1,3,1,2,10,2,,,Normal,Senior,1,0,0,Level 4
5651,48,,,,,2,12447,52,12,2,9,4,2,2,5,,7,43,2,1,3,1,27,1,,,Normal,,1,0,0,Level 3
5652,32,,,,,2,13633,46,7,8,6,4,2,1,85,,9,35,6,4,1,1,23,4,,,Low,Senior,1,0,0,Level 3
5653,23,,,,,5,19119,33,11,2,2,2,3,1,29,,7,54,13,1,4,2,2,1,,,High,Expert,1,0,0,Level 4
5654,29,,,,,4,6946,98,8,3,6,4,4,3,71,,4,43,11,1,1,1,9,2,,High,Normal,Expert,1,0,0,Level 1
5655,50,,,,,3,3736,62,9,1,4,4,3,3,66,,6,35,6,1,2,2,37,1,,Medium,Low,Expert,1,1,0,Level 1
5656,27,,,,,3,18218,88,4,9,9,1,5,3,53,,1,54,1,4,4,1,49,2,,,High,Experienced,0,0,0,Level 4
5657,22,,,,,2,13651,40,5,3,9,3,1,2,73,,1,47,6,4,4,2,4,3,,,High,Experienced,1,0,0,Level 3
5658,28,,,,,5,14491,96,4,2,9,1,3,2,24,,3,37,16,4,2,1,31,4,,,Normal,Experienced,0,0,0,Level 3
5659,49,,,,,3,19697,59,25,6,3,3,5,3,41,,5,59,5,3,3,2,32,2,,,High,,1,0,0,Level 4
5660,30,,,,,4,10619,59,12,8,0,2,1,1,71,,6,52,1,3,2,3,21,4,,Very High,High,,1,0,0,Level 2
5661,54,,,,,5,4432,29,18,4,9,3,3,3,60,,8,32,10,3,3,4,21,3,,Medium,Low,,1,1,0,Level 1
5662,56,,,,,4,15710,32,29,1,1,1,3,1,37,,1,41,9,3,3,4,12,4,,,Normal,,1,1,0,Level 4
5663,32,,,,,4,15517,45,15,14,1,1,3,3,35,,1,47,13,4,4,3,15,3,,,High,,1,0,0,Level 3
5664,55,,,,,2,12786,29,8,7,9,4,5,3,40,,4,53,8,2,2,2,15,3,,,High,Expert,1,1,0,Level 3
5665,32,,,,,4,14775,29,11,14,1,2,1,2,46,,3,30,7,1,2,2,18,2,,,Low,Expert,1,0,0,Level 3
5666,31,,,,,1,16003,79,14,14,8,1,4,4,86,,1,38,19,4,2,2,20,1,,,Normal,,1,0,1,Level 4
5667,56,,,,,5,17236,60,7,3,5,3,5,1,30,,2,55,6,1,3,2,26,3,,,High,Senior,1,1,0,Level 4
5668,29,,,,,1,17945,89,29,5,4,1,5,3,1,,7,45,1,2,3,3,49,1,,,Normal,,1,0,0,Level 4
5669,28,,,,,4,19721,30,16,11,9,1,5,3,67,,1,53,16,2,3,3,44,1,,,High,,1,0,0,Level 4
5670,26,,,,,4,7341,69,23,2,3,1,1,1,33,,4,47,6,1,2,3,24,1,,High,High,,1,0,0,Level 2
5671,21,,,,,2,19941,44,8,8,8,4,2,4,7,,7,42,5,1,4,3,21,1,,,Normal,Expert,1,0,1,Level 4
5672,42,,,,,2,7299,55,29,3,8,4,4,4,55,,8,36,3,4,3,3,14,3,,High,Normal,,1,0,1,Level 2
5673,58,,,,,2,4216,81,27,9,9,3,4,2,95,,3,58,13,4,3,2,2,2,,Medium,High,,1,1,0,Level 1
5674,59,,,,,2,15102,31,11,1,6,4,4,4,10,,3,52,0,2,1,1,21,1,,,High,Expert,1,1,1,Level 3
5675,58,,,,,3,15961,40,1,6,4,3,2,1,86,,6,39,0,3,3,2,31,4,,,Normal,New,0,1,0,Level 4
5676,40,,,,,2,11927,87,17,3,5,4,5,3,69,,8,57,2,4,2,4,3,2,,Very High,High,,1,0,0,Level 3
5677,42,,,,,4,14517,95,7,14,2,4,2,1,73,,1,42,7,3,4,4,20,4,,,Normal,Senior,1,0,0,Level 3
5678,48,,,,,4,13523,78,18,4,1,2,4,4,67,,8,48,15,3,4,4,22,2,,,High,,1,0,1,Level 3
5679,33,,,,,5,7668,72,12,11,9,3,5,1,66,,2,43,0,4,3,3,47,3,,High,Normal,,1,0,0,Level 2
5680,45,,,,,1,11373,89,20,4,9,4,1,4,11,,3,56,14,3,1,2,11,1,,Very High,High,,1,0,1,Level 2
5681,24,,,,,3,19591,17,28,8,3,1,4,1,60,,9,57,14,1,1,2,21,2,,,High,,1,0,0,Level 4
5682,50,,,,,3,4193,42,22,9,2,1,5,3,0,,8,42,14,2,3,3,17,1,,Medium,Normal,,1,1,0,Level 1
5683,44,,,,,5,7234,18,21,5,3,4,1,1,77,,2,43,13,2,4,4,8,3,,High,Normal,,1,0,0,Level 2
5684,50,,,,,5,4658,54,5,12,9,3,2,2,91,,2,43,0,4,4,4,34,2,,Medium,Normal,Experienced,1,1,0,Level 1
5685,39,,,,,2,19809,89,27,11,0,4,5,3,10,,1,35,9,2,4,3,1,2,,,Low,,1,0,0,Level 4
5686,36,,,,,5,18806,71,6,10,0,3,5,3,29,,2,44,0,2,3,4,14,1,,,Normal,Senior,1,0,0,Level 4
5687,21,,,,,3,8029,79,26,10,5,4,2,2,1,,6,55,5,1,1,1,4,1,,High,High,,1,0,0,Level 2
5688,44,,,,,1,8064,61,23,3,9,2,1,2,5,,8,48,2,3,3,2,46,4,,High,High,,1,0,0,Level 2
5689,32,,,,,1,3568,94,2,9,3,3,2,3,23,,5,33,1,2,2,3,3,4,,Medium,Low,New,0,0,0,Level 1
5690,58,,,,,3,19614,48,12,1,1,4,4,3,77,,4,56,16,1,1,2,41,3,,,High,,1,1,0,Level 4
5691,47,,,,,2,3994,59,11,1,2,2,3,2,35,,4,55,7,3,3,2,24,2,,Medium,High,Expert,1,0,0,Level 1
5692,25,,,,,1,12848,46,4,3,7,2,2,3,1,,3,37,16,1,4,3,45,2,,,Normal,Experienced,0,0,0,Level 3
5693,22,,,,,1,7039,58,7,2,5,3,4,2,66,,3,49,8,2,1,3,10,1,,High,High,Senior,1,0,0,Level 1
5694,54,,,,,2,17389,25,5,8,1,4,5,3,25,,4,37,4,1,4,2,26,4,,,Normal,Experienced,1,1,0,Level 4
5695,37,,,,,1,8919,50,11,5,6,2,4,4,28,,5,50,2,4,3,1,31,3,,High,High,Expert,1,0,1,Level 2
5696,30,,,,,4,16581,27,28,10,1,2,5,4,86,,8,42,2,1,1,2,43,4,,,Normal,,1,0,1,Level 4
5697,39,,,,,3,17724,71,16,1,0,1,3,3,49,,7,45,4,4,1,2,42,2,,,Normal,,1,0,0,Level 4
5698,24,,,,,1,11530,98,10,3,4,1,3,3,6,,5,44,0,1,2,4,40,1,,Very High,Normal,Expert,1,0,0,Level 3
5699,38,,,,,1,10202,39,9,3,9,1,2,1,59,,4,50,14,3,3,1,41,1,,Very High,High,Expert,1,0,0,Level 2
5700,41,,,,,2,17285,84,6,13,8,3,3,3,67,,7,59,12,3,1,1,10,2,,,High,Senior,1,0,0,Level 4
5701,38,,,,,1,19195,51,13,2,4,1,2,1,78,,2,45,10,1,1,1,13,2,,,Normal,,1,0,0,Level 4
5702,35,,,,,2,9041,18,4,9,0,4,1,4,22,,7,55,10,4,2,3,8,1,,Very High,High,Experienced,0,0,1,Level 2
5703,43,,,,,3,3585,40,11,13,1,2,5,2,21,,8,40,18,4,3,3,28,1,,Medium,Normal,Expert,1,0,0,Level 1
5704,23,,,,,4,3421,96,11,1,3,1,2,4,70,,1,51,18,2,2,3,47,2,,Medium,High,Expert,1,0,1,Level 1
5705,34,,,,,5,12505,27,28,10,4,4,3,3,49,,4,40,10,2,4,3,47,3,,,Normal,,1,0,0,Level 3
5706,44,,,,,3,16939,86,16,5,1,4,3,3,81,,8,41,0,1,3,2,28,3,,,Normal,,1,0,0,Level 4
5707,54,,,,,1,10459,65,26,9,2,1,5,1,88,,7,47,13,3,2,2,37,4,,Very High,High,,1,1,0,Level 2
5708,33,,,,,4,10939,61,20,12,5,3,5,2,47,,8,33,0,3,4,4,14,1,,Very High,Low,,1,0,0,Level 2
5709,38,,,,,5,4177,47,29,3,5,4,1,2,14,,4,55,2,2,1,2,23,2,,Medium,High,,1,0,0,Level 1
5710,57,,,,,5,12930,94,19,10,9,3,1,4,5,,8,37,10,4,2,1,21,4,,,Normal,,1,1,1,Level 3
5711,55,,,,,1,4666,56,29,3,0,3,3,1,58,,3,54,18,2,3,4,44,1,,Medium,High,,1,1,0,Level 1
5712,26,,,,,5,7528,45,6,7,9,3,5,2,75,,3,30,17,2,1,1,33,4,,High,Low,Senior,1,0,0,Level 2
5713,49,,,,,5,9957,54,24,1,7,4,2,4,79,,1,38,11,1,1,3,29,3,,Very High,Normal,,1,0,1,Level 2
5714,38,,,,,3,18629,30,17,13,5,1,2,4,25,,1,31,1,2,3,2,16,4,,,Low,,1,0,1,Level 4
5715,44,,,,,3,11706,70,18,9,2,4,5,1,38,,1,42,13,1,1,1,10,4,,Very High,Normal,,1,0,0,Level 3
5716,35,,,,,5,6329,88,4,7,1,2,4,3,71,,3,47,12,3,4,3,45,2,,High,High,Experienced,0,0,0,Level 1
5717,59,,,,,2,8461,50,23,14,8,2,1,1,26,,5,46,11,2,4,4,18,2,,High,High,,1,1,0,Level 2
5718,27,,,,,1,7597,99,28,12,7,1,4,1,90,,4,37,10,2,3,1,25,3,,High,Normal,,1,0,0,Level 2
5719,37,,,,,2,12180,94,18,12,2,4,2,2,64,,3,44,1,3,2,3,20,4,,,Normal,,1,0,0,Level 3
5720,47,,,,,2,13388,70,11,8,6,4,5,4,42,,6,41,4,2,3,4,19,4,,,Normal,Expert,1,0,1,Level 3
5721,35,,,,,5,9818,62,12,2,6,2,2,4,40,,3,43,1,3,2,3,4,4,,Very High,Normal,,1,0,1,Level 2
5722,38,,,,,1,11642,94,10,3,0,2,1,3,60,,4,57,1,2,1,1,5,3,,Very High,High,Expert,1,0,0,Level 3
5723,36,,,,,2,16906,72,28,14,5,4,2,3,31,,6,48,0,3,3,3,38,2,,,High,,1,0,0,Level 4
5724,32,,,,,3,9675,29,24,9,2,4,5,4,2,,3,45,0,2,4,3,4,4,,Very High,Normal,,1,0,1,Level 2
5725,26,,,,,3,16677,86,3,14,9,1,5,1,93,,6,55,8,3,1,2,36,4,,,High,New,0,0,0,Level 4
5726,46,,,,,1,4689,29,15,4,2,4,5,2,60,,2,44,3,1,2,1,6,1,,Medium,Normal,,1,0,0,Level 1
5727,29,,,,,2,8682,35,18,5,4,3,1,1,16,,4,54,8,3,2,4,11,3,,High,High,,1,0,0,Level 2
5728,53,,,,,4,12664,78,16,9,5,1,2,3,8,,6,56,5,4,1,3,9,1,,,High,,1,1,0,Level 3
5729,55,,,,,4,13393,99,7,10,8,3,1,4,56,,4,47,16,3,1,2,2,4,,,High,Senior,1,1,1,Level 3
5730,44,,,,,1,11437,21,11,8,4,2,1,3,47,,2,34,15,2,4,4,45,1,,Very High,Low,Expert,1,0,0,Level 3
5731,25,,,,,1,12006,66,28,5,2,3,2,2,6,,5,42,11,4,4,1,9,3,,,Normal,,1,0,0,Level 3
5732,43,,,,,4,7258,33,10,11,0,3,4,3,31,,1,41,4,1,3,4,9,3,,High,Normal,Expert,1,0,0,Level 2
5733,37,,,,,2,12362,60,9,2,2,2,2,3,92,,9,52,19,1,4,4,9,1,,,High,Expert,1,0,0,Level 3
5734,42,,,,,2,17255,52,20,3,3,3,1,1,57,,1,55,19,2,4,4,27,3,,,High,,1,0,0,Level 4
5735,25,,,,,5,14419,27,18,3,9,4,3,1,81,,7,36,1,4,1,2,41,3,,,Normal,,1,0,0,Level 3
5736,48,,,,,1,14775,58,25,12,6,2,4,4,4,,5,33,18,2,2,1,49,2,,,Low,,1,0,1,Level 3
5737,44,,,,,2,13535,36,26,7,4,2,4,3,97,,3,39,14,4,3,1,45,1,,,Normal,,1,0,0,Level 3
5738,36,,,,,4,9950,85,21,6,2,4,3,4,38,,3,47,17,3,1,1,24,2,,Very High,High,,1,0,1,Level 2
5739,43,,,,,4,5616,49,13,7,8,1,4,4,14,,1,51,11,2,3,4,9,4,,Medium,High,,1,0,1,Level 1
5740,30,,,,,3,17615,17,26,8,9,1,2,2,69,,6,51,2,4,2,3,24,4,,,High,,1,0,0,Level 4
5741,45,,,,,2,14826,30,23,11,5,1,3,2,31,,5,58,18,1,2,1,39,4,,,High,,1,0,0,Level 3
5742,53,,,,,5,17547,59,10,5,4,2,3,3,52,,1,45,17,3,1,2,26,1,,,Normal,Expert,1,1,0,Level 4
5743,47,,,,,5,7823,30,21,13,6,3,3,2,58,,8,38,17,4,4,3,45,2,,High,Normal,,1,0,0,Level 2
5744,22,,,,,1,3587,80,12,13,9,4,2,3,2,,6,58,11,1,2,2,12,2,,Medium,High,,1,0,0,Level 1
5745,30,,,,,3,19366,95,13,6,0,3,4,3,24,,8,59,14,1,3,4,48,2,,,High,,1,0,0,Level 4
5746,57,,,,,4,19075,52,21,1,7,4,4,1,56,,1,34,16,3,4,4,42,2,,,Low,,1,1,0,Level 4
5747,33,,,,,4,15767,38,22,14,6,1,5,1,50,,4,45,15,3,3,1,1,3,,,Normal,,1,0,0,Level 4
5748,45,,,,,1,11252,64,5,4,4,1,2,4,16,,9,54,11,4,4,1,1,4,,Very High,High,Experienced,1,0,1,Level 2
5749,40,,,,,5,9915,97,24,6,5,1,4,2,46,,8,55,18,2,1,3,45,1,,Very High,High,,1,0,0,Level 2
5750,58,,,,,5,15496,71,27,4,8,4,5,4,10,,6,56,16,4,1,4,25,4,,,High,,1,1,1,Level 3
5751,49,,,,,4,19340,70,12,13,0,2,5,2,34,,5,56,19,1,2,4,36,4,,,High,,1,0,0,Level 4
5752,27,,,,,1,3036,95,27,1,2,4,1,3,5,,2,35,8,1,3,2,23,4,,Medium,Low,,1,0,0,Level 1
5753,39,,,,,2,17940,80,4,14,8,2,2,1,24,,1,59,0,1,1,3,27,1,,,High,Experienced,0,0,0,Level 4
5754,51,,,,,3,12349,92,3,3,2,1,5,1,16,,8,37,12,4,2,1,40,3,,,Normal,New,0,1,0,Level 3
5755,41,,,,,5,10918,91,14,3,5,2,3,4,54,,3,42,10,3,3,3,18,1,,Very High,Normal,,1,0,1,Level 2
5756,26,,,,,5,11698,95,3,3,9,1,3,1,29,,4,58,0,1,4,2,8,2,,Very High,High,New,0,0,0,Level 3
5757,28,,,,,5,16117,87,2,4,1,3,1,3,9,,8,33,4,4,4,1,22,3,,,Low,New,0,0,0,Level 4
5758,20,,,,,2,3972,76,8,11,8,4,5,4,27,,3,38,6,3,3,2,18,2,,Medium,Normal,Expert,1,0,1,Level 1
5759,48,,,,,2,16678,28,29,9,4,2,3,1,66,,3,40,13,2,3,1,26,2,,,Normal,,1,0,0,Level 4
5760,27,,,,,3,15407,80,7,9,7,2,5,1,54,,7,37,8,3,1,1,47,4,,,Normal,Senior,1,0,0,Level 3
5761,23,,,,,5,15921,74,22,14,1,2,3,2,81,,5,41,16,1,1,4,29,1,,,Normal,,1,0,0,Level 4
5762,54,,,,,4,3211,35,2,8,7,2,2,1,79,,6,58,5,1,3,1,42,1,,Medium,High,New,0,1,0,Level 1
5763,22,,,,,5,18613,49,18,14,4,3,4,2,25,,8,31,3,2,1,1,22,4,,,Low,,1,0,0,Level 4
5764,59,,,,,3,4833,44,26,3,2,3,3,2,82,,6,49,11,4,4,1,15,1,,Medium,High,,1,1,0,Level 1
5765,26,,,,,3,17796,95,17,12,5,2,2,2,80,,1,44,8,4,4,2,4,3,,,Normal,,1,0,0,Level 4
5766,46,,,,,4,5407,53,14,2,5,3,4,3,40,,9,52,13,4,3,3,32,1,,Medium,High,,1,0,0,Level 1
5767,20,,,,,2,6305,39,12,13,7,1,1,4,60,,8,31,10,3,3,2,11,1,,High,Low,,1,0,1,Level 1
5768,46,,,,,4,8162,58,26,3,6,3,4,4,56,,8,57,13,4,2,2,7,2,,High,High,,1,0,1,Level 2
5769,35,,,,,3,15933,73,18,11,8,4,2,2,44,,8,57,17,1,1,2,6,2,,,High,,1,0,0,Level 4
5770,57,,,,,4,4356,20,25,14,0,4,3,1,27,,7,52,19,4,1,2,9,1,,Medium,High,,1,1,0,Level 1
5771,26,,,,,5,10659,17,17,5,7,1,1,4,19,,1,51,8,4,1,1,16,2,,Very High,High,,1,0,1,Level 2
5772,42,,,,,3,15189,50,29,7,0,2,5,1,37,,7,56,19,1,3,3,19,4,,,High,,1,0,0,Level 3
5773,30,,,,,2,16348,15,16,2,8,1,1,4,93,,3,43,15,4,1,1,6,4,,,Normal,,1,0,1,Level 4
5774,52,,,,,2,17225,48,10,6,9,1,4,4,12,,4,51,8,2,2,2,40,4,,,High,Expert,1,1,1,Level 4
5775,55,,,,,4,3993,79,4,11,2,3,2,2,12,,6,37,15,3,1,3,7,2,,Medium,Normal,Experienced,0,1,0,Level 1
5776,56,,,,,4,16667,40,2,11,2,2,1,3,31,,5,58,9,4,3,3,40,2,,,High,New,0,1,0,Level 4
5777,36,,,,,4,3054,32,5,2,2,3,1,1,90,,3,54,6,1,3,2,39,4,,Medium,High,Experienced,1,0,0,Level 1
5778,54,,,,,5,18090,50,14,13,0,3,3,1,22,,6,48,18,2,4,3,35,2,,,High,,1,1,0,Level 4
5779,24,,,,,2,13553,20,10,1,6,2,4,2,54,,6,45,6,3,4,2,6,1,,,Normal,Expert,1,0,0,Level 3
5780,51,,,,,3,9159,89,8,11,3,2,3,2,36,,3,30,19,3,3,1,31,2,,Very High,Low,Expert,1,1,0,Level 2
5781,22,,,,,3,8528,58,1,3,2,3,3,3,95,,9,32,15,4,4,1,36,3,,High,Low,New,0,0,0,Level 2
5782,54,,,,,2,9099,54,9,14,4,3,4,2,15,,2,55,5,1,1,3,40,2,,Very High,High,Expert,1,1,0,Level 2
5783,33,,,,,4,14642,44,23,4,0,4,1,2,10,,8,54,7,4,3,4,5,2,,,High,,1,0,0,Level 3
5784,50,,,,,1,19947,92,21,2,4,1,2,1,83,,3,55,15,3,1,2,12,2,,,High,,1,1,0,Level 4
5785,50,,,,,4,17846,88,5,3,1,1,2,4,10,,4,47,3,3,3,1,43,4,,,High,Experienced,1,1,1,Level 4
5786,36,,,,,2,5892,45,9,12,7,3,4,2,24,,5,36,6,1,3,3,7,1,,Medium,Normal,Expert,1,0,0,Level 1
5787,43,,,,,5,18977,72,9,6,8,3,4,4,35,,5,55,14,3,1,1,21,4,,,High,Expert,1,0,1,Level 4
5788,42,,,,,4,7120,69,18,14,8,3,2,1,44,,1,49,7,2,2,3,18,2,,High,High,,1,0,0,Level 1
5789,37,,,,,3,13568,50,24,9,2,4,2,4,51,,4,56,17,1,2,2,44,1,,,High,,1,0,1,Level 3
5790,33,,,,,5,6019,93,5,2,7,3,5,2,34,,2,48,3,4,3,1,14,1,,High,High,Experienced,1,0,0,Level 1
5791,34,,,,,2,7697,44,16,7,1,4,4,3,24,,8,33,1,3,1,4,4,4,,High,Low,,1,0,0,Level 2
5792,34,,,,,1,8806,62,2,1,0,3,3,1,1,,6,55,13,1,4,1,40,2,,High,High,New,0,0,0,Level 2
5793,25,,,,,4,15629,92,25,4,0,2,1,3,49,,8,41,1,4,1,3,25,4,,,Normal,,1,0,0,Level 3
5794,46,,,,,5,5944,31,4,14,6,4,1,1,26,,3,56,19,4,2,2,25,1,,Medium,High,Experienced,0,0,0,Level 1
5795,34,,,,,5,16759,41,21,13,0,3,5,1,49,,8,34,3,1,2,4,33,3,,,Low,,1,0,0,Level 4
5796,55,,,,,3,4153,77,23,14,5,3,4,3,35,,8,43,19,4,1,2,15,3,,Medium,Normal,,1,1,0,Level 1
5797,27,,,,,4,14781,91,18,2,7,1,1,2,18,,9,37,1,3,3,1,31,4,,,Normal,,1,0,0,Level 3
5798,34,,,,,1,12938,28,5,13,9,2,1,2,25,,1,30,17,4,1,1,46,2,,,Low,Experienced,1,0,0,Level 3
5799,22,,,,,5,10719,40,8,4,3,1,1,1,32,,4,37,17,4,3,1,42,1,,Very High,Normal,Expert,1,0,0,Level 2
5800,32,,,,,3,6267,57,12,2,1,3,2,3,3,,9,35,15,3,1,3,38,1,,High,Low,,1,0,0,Level 1
5801,53,,,,,4,3070,89,14,3,3,3,5,2,65,,1,58,14,4,4,1,17,1,,Medium,High,,1,1,0,Level 1
5802,43,,,,,4,4222,15,27,8,8,3,3,2,29,,7,31,16,2,1,3,20,2,,Medium,Low,,1,0,0,Level 1
5803,59,,,,,1,7640,38,17,4,1,4,2,2,72,,4,36,19,4,1,3,47,1,,High,Normal,,1,1,0,Level 2
5804,51,,,,,3,7914,34,12,6,4,3,4,3,65,,9,34,6,1,4,4,5,3,,High,Low,,1,1,0,Level 2
5805,51,,,,,1,19985,86,27,12,1,4,5,4,55,,1,49,18,4,3,2,29,4,,,High,,1,1,1,Level 4
5806,49,,,,,5,17279,22,24,9,0,3,2,4,92,,8,51,10,2,3,4,38,3,,,High,,1,0,1,Level 4
5807,32,,,,,2,7980,44,2,13,8,2,2,2,9,,1,33,15,2,1,4,4,2,,High,Low,New,0,0,0,Level 2
5808,20,,,,,2,14086,32,4,8,4,2,5,2,39,,6,30,0,3,4,4,38,1,,,Low,Experienced,0,0,0,Level 3
5809,53,,,,,1,18122,91,11,14,5,4,4,4,71,,2,39,3,1,4,4,36,2,,,Normal,Expert,1,1,1,Level 4
5810,34,,,,,1,8830,97,12,14,5,2,5,1,56,,9,48,12,3,3,2,3,4,,High,High,,1,0,0,Level 2
5811,33,,,,,2,8687,27,19,2,7,2,5,1,48,,6,38,10,4,4,3,42,3,,High,Normal,,1,0,0,Level 2
5812,48,,,,,5,12964,62,2,14,3,2,4,3,65,,2,52,5,1,2,2,7,1,,,High,New,0,0,0,Level 3
5813,53,,,,,1,19384,74,10,2,0,1,2,1,92,,9,47,19,1,1,1,34,3,,,High,Expert,1,1,0,Level 4
5814,37,,,,,5,16478,40,10,3,6,1,4,2,18,,6,53,4,1,1,2,2,1,,,High,Expert,1,0,0,Level 4
5815,26,,,,,5,8905,23,2,2,5,2,3,1,20,,8,35,1,4,2,2,23,4,,High,Low,New,0,0,0,Level 2
5816,48,,,,,3,16255,67,26,3,6,3,4,4,71,,5,56,17,2,3,4,18,3,,,High,,1,0,1,Level 4
5817,50,,,,,5,8361,85,22,2,7,3,3,1,55,,8,59,8,4,4,2,31,2,,High,High,,1,1,0,Level 2
5818,44,,,,,4,5181,23,19,6,4,3,5,2,60,,9,44,5,2,1,3,12,2,,Medium,Normal,,1,0,0,Level 1
5819,57,,,,,2,14515,40,26,9,5,2,1,2,23,,1,54,5,1,4,2,47,2,,,High,,1,1,0,Level 3
5820,33,,,,,2,7964,47,20,8,1,2,5,4,95,,3,41,3,4,4,4,13,4,,High,Normal,,1,0,1,Level 2
5821,27,,,,,1,18381,47,4,6,4,3,3,3,14,,8,58,19,3,3,4,43,1,,,High,Experienced,0,0,0,Level 4
5822,46,,,,,1,17090,66,18,4,2,1,4,3,5,,9,43,7,1,2,2,6,1,,,Normal,,1,0,0,Level 4
5823,21,,,,,3,13969,54,20,10,4,1,3,2,81,,4,53,14,4,3,1,6,2,,,High,,1,0,0,Level 3
5824,36,,,,,3,8191,18,18,12,8,1,1,1,42,,4,42,16,4,4,1,30,3,,High,Normal,,1,0,0,Level 2
5825,56,,,,,4,7616,42,14,5,2,1,5,4,76,,8,36,4,3,3,2,32,1,,High,Normal,,1,1,1,Level 2
5826,33,,,,,1,4922,68,20,4,2,4,3,3,68,,1,59,5,2,3,2,28,2,,Medium,High,,1,0,0,Level 1
5827,44,,,,,2,4986,82,13,5,0,4,2,1,43,,3,38,4,1,1,2,27,2,,Medium,Normal,,1,0,0,Level 1
5828,49,,,,,4,3500,63,24,2,0,3,5,4,79,,8,31,9,4,4,1,40,1,,Medium,Low,,1,0,1,Level 1
5829,48,,,,,1,17313,20,15,8,6,4,5,1,19,,9,39,4,1,1,1,33,2,,,Normal,,1,0,0,Level 4
5830,39,,,,,4,13014,47,15,1,8,4,3,2,2,,7,40,14,2,2,3,42,3,,,Normal,,1,0,0,Level 3
5831,40,,,,,5,15538,19,25,9,1,1,3,3,4,,1,52,1,4,4,1,17,2,,,High,,1,0,0,Level 3
5832,41,,,,,5,12818,97,20,12,1,4,1,3,40,,8,43,6,2,3,1,13,3,,,Normal,,1,0,0,Level 3
5833,54,,,,,4,5055,32,4,1,0,2,2,2,73,,3,36,10,1,1,3,16,3,,Medium,Normal,Experienced,0,1,0,Level 1
5834,56,,,,,1,5155,17,15,5,4,2,3,3,80,,4,52,0,1,1,4,26,2,,Medium,High,,1,1,0,Level 1
5835,35,,,,,5,17056,16,14,9,9,2,1,2,30,,9,53,13,4,3,4,27,1,,,High,,1,0,0,Level 4
5836,36,,,,,5,13069,79,7,1,6,1,3,2,93,,8,35,5,4,2,1,28,2,,,Low,Senior,1,0,0,Level 3
5837,35,,,,,4,18991,49,17,14,0,2,5,2,77,,9,52,15,1,1,3,25,2,,,High,,1,0,0,Level 4
5838,21,,,,,5,14056,65,23,14,7,2,5,1,77,,4,37,16,4,2,1,46,1,,,Normal,,1,0,0,Level 3
5839,23,,,,,2,5570,82,29,1,0,2,5,2,46,,8,38,6,2,1,2,49,2,,Medium,Normal,,1,0,0,Level 1
5840,40,,,,,5,12588,49,9,3,0,2,5,2,92,,4,54,15,1,2,3,23,4,,,High,Expert,1,0,0,Level 3
5841,58,,,,,4,10476,86,4,8,3,3,4,2,68,,1,47,0,2,1,2,22,3,,Very High,High,Experienced,0,1,0,Level 2
5842,53,,,,,5,5969,58,18,3,1,1,5,4,3,,4,34,14,2,1,4,46,3,,Medium,Low,,1,1,1,Level 1
5843,49,,,,,5,16490,43,13,12,8,1,2,2,95,,1,54,3,4,4,3,15,3,,,High,,1,0,0,Level 4
5844,25,,,,,3,8723,50,15,14,9,4,5,2,26,,6,46,5,2,2,1,36,3,,High,High,,1,0,0,Level 2
5845,36,,,,,4,6589,92,4,2,1,1,4,2,96,,2,33,18,3,2,2,7,4,,High,Low,Experienced,0,0,0,Level 1
5846,58,,,,,4,13083,56,18,6,6,3,3,3,79,,9,32,5,1,2,3,22,2,,,Low,,1,1,0,Level 3
5847,44,,,,,3,8131,21,10,10,1,1,3,4,70,,8,36,2,3,1,3,30,3,,High,Normal,Expert,1,0,1,Level 2
5848,24,,,,,3,10544,27,7,5,0,3,4,3,76,,6,40,12,2,2,4,10,3,,Very High,Normal,Senior,1,0,0,Level 2
5849,24,,,,,2,13437,36,6,13,8,2,5,1,86,,9,41,16,2,1,2,25,1,,,Normal,Senior,1,0,0,Level 3
5850,39,,,,,5,6710,71,13,12,3,3,1,2,70,,4,51,15,3,4,2,45,3,,High,High,,1,0,0,Level 1
5851,35,,,,,1,16759,59,28,11,6,1,2,3,37,,8,53,9,4,3,2,19,4,,,High,,1,0,0,Level 4
5852,56,,,,,1,5940,68,27,9,0,3,5,2,79,,3,55,3,2,4,3,35,4,,Medium,High,,1,1,0,Level 1
5853,59,,,,,3,3420,16,18,11,7,3,4,4,86,,9,47,12,2,3,3,1,1,,Medium,High,,1,1,1,Level 1
5854,28,,,,,4,6079,86,22,14,5,2,5,2,99,,5,56,17,2,2,1,32,4,,High,High,,1,0,0,Level 1
5855,24,,,,,4,17500,71,9,3,1,3,4,3,83,,6,46,9,4,1,2,49,3,,,High,Expert,1,0,0,Level 4
5856,21,,,,,2,5419,99,11,14,8,3,5,3,22,,6,37,19,2,3,3,31,1,,Medium,Normal,Expert,1,0,0,Level 1
5857,28,,,,,1,4418,98,16,4,0,4,1,4,47,,1,54,4,2,4,2,33,4,,Medium,High,,1,0,1,Level 1
5858,55,,,,,4,16731,89,8,11,8,4,1,4,77,,5,44,3,4,3,1,44,2,,,Normal,Expert,1,1,1,Level 4
5859,41,,,,,2,7547,48,25,10,9,3,2,3,35,,9,39,7,3,4,2,49,4,,High,Normal,,1,0,0,Level 2
5860,41,,,,,2,9800,58,5,8,1,3,2,1,45,,8,39,14,1,3,1,15,3,,Very High,Normal,Experienced,1,0,0,Level 2
5861,41,,,,,3,5041,83,15,11,5,1,4,3,3,,9,51,1,4,2,4,40,4,,Medium,High,,1,0,0,Level 1
5862,53,,,,,1,16583,67,26,2,8,2,1,2,62,,1,37,11,1,4,2,43,3,,,Normal,,1,1,0,Level 4
5863,48,,,,,2,16252,76,2,5,2,3,2,1,33,,3,37,9,3,2,3,39,4,,,Normal,New,0,0,0,Level 4
5864,57,,,,,2,16799,47,5,13,2,2,4,4,81,,2,57,11,3,1,4,12,4,,,High,Experienced,1,1,1,Level 4
5865,52,,,,,2,3371,90,10,14,2,4,2,3,84,,7,50,5,2,4,3,20,2,,Medium,High,Expert,1,1,0,Level 1
5866,37,,,,,1,13788,83,19,12,8,2,1,4,28,,6,40,19,2,3,4,1,1,,,Normal,,1,0,1,Level 3
5867,26,,,,,3,12194,15,14,9,1,1,5,1,86,,2,33,16,1,2,3,7,4,,,Low,,1,0,0,Level 3
5868,20,,,,,5,10577,49,27,11,3,3,3,3,53,,4,32,17,3,2,4,9,3,,Very High,Low,,1,0,0,Level 2
5869,52,,,,,4,17939,39,13,9,7,4,1,2,80,,8,42,15,4,1,4,22,4,,,Normal,,1,1,0,Level 4
5870,20,,,,,1,8650,18,14,10,7,3,2,4,61,,6,34,14,4,1,4,47,2,,High,Low,,1,0,1,Level 2
5871,43,,,,,1,17947,87,4,9,4,1,3,3,18,,4,49,8,4,4,1,46,1,,,High,Experienced,0,0,0,Level 4
5872,23,,,,,1,4418,81,7,11,1,4,1,3,83,,6,38,2,3,2,1,47,1,,Medium,Normal,Senior,1,0,0,Level 1
5873,23,,,,,5,15868,98,18,14,5,4,2,1,28,,5,44,16,1,1,2,34,2,,,Normal,,1,0,0,Level 4
5874,37,,,,,4,6201,24,6,1,7,4,1,3,60,,1,39,15,3,3,1,47,3,,High,Normal,Senior,1,0,0,Level 1
5875,46,,,,,4,18449,34,15,1,1,1,4,3,86,,5,59,5,1,3,2,31,2,,,High,,1,0,0,Level 4
5876,51,,,,,2,16584,54,11,1,3,4,2,4,26,,8,43,12,1,1,2,9,2,,,Normal,Expert,1,1,1,Level 4
5877,52,,,,,2,15628,81,17,8,3,1,3,3,17,,3,59,13,3,4,4,4,1,,,High,,1,1,0,Level 3
5878,47,,,,,3,7307,89,10,4,8,2,1,1,91,,7,31,0,4,2,2,15,3,,High,Low,Expert,1,0,0,Level 2
5879,55,,,,,1,4646,29,16,9,9,3,2,3,8,,8,50,3,2,3,1,13,3,,Medium,High,,1,1,0,Level 1
5880,25,,,,,3,5343,42,19,11,0,3,5,3,88,,6,46,18,2,1,1,12,1,,Medium,High,,1,0,0,Level 1
5881,35,,,,,1,11184,49,11,6,8,4,2,1,82,,4,30,19,4,3,2,34,2,,Very High,Low,Expert,1,0,0,Level 2
5882,53,,,,,4,18301,21,7,3,7,3,1,2,90,,1,42,1,4,4,4,41,3,,,Normal,Senior,1,1,0,Level 4
5883,42,,,,,3,18529,68,27,8,0,4,5,1,16,,1,53,5,4,2,4,9,3,,,High,,1,0,0,Level 4
5884,43,,,,,4,18599,56,28,1,9,1,3,2,68,,9,47,4,1,4,4,31,4,,,High,,1,0,0,Level 4
5885,32,,,,,2,15342,52,21,12,5,2,5,2,68,,7,40,6,2,3,3,40,3,,,Normal,,1,0,0,Level 3
5886,37,,,,,4,8723,97,28,2,9,2,1,2,28,,1,50,6,4,1,2,21,2,,High,High,,1,0,0,Level 2
5887,32,,,,,5,14004,78,24,8,1,1,5,4,33,,8,30,9,2,3,3,36,3,,,Low,,1,0,1,Level 3
5888,56,,,,,3,7976,71,23,1,2,4,1,2,39,,2,49,6,3,2,3,10,2,,High,High,,1,1,0,Level 2
5889,58,,,,,1,7038,43,23,12,4,3,5,2,85,,5,34,4,3,3,3,1,4,,High,Low,,1,1,0,Level 1
5890,36,,,,,4,6834,80,14,13,7,3,4,3,29,,6,55,2,2,3,1,20,2,,High,High,,1,0,0,Level 1
5891,34,,,,,3,12991,97,1,11,5,4,3,4,27,,7,34,5,3,4,1,19,4,,,Low,New,0,0,1,Level 3
5892,37,,,,,1,4322,87,17,5,8,4,3,1,43,,7,57,7,1,2,2,13,3,,Medium,High,,1,0,0,Level 1
5893,42,,,,,3,16921,20,29,3,0,4,3,1,31,,1,31,17,3,1,1,17,1,,,Low,,1,0,0,Level 4
5894,49,,,,,3,5609,95,22,2,4,2,4,3,36,,5,35,16,1,2,4,29,3,,Medium,Low,,1,0,0,Level 1
5895,53,,,,,5,12507,16,13,14,3,2,3,1,48,,8,32,0,2,2,4,5,4,,,Low,,1,1,0,Level 3
5896,23,,,,,4,18358,53,8,4,7,3,5,1,93,,5,46,18,2,2,1,15,4,,,High,Expert,1,0,0,Level 4
5897,22,,,,,5,14734,20,19,2,4,4,2,1,97,,4,30,4,3,2,3,16,2,,,Low,,1,0,0,Level 3
5898,26,,,,,2,12746,28,24,5,8,1,4,4,61,,8,38,9,4,3,4,28,2,,,Normal,,1,0,1,Level 3
5899,37,,,,,3,3425,32,8,8,1,4,4,1,31,,4,36,9,4,3,2,34,1,,Medium,Normal,Expert,1,0,0,Level 1
5900,26,,,,,4,10097,84,17,4,7,1,1,4,59,,4,45,1,4,4,4,14,2,,Very High,Normal,,1,0,1,Level 2
5901,59,,,,,2,9983,90,27,7,0,4,4,4,36,,9,59,10,3,1,3,10,4,,Very High,High,,1,1,1,Level 2
5902,25,,,,,2,10498,36,5,5,7,4,3,4,7,,3,37,3,3,3,2,22,3,,Very High,Normal,Experienced,1,0,1,Level 2
5903,41,,,,,5,10533,92,25,9,8,2,4,1,88,,9,44,6,1,2,3,19,4,,Very High,Normal,,1,0,0,Level 2
5904,20,,,,,2,8867,27,11,13,2,1,4,1,43,,7,53,14,2,2,3,5,3,,High,High,Expert,1,0,0,Level 2
5905,23,,,,,1,15140,87,26,2,1,4,5,1,97,,5,44,2,3,4,2,7,2,,,Normal,,1,0,0,Level 3
5906,48,,,,,1,8338,24,14,2,4,4,5,2,18,,1,42,10,4,2,4,12,2,,High,Normal,,1,0,0,Level 2
5907,40,,,,,1,13607,41,10,1,8,1,4,1,23,,4,54,6,4,4,1,6,1,,,High,Expert,1,0,0,Level 3
5908,45,,,,,2,7820,28,27,4,7,3,3,1,94,,6,44,1,3,1,3,23,1,,High,Normal,,1,0,0,Level 2
5909,33,,,,,3,5872,23,12,13,0,3,5,3,21,,1,32,9,3,1,3,7,2,,Medium,Low,,1,0,0,Level 1
5910,28,,,,,4,8931,23,3,14,0,1,2,2,66,,5,50,15,4,2,4,27,3,,High,High,New,0,0,0,Level 2
5911,31,,,,,1,16553,71,9,8,7,4,5,1,64,,9,40,4,1,1,4,10,3,,,Normal,Expert,1,0,0,Level 4
5912,25,,,,,1,19475,49,29,5,2,4,1,3,73,,6,39,11,3,2,2,16,4,,,Normal,,1,0,0,Level 4
5913,39,,,,,1,8769,40,11,5,0,2,1,3,69,,4,32,17,1,2,1,49,1,,High,Low,Expert,1,0,0,Level 2
5914,43,,,,,5,16817,55,9,4,9,4,4,3,41,,7,30,7,1,4,4,42,3,,,Low,Expert,1,0,0,Level 4
5915,46,,,,,5,11360,81,1,7,0,3,4,3,46,,4,57,3,3,3,1,47,4,,Very High,High,New,0,0,0,Level 2
5916,57,,,,,1,17722,44,18,10,3,3,3,1,60,,3,56,16,4,1,1,44,1,,,High,,1,1,0,Level 4
5917,27,,,,,1,9244,43,3,8,5,4,2,4,70,,3,50,8,1,3,3,17,4,,Very High,High,New,0,0,1,Level 2
5918,20,,,,,5,12511,98,14,9,8,3,3,3,72,,9,44,13,2,4,4,1,1,,,Normal,,1,0,0,Level 3
5919,43,,,,,4,10152,82,4,6,4,4,3,3,32,,8,37,7,1,1,2,19,1,,Very High,Normal,Experienced,0,0,0,Level 2
5920,26,,,,,3,16772,28,28,12,6,2,1,4,55,,5,56,8,2,3,1,26,3,,,High,,1,0,1,Level 4
5921,38,,,,,4,12061,66,5,9,8,4,2,1,85,,3,36,5,2,3,2,40,4,,,Normal,Experienced,1,0,0,Level 3
5922,41,,,,,3,14549,53,21,11,4,3,2,4,76,,8,59,8,1,3,3,4,2,,,High,,1,0,1,Level 3
5923,54,,,,,2,14479,35,10,1,6,3,5,3,49,,4,48,19,1,1,4,12,2,,,High,Expert,1,1,0,Level 3
5924,49,,,,,2,3974,85,27,3,8,1,4,4,38,,3,43,19,2,3,2,33,4,,Medium,Normal,,1,0,1,Level 1
5925,48,,,,,4,9371,20,5,1,5,2,4,3,93,,5,59,8,1,2,3,21,2,,Very High,High,Experienced,1,0,0,Level 2
5926,41,,,,,5,5228,69,3,11,8,1,1,2,40,,9,45,10,3,4,2,40,2,,Medium,Normal,New,0,0,0,Level 1
5927,30,,,,,1,5558,54,22,5,5,4,1,4,42,,6,51,8,4,4,1,28,3,,Medium,High,,1,0,1,Level 1
5928,39,,,,,2,13701,84,20,8,5,4,5,1,49,,7,53,12,1,4,3,30,3,,,High,,1,0,0,Level 3
5929,48,,,,,5,4320,39,9,6,2,1,5,3,30,,6,48,5,3,4,2,39,2,,Medium,High,Expert,1,0,0,Level 1
5930,53,,,,,5,14172,18,12,12,4,1,3,1,25,,3,48,0,1,3,2,3,3,,,High,,1,1,0,Level 3
5931,20,,,,,3,4240,96,2,13,6,1,4,2,97,,3,53,5,1,1,3,42,4,,Medium,High,New,0,0,0,Level 1
5932,50,,,,,2,11941,48,11,10,1,1,5,2,60,,2,49,0,4,1,2,1,4,,Very High,High,Expert,1,1,0,Level 3
5933,49,,,,,4,18385,36,1,12,5,1,2,2,48,,1,53,9,1,3,3,2,3,,,High,New,0,0,0,Level 4
5934,37,,,,,5,6322,70,23,5,1,3,3,1,79,,9,41,4,4,3,3,37,2,,High,Normal,,1,0,0,Level 1
5935,36,,,,,4,14478,60,16,1,8,2,3,3,80,,2,43,0,2,3,3,31,4,,,Normal,,1,0,0,Level 3
5936,57,,,,,4,7752,70,25,12,9,1,4,1,1,,4,50,11,4,3,4,11,4,,High,High,,1,1,0,Level 2
5937,33,,,,,2,11925,92,26,1,2,2,4,1,89,,3,54,14,2,3,2,12,1,,Very High,High,,1,0,0,Level 3
5938,42,,,,,4,13578,89,25,5,6,2,4,1,5,,4,57,11,1,4,1,2,2,,,High,,1,0,0,Level 3
5939,44,,,,,4,5413,41,3,12,6,4,1,4,18,,4,47,17,3,4,2,20,4,,Medium,High,New,0,0,1,Level 1
5940,34,,,,,1,17769,49,28,5,4,3,4,2,19,,5,36,14,4,2,4,38,2,,,Normal,,1,0,0,Level 4
5941,41,,,,,4,5905,30,27,8,9,2,1,1,72,,1,48,16,2,3,2,49,2,,Medium,High,,1,0,0,Level 1
5942,22,,,,,1,13688,34,13,2,1,2,5,3,65,,7,56,15,3,3,1,12,1,,,High,,1,0,0,Level 3
5943,38,,,,,2,5554,29,15,7,4,2,2,3,29,,6,42,15,2,4,2,47,2,,Medium,Normal,,1,0,0,Level 1
5944,53,,,,,4,10443,92,1,5,1,2,2,2,32,,5,53,8,4,3,1,44,4,,Very High,High,New,0,1,0,Level 2
5945,54,,,,,5,6402,86,25,14,2,3,3,4,25,,2,33,19,2,1,1,13,3,,High,Low,,1,1,1,Level 1
5946,20,,,,,4,8656,38,23,2,7,3,3,4,61,,4,31,0,2,3,1,48,2,,High,Low,,1,0,1,Level 2
5947,40,,,,,1,4528,76,24,5,5,4,3,1,47,,9,53,0,2,2,1,30,3,,Medium,High,,1,0,0,Level 1
5948,48,,,,,5,3850,94,27,12,9,1,2,4,99,,4,56,16,3,2,4,5,1,,Medium,High,,1,0,1,Level 1
5949,25,,,,,2,16632,58,16,9,9,4,3,3,14,,9,46,11,3,3,4,30,4,,,High,,1,0,0,Level 4
5950,56,,,,,3,16504,28,15,12,9,2,1,4,97,,6,39,16,1,2,1,22,4,,,Normal,,1,1,1,Level 4
5951,20,,,,,3,7674,87,6,13,3,4,3,2,14,,4,48,16,2,3,2,3,1,,High,High,Senior,1,0,0,Level 2
5952,20,,,,,1,7409,91,26,14,7,2,5,1,76,,6,52,4,2,1,4,36,2,,High,High,,1,0,0,Level 2
5953,46,,,,,2,12571,65,22,5,9,4,3,2,57,,5,48,11,1,2,4,1,2,,,High,,1,0,0,Level 3
5954,40,,,,,2,14690,36,27,5,8,4,1,4,88,,7,58,10,2,2,1,2,4,,,High,,1,0,1,Level 3
5955,35,,,,,4,4415,46,15,11,4,4,2,3,93,,5,38,1,1,4,4,15,3,,Medium,Normal,,1,0,0,Level 1
5956,59,,,,,3,10270,94,20,2,0,3,2,2,54,,8,36,19,4,3,2,16,1,,Very High,Normal,,1,1,0,Level 2
5957,45,,,,,4,17653,39,18,9,5,4,2,4,79,,1,58,19,4,3,3,45,2,,,High,,1,0,1,Level 4
5958,35,,,,,2,6608,63,17,2,8,3,1,2,63,,4,37,3,1,2,2,31,3,,High,Normal,,1,0,0,Level 1
5959,47,,,,,1,10605,37,14,13,5,3,2,2,38,,4,34,16,3,1,4,33,1,,Very High,Low,,1,0,0,Level 2
5960,20,,,,,1,13194,51,22,5,5,4,4,3,41,,2,49,15,2,2,3,44,2,,,High,,1,0,0,Level 3
5961,55,,,,,5,11647,17,25,2,4,2,3,1,2,,9,55,0,3,3,3,7,2,,Very High,High,,1,1,0,Level 3
5962,29,,,,,1,15897,74,26,2,6,3,1,2,74,,7,44,16,1,3,4,14,3,,,Normal,,1,0,0,Level 4
5963,36,,,,,3,3938,73,26,6,3,4,3,3,30,,1,59,16,1,1,2,20,4,,Medium,High,,1,0,0,Level 1
5964,42,,,,,5,18120,37,18,10,3,4,5,4,6,,7,53,18,4,3,3,10,2,,,High,,1,0,1,Level 4
5965,26,,,,,3,12876,47,17,3,3,2,3,4,21,,6,41,4,3,3,2,46,2,,,Normal,,1,0,1,Level 3
5966,26,,,,,4,8740,68,1,10,8,3,1,2,41,,1,46,13,2,3,2,1,1,,High,High,New,0,0,0,Level 2
5967,34,,,,,4,18178,53,14,13,9,2,4,2,59,,6,34,13,3,2,2,43,3,,,Low,,1,0,0,Level 4
5968,53,,,,,1,3139,39,7,9,2,1,4,3,13,,9,41,6,3,1,1,10,2,,Medium,Normal,Senior,1,1,0,Level 1
5969,23,,,,,5,10061,77,1,12,9,3,2,2,52,,2,54,15,4,1,2,36,2,,Very High,High,New,0,0,0,Level 2
5970,33,,,,,3,19810,99,25,6,2,1,4,1,70,,4,52,16,2,1,4,33,3,,,High,,1,0,0,Level 4
5971,33,,,,,3,4912,73,25,10,2,4,5,3,28,,8,55,3,4,3,4,49,1,,Medium,High,,1,0,0,Level 1
5972,35,,,,,2,19112,45,27,10,2,3,5,4,77,,7,38,9,4,2,4,21,3,,,Normal,,1,0,1,Level 4
5973,26,,,,,1,9788,63,3,2,7,3,3,1,18,,4,41,18,3,2,3,25,1,,Very High,Normal,New,0,0,0,Level 2
5974,51,,,,,4,12644,74,11,14,8,2,5,2,70,,8,36,13,3,3,1,30,4,,,Normal,Expert,1,1,0,Level 3
5975,38,,,,,2,4717,78,18,1,7,1,1,4,21,,9,32,7,4,2,3,17,2,,Medium,Low,,1,0,1,Level 1
5976,21,,,,,4,5199,52,25,2,3,2,2,3,26,,6,32,15,1,3,2,43,2,,Medium,Low,,1,0,0,Level 1
5977,29,,,,,4,4428,85,14,10,9,4,5,1,43,,6,51,4,1,1,3,38,3,,Medium,High,,1,0,0,Level 1
5978,36,,,,,3,4311,91,3,6,6,2,2,4,75,,1,52,19,3,4,1,15,4,,Medium,High,New,0,0,1,Level 1
5979,56,,,,,4,9276,22,2,2,3,2,2,4,32,,3,53,14,2,3,1,35,1,,Very High,High,New,0,1,1,Level 2
5980,31,,,,,5,10569,99,20,7,9,2,3,1,72,,6,44,14,3,4,4,9,4,,Very High,Normal,,1,0,0,Level 2
5981,25,,,,,4,13981,27,15,7,0,3,1,2,13,,7,44,19,4,1,4,44,4,,,Normal,,1,0,0,Level 3
5982,41,,,,,5,6106,40,7,1,6,4,3,2,17,,6,47,8,3,1,2,38,2,,High,High,Senior,1,0,0,Level 1
5983,51,,,,,4,5914,24,13,12,2,4,5,2,81,,4,31,6,1,3,2,15,2,,Medium,Low,,1,1,0,Level 1
5984,39,,,,,2,19867,70,4,14,4,2,5,3,49,,4,54,17,3,4,3,36,3,,,High,Experienced,0,0,0,Level 4
5985,20,,,,,3,10812,18,8,6,2,3,2,2,72,,7,47,11,2,2,1,49,1,,Very High,High,Expert,1,0,0,Level 2
5986,25,,,,,2,19771,45,28,5,0,3,4,4,70,,7,37,6,2,4,1,12,1,,,Normal,,1,0,1,Level 4
5987,38,,,,,3,11736,31,21,8,8,2,2,4,96,,1,34,15,1,3,1,11,4,,Very High,Low,,1,0,1,Level 3
5988,37,,,,,2,5906,22,2,8,1,4,1,2,41,,7,58,18,1,4,3,47,4,,Medium,High,New,0,0,0,Level 1
5989,25,,,,,1,5965,66,13,9,1,3,4,3,32,,1,44,11,2,2,3,40,3,,Medium,Normal,,1,0,0,Level 1
5990,52,,,,,4,5746,51,26,2,5,1,4,3,10,,4,58,18,4,3,2,46,3,,Medium,High,,1,1,0,Level 1
5991,42,,,,,4,10178,34,4,11,0,1,4,1,64,,1,42,16,2,3,1,45,4,,Very High,Normal,Experienced,0,0,0,Level 2
5992,42,,,,,1,19804,61,13,1,7,4,5,3,74,,5,55,0,2,4,4,46,1,,,High,,1,0,0,Level 4
5993,45,,,,,1,7519,88,16,10,3,4,1,2,89,,9,55,8,4,4,3,34,1,,High,High,,1,0,0,Level 2
5994,32,,,,,5,5209,65,12,6,2,4,5,4,70,,4,46,6,3,3,3,11,4,,Medium,High,,1,0,1,Level 1
5995,26,,,,,2,18720,72,13,2,4,1,2,1,33,,9,48,1,4,4,1,15,3,,,High,,1,0,0,Level 4
5996,34,,,,,4,10396,58,23,5,7,1,2,4,7,,4,52,19,4,4,2,21,3,,Very High,High,,1,0,1,Level 2
5997,46,,,,,5,17556,25,29,1,0,3,2,2,63,,2,32,16,3,4,1,25,3,,,Low,,1,0,0,Level 4
5998,45,,,,,4,19291,26,1,1,4,4,2,1,92,,6,46,10,2,3,3,3,2,,,High,New,0,0,0,Level 4
5999,52,,,,,1,3656,24,23,14,8,3,5,3,98,,8,47,4,1,3,3,24,4,,Medium,High,,1,1,0,Level 1
6000,34,,,,,5,11647,91,3,5,1,1,4,1,71,,7,37,8,3,2,4,29,3,,Very High,Normal,New,0,0,0,Level 3
6001,55,,,,,5,8014,68,23,6,7,1,1,2,34,,3,55,7,1,3,1,33,3,,High,High,,1,1,0,Level 2
6002,46,,,,,5,5490,48,3,11,1,1,3,3,45,,2,30,8,4,2,3,27,1,,Medium,Low,New,0,0,0,Level 1
6003,24,,,,,2,3874,44,12,7,6,1,3,4,18,,7,55,19,3,3,1,13,3,,Medium,High,,1,0,1,Level 1
6004,21,,,,,5,14299,29,28,11,8,3,2,3,62,,6,41,1,2,3,1,1,1,,,Normal,,1,0,0,Level 3
6005,52,,,,,4,7163,22,24,4,4,1,5,4,90,,3,47,9,4,3,2,49,4,,High,High,,1,1,1,Level 1
6006,35,,,,,2,15647,54,4,4,8,1,2,4,39,,2,31,11,3,1,4,16,2,,,Low,Experienced,0,0,1,Level 3
6007,42,,,,,4,6192,36,1,5,0,4,5,2,41,,6,46,13,1,3,1,1,3,,High,High,New,0,0,0,Level 1
6008,57,,,,,5,8043,19,17,6,6,2,4,2,43,,5,48,8,1,2,2,12,2,,High,High,,1,1,0,Level 2
6009,35,,,,,5,17624,34,20,8,3,2,1,2,45,,2,31,13,2,1,3,18,2,,,Low,,1,0,0,Level 4
6010,33,,,,,4,8997,63,9,9,6,3,2,2,83,,3,37,18,3,3,4,21,2,,High,Normal,Expert,1,0,0,Level 2
6011,48,,,,,3,9355,66,5,7,0,1,1,4,40,,8,33,8,2,1,1,26,2,,Very High,Low,Experienced,1,0,1,Level 2
6012,45,,,,,5,19958,80,29,10,6,1,4,2,14,,8,45,13,3,1,4,20,3,,,Normal,,1,0,0,Level 4
6013,54,,,,,5,4988,33,21,3,6,2,3,3,16,,3,36,10,4,4,3,12,3,,Medium,Normal,,1,1,0,Level 1
6014,34,,,,,2,11481,28,3,6,9,1,2,3,51,,3,37,11,1,4,4,4,2,,Very High,Normal,New,0,0,0,Level 3
6015,22,,,,,4,4588,21,21,9,9,4,3,1,67,,8,33,3,4,4,4,1,2,,Medium,Low,,1,0,0,Level 1
6016,42,,,,,5,11996,71,7,6,6,1,1,1,1,,9,41,4,3,3,1,2,3,,Very High,Normal,Senior,1,0,0,Level 3
6017,48,,,,,4,19855,94,3,12,9,1,1,2,6,,6,57,4,4,3,1,25,3,,,High,New,0,0,0,Level 4
6018,53,,,,,2,18950,24,5,11,1,2,3,4,18,,4,34,18,1,2,4,5,4,,,Low,Experienced,1,1,1,Level 4
6019,52,,,,,4,13161,36,12,10,5,2,4,1,53,,3,44,13,1,4,3,26,1,,,Normal,,1,1,0,Level 3
6020,42,,,,,4,15656,19,3,8,2,1,1,1,75,,3,56,4,2,1,4,29,2,,,High,New,0,0,0,Level 3
6021,26,,,,,2,3409,90,1,14,5,1,5,2,77,,6,34,7,4,4,2,31,2,,Medium,Low,New,0,0,0,Level 1
6022,22,,,,,5,12817,38,22,8,4,1,1,1,4,,2,44,19,2,1,1,19,4,,,Normal,,1,0,0,Level 3
6023,51,,,,,4,6959,29,3,4,3,1,1,3,25,,8,38,14,2,1,3,2,1,,High,Normal,New,0,1,0,Level 1
6024,50,,,,,3,6574,40,16,7,7,3,5,3,88,,6,52,0,3,1,1,20,2,,High,High,,1,1,0,Level 1
6025,37,,,,,5,18384,69,18,7,1,2,1,4,73,,6,52,2,4,1,2,5,1,,,High,,1,0,1,Level 4
6026,26,,,,,2,10362,32,3,7,6,4,4,3,19,,6,36,11,1,2,2,18,3,,Very High,Normal,New,0,0,0,Level 2
6027,20,,,,,1,18780,57,29,8,3,3,5,4,11,,6,47,19,2,1,3,12,1,,,High,,1,0,1,Level 4
6028,33,,,,,3,8853,20,5,2,6,3,1,2,70,,9,47,4,2,4,3,49,3,,High,High,Experienced,1,0,0,Level 2
6029,51,,,,,5,15058,59,5,12,4,3,5,4,23,,7,50,3,2,1,2,7,2,,,High,Experienced,1,1,1,Level 3
6030,25,,,,,2,13178,39,9,2,4,3,1,3,0,,1,52,16,2,3,2,16,4,,,High,Expert,1,0,0,Level 3
6031,58,,,,,3,14509,95,12,6,8,1,1,3,22,,3,48,14,2,4,4,4,1,,,High,,1,1,0,Level 3
6032,29,,,,,5,9231,30,16,11,4,1,2,1,8,,5,59,6,1,1,1,1,3,,Very High,High,,1,0,0,Level 2
6033,26,,,,,1,19804,69,27,6,7,4,1,1,11,,2,43,16,2,1,1,35,1,,,Normal,,1,0,0,Level 4
6034,45,,,,,5,19017,70,9,5,6,4,2,3,67,,3,48,5,4,3,1,15,3,,,High,Expert,1,0,0,Level 4
6035,53,,,,,1,16318,43,18,2,3,1,1,2,3,,3,43,17,4,2,2,13,1,,,Normal,,1,1,0,Level 4
6036,49,,,,,1,19883,78,27,8,7,1,4,1,54,,2,48,15,3,4,1,1,3,,,High,,1,0,0,Level 4
6037,55,,,,,4,7441,15,22,3,6,2,3,2,58,,1,50,1,3,4,4,24,1,,High,High,,1,1,0,Level 2
6038,40,,,,,2,17063,59,29,1,3,4,2,1,56,,6,38,14,2,1,3,9,1,,,Normal,,1,0,0,Level 4
6039,36,,,,,4,9048,98,25,1,5,2,3,4,60,,4,39,5,1,2,4,44,2,,Very High,Normal,,1,0,1,Level 2
6040,52,,,,,1,15457,40,25,12,6,4,3,4,5,,7,34,8,2,1,4,16,2,,,Low,,1,1,1,Level 3
6041,29,,,,,2,7214,99,11,7,9,1,4,1,43,,5,58,1,1,3,3,36,3,,High,High,Expert,1,0,0,Level 2
6042,31,,,,,2,11949,64,22,7,6,4,4,2,60,,7,59,19,3,3,3,45,3,,Very High,High,,1,0,0,Level 3
6043,35,,,,,2,18999,41,17,6,7,1,4,1,64,,6,52,2,1,4,2,1,1,,,High,,1,0,0,Level 4
6044,51,,,,,3,13302,49,1,6,8,1,3,3,78,,9,56,4,3,3,2,35,3,,,High,New,0,1,0,Level 3
6045,34,,,,,5,3108,94,25,5,4,1,1,3,71,,8,50,4,3,4,4,18,2,,Medium,High,,1,0,0,Level 1
6046,46,,,,,1,3745,43,3,12,1,1,5,3,76,,6,58,9,4,1,2,37,3,,Medium,High,New,0,0,0,Level 1
6047,47,,,,,2,9860,21,5,6,9,2,4,3,81,,8,49,5,4,3,3,33,2,,Very High,High,Experienced,1,0,0,Level 2
6048,36,,,,,3,10035,76,22,14,4,2,2,4,22,,9,32,14,1,1,4,15,4,,Very High,Low,,1,0,1,Level 2
6049,21,,,,,3,14779,85,1,2,6,1,1,4,53,,9,30,5,4,2,3,29,2,,,Low,New,0,0,1,Level 3
6050,55,,,,,1,10786,48,15,5,2,2,4,3,24,,5,55,11,3,1,4,4,2,,Very High,High,,1,1,0,Level 2
6051,26,,,,,4,8532,62,17,2,9,2,4,2,57,,1,46,12,4,3,3,10,3,,High,High,,1,0,0,Level 2
6052,32,,,,,3,13743,19,4,14,4,4,4,3,49,,8,32,9,2,1,2,42,1,,,Low,Experienced,0,0,0,Level 3
6053,34,,,,,1,18892,22,22,3,5,3,5,1,92,,5,38,4,2,2,4,15,4,,,Normal,,1,0,0,Level 4
6054,44,,,,,3,9367,86,24,5,5,1,1,4,74,,4,50,11,1,2,4,45,3,,Very High,High,,1,0,1,Level 2
6055,42,,,,,1,18181,57,23,1,3,1,4,3,89,,6,46,12,4,4,3,27,2,,,High,,1,0,0,Level 4
6056,41,,,,,2,3683,66,14,11,2,4,1,2,49,,7,49,10,3,3,3,35,4,,Medium,High,,1,0,0,Level 1
6057,45,,,,,4,8170,88,2,3,3,2,1,1,72,,9,40,1,3,1,4,10,4,,High,Normal,New,0,0,0,Level 2
6058,52,,,,,3,18316,15,4,10,0,4,3,1,53,,8,36,1,2,4,2,14,4,,,Normal,Experienced,0,1,0,Level 4
6059,30,,,,,3,8715,52,5,12,7,2,1,2,14,,3,45,19,3,1,1,20,4,,High,Normal,Experienced,1,0,0,Level 2
6060,29,,,,,3,18652,21,24,6,2,4,5,1,49,,6,58,17,2,4,2,36,2,,,High,,1,0,0,Level 4
6061,44,,,,,5,6984,95,7,2,3,2,5,2,80,,7,53,8,3,3,1,28,2,,High,High,Senior,1,0,0,Level 1
6062,56,,,,,5,6415,70,4,3,8,2,5,2,52,,5,54,9,3,4,4,14,3,,High,High,Experienced,0,1,0,Level 1
6063,57,,,,,2,9109,60,8,13,9,4,5,1,32,,6,53,2,2,2,3,36,4,,Very High,High,Expert,1,1,0,Level 2
6064,43,,,,,3,3270,38,11,9,8,1,4,4,18,,7,42,2,3,2,2,17,2,,Medium,Normal,Expert,1,0,1,Level 1
6065,59,,,,,4,9832,49,8,8,5,4,1,2,48,,6,36,11,2,3,2,49,3,,Very High,Normal,Expert,1,1,0,Level 2
6066,52,,,,,5,12471,87,4,3,3,2,3,4,51,,4,49,7,2,3,1,22,3,,,High,Experienced,0,1,1,Level 3
6067,36,,,,,1,9474,56,11,7,7,2,4,2,60,,9,58,11,1,4,4,18,2,,Very High,High,Expert,1,0,0,Level 2
6068,43,,,,,1,6994,81,12,12,6,1,2,3,37,,6,39,4,2,3,2,9,2,,High,Normal,,1,0,0,Level 1
6069,56,,,,,1,14656,58,28,14,5,2,4,4,87,,7,59,19,2,4,3,49,4,,,High,,1,1,1,Level 3
6070,21,,,,,2,9410,18,2,4,5,4,4,1,90,,4,35,1,2,4,4,42,1,,Very High,Low,New,0,0,0,Level 2
6071,51,,,,,3,9018,91,15,14,8,3,4,3,92,,3,49,7,1,1,1,10,1,,Very High,High,,1,1,0,Level 2
6072,43,,,,,3,11985,38,14,14,3,1,4,4,20,,3,57,15,1,4,3,17,4,,Very High,High,,1,0,1,Level 3
6073,28,,,,,5,12222,85,19,7,5,4,3,2,91,,2,40,0,4,1,1,3,3,,,Normal,,1,0,0,Level 3
6074,23,,,,,1,3859,33,21,5,1,2,5,1,94,,7,32,9,1,2,1,45,4,,Medium,Low,,1,0,0,Level 1
6075,36,,,,,2,15726,64,17,12,8,2,1,4,96,,3,40,12,3,2,3,26,4,,,Normal,,1,0,1,Level 4
6076,36,,,,,4,9147,32,16,13,6,1,5,1,51,,4,47,11,2,2,3,11,4,,Very High,High,,1,0,0,Level 2
6077,49,,,,,3,12757,42,5,12,7,4,3,1,23,,5,50,1,2,4,4,14,4,,,High,Experienced,1,0,0,Level 3
6078,59,,,,,3,3677,43,20,2,1,2,3,1,38,,1,55,18,4,1,1,13,4,,Medium,High,,1,1,0,Level 1
6079,30,,,,,2,11653,87,21,6,4,4,4,1,82,,8,38,12,1,2,1,13,3,,Very High,Normal,,1,0,0,Level 3
6080,40,,,,,5,16859,99,28,1,8,4,4,3,28,,1,30,13,3,2,2,33,1,,,Low,,1,0,0,Level 4
6081,40,,,,,2,18710,59,28,6,2,3,1,3,9,,6,32,14,3,1,2,18,4,,,Low,,1,0,0,Level 4
6082,37,,,,,5,12714,21,1,1,6,4,4,4,16,,2,55,10,2,4,1,11,2,,,High,New,0,0,1,Level 3
6083,48,,,,,3,4234,59,10,3,4,3,1,3,32,,2,55,1,2,1,1,45,3,,Medium,High,Expert,1,0,0,Level 1
6084,43,,,,,5,12328,40,7,11,5,1,3,2,42,,9,43,0,3,3,4,2,2,,,Normal,Senior,1,0,0,Level 3
6085,29,,,,,5,15404,84,10,10,4,3,1,1,83,,3,32,11,3,2,3,30,2,,,Low,Expert,1,0,0,Level 3
6086,36,,,,,5,15850,63,25,7,5,4,1,1,4,,2,52,3,4,2,4,16,4,,,High,,1,0,0,Level 4
6087,37,,,,,5,10115,98,16,14,8,1,2,4,45,,1,38,15,4,1,1,25,3,,Very High,Normal,,1,0,1,Level 2
6088,39,,,,,1,11315,32,5,2,6,3,4,3,0,,3,40,8,1,1,1,35,3,,Very High,Normal,Experienced,1,0,0,Level 2
6089,56,,,,,1,15443,98,19,9,0,1,5,2,99,,6,56,19,2,4,3,7,2,,,High,,1,1,0,Level 3
6090,37,,,,,1,10375,54,25,3,8,2,2,3,35,,7,50,18,1,3,4,14,2,,Very High,High,,1,0,0,Level 2
6091,36,,,,,1,7561,32,6,3,1,4,2,1,61,,9,42,5,1,3,3,17,4,,High,Normal,Senior,1,0,0,Level 2
6092,28,,,,,2,16041,61,12,14,3,2,2,2,20,,2,40,14,4,1,2,32,1,,,Normal,,1,0,0,Level 4
6093,33,,,,,4,16475,15,6,7,3,1,5,3,20,,2,32,11,3,2,4,23,2,,,Low,Senior,1,0,0,Level 4
6094,48,,,,,5,16588,47,10,1,4,3,5,3,14,,1,31,1,3,4,3,11,1,,,Low,Expert,1,0,0,Level 4
6095,50,,,,,2,6930,53,10,5,9,1,2,4,49,,7,58,16,1,4,3,8,2,,High,High,Expert,1,1,1,Level 1
6096,23,,,,,1,6776,37,13,10,3,2,3,4,52,,3,50,5,1,3,1,36,3,,High,High,,1,0,1,Level 1
6097,37,,,,,5,8099,28,19,3,7,4,2,2,69,,8,33,14,4,1,1,13,4,,High,Low,,1,0,0,Level 2
6098,39,,,,,4,11335,99,17,1,8,1,1,2,27,,4,32,17,2,4,1,38,4,,Very High,Low,,1,0,0,Level 2
6099,28,,,,,5,11357,58,16,7,1,2,1,2,16,,4,35,7,3,3,2,3,1,,Very High,Low,,1,0,0,Level 2
6100,32,,,,,3,6138,51,4,10,8,1,5,1,67,,8,33,19,4,4,2,17,1,,High,Low,Experienced,0,0,0,Level 1
6101,34,,,,,3,8139,85,20,14,1,1,1,4,41,,3,40,7,4,2,1,27,4,,High,Normal,,1,0,1,Level 2
6102,46,,,,,2,17958,90,3,7,2,4,4,3,57,,3,35,17,2,4,4,41,1,,,Low,New,0,0,0,Level 4
6103,34,,,,,4,6928,51,29,9,5,3,4,2,37,,6,43,9,2,2,3,19,1,,High,Normal,,1,0,0,Level 1
6104,47,,,,,2,3576,42,27,14,8,2,2,1,63,,5,42,11,2,2,3,28,2,,Medium,Normal,,1,0,0,Level 1
6105,56,,,,,5,18029,21,5,7,6,1,4,2,79,,1,31,1,4,3,4,30,2,,,Low,Experienced,1,1,0,Level 4
6106,38,,,,,4,15521,66,13,13,7,4,4,4,45,,5,35,11,3,1,3,41,1,,,Low,,1,0,1,Level 3
6107,45,,,,,2,16204,31,14,14,1,1,2,1,62,,4,40,16,2,4,3,2,4,,,Normal,,1,0,0,Level 4
6108,45,,,,,5,10300,76,9,4,8,3,4,1,43,,5,44,11,3,2,2,13,3,,Very High,Normal,Expert,1,0,0,Level 2
6109,44,,,,,1,17009,51,9,3,5,4,3,2,39,,2,32,4,1,4,4,17,3,,,Low,Expert,1,0,0,Level 4
6110,45,,,,,5,4667,28,8,6,2,4,4,4,10,,3,32,0,2,1,3,18,4,,Medium,Low,Expert,1,0,1,Level 1
6111,45,,,,,2,4298,65,28,6,1,1,5,2,23,,2,33,0,2,1,4,34,4,,Medium,Low,,1,0,0,Level 1
6112,47,,,,,4,17134,69,10,2,1,4,3,4,92,,5,49,12,3,4,3,11,3,,,High,Expert,1,0,1,Level 4
6113,37,,,,,4,8831,71,22,7,9,1,2,4,93,,7,48,15,2,3,2,49,2,,High,High,,1,0,1,Level 2
6114,51,,,,,1,15900,18,29,1,8,4,2,4,13,,1,45,9,3,3,4,20,4,,,Normal,,1,1,1,Level 4
6115,22,,,,,2,15439,63,20,9,3,1,3,1,85,,5,39,14,3,3,2,31,3,,,Normal,,1,0,0,Level 3
6116,21,,,,,1,5263,95,18,2,7,4,2,4,87,,8,30,15,4,1,2,39,4,,Medium,Low,,1,0,1,Level 1
6117,52,,,,,3,7754,49,12,3,6,3,5,1,64,,5,30,6,4,1,2,9,1,,High,Low,,1,1,0,Level 2
6118,38,,,,,5,6863,67,13,6,4,3,1,2,82,,2,37,1,1,2,3,29,1,,High,Normal,,1,0,0,Level 1
6119,36,,,,,3,7405,46,16,11,3,3,1,1,95,,4,58,1,2,3,2,20,2,,High,High,,1,0,0,Level 2
6120,52,,,,,3,10400,24,26,7,5,1,2,4,13,,8,41,19,3,4,3,8,2,,Very High,Normal,,1,1,1,Level 2
6121,31,,,,,1,6527,76,3,14,9,1,5,3,4,,1,31,6,3,1,3,34,4,,High,Low,New,0,0,0,Level 1
6122,22,,,,,1,8598,16,9,1,7,1,2,4,70,,5,34,16,3,3,1,43,1,,High,Low,Expert,1,0,1,Level 2
6123,45,,,,,5,9650,77,16,3,4,3,1,1,83,,8,52,4,4,4,3,1,4,,Very High,High,,1,0,0,Level 2
6124,54,,,,,1,14538,90,17,6,1,4,5,3,55,,8,40,3,3,4,1,31,2,,,Normal,,1,1,0,Level 3
6125,27,,,,,1,6018,30,16,4,3,1,2,1,80,,9,48,7,2,2,2,32,4,,High,High,,1,0,0,Level 1
6126,55,,,,,1,12396,30,23,5,0,1,4,3,67,,7,58,13,3,4,4,1,3,,,High,,1,1,0,Level 3
6127,26,,,,,1,10318,17,10,13,8,1,1,3,68,,1,40,12,4,2,3,42,2,,Very High,Normal,Expert,1,0,0,Level 2
6128,55,,,,,1,18830,32,22,12,5,4,1,1,66,,6,37,0,4,3,1,34,2,,,Normal,,1,1,0,Level 4
6129,35,,,,,3,13443,56,18,3,6,1,5,4,48,,7,47,15,3,4,3,28,3,,,High,,1,0,1,Level 3
6130,43,,,,,3,15614,46,21,14,0,2,4,3,92,,5,52,1,1,2,2,30,1,,,High,,1,0,0,Level 3
6131,20,,,,,5,11226,64,2,8,4,4,4,1,57,,2,33,13,4,2,2,12,3,,Very High,Low,New,0,0,0,Level 2
6132,44,,,,,4,8997,63,14,1,8,3,3,2,37,,4,49,3,2,4,3,27,3,,High,High,,1,0,0,Level 2
6133,29,,,,,5,18575,17,25,11,0,4,1,1,47,,5,42,14,1,4,2,10,2,,,Normal,,1,0,0,Level 4
6134,35,,,,,2,11192,86,5,10,0,1,3,1,29,,4,58,1,3,4,4,1,1,,Very High,High,Experienced,1,0,0,Level 2
6135,35,,,,,5,5515,19,6,7,1,1,4,2,21,,5,33,18,4,1,3,9,4,,Medium,Low,Senior,1,0,0,Level 1
6136,27,,,,,5,9747,71,20,2,2,3,5,3,41,,3,44,3,1,3,1,13,2,,Very High,Normal,,1,0,0,Level 2
6137,48,,,,,1,9213,98,1,8,5,1,2,4,61,,7,38,16,4,2,2,36,1,,Very High,Normal,New,0,0,1,Level 2
6138,58,,,,,1,8763,58,15,3,5,1,2,1,73,,9,49,0,3,3,1,16,2,,High,High,,1,1,0,Level 2
6139,47,,,,,1,9400,39,3,4,9,1,1,4,23,,3,33,1,1,2,2,24,3,,Very High,Low,New,0,0,1,Level 2
6140,25,,,,,4,10010,84,21,2,9,2,4,4,10,,8,58,8,4,1,3,47,2,,Very High,High,,1,0,1,Level 2
6141,35,,,,,1,12212,37,19,14,0,2,3,4,84,,4,35,0,2,3,4,24,2,,,Low,,1,0,1,Level 3
6142,39,,,,,2,9515,24,24,5,2,3,5,1,6,,5,40,10,4,1,3,6,1,,Very High,Normal,,1,0,0,Level 2
6143,35,,,,,3,10036,24,18,9,8,3,2,3,96,,6,33,9,1,1,2,30,3,,Very High,Low,,1,0,0,Level 2
6144,26,,,,,2,5146,47,28,4,7,4,2,2,21,,5,59,14,2,3,2,15,4,,Medium,High,,1,0,0,Level 1
6145,33,,,,,4,12780,87,15,7,8,1,2,3,85,,7,50,6,3,4,2,9,3,,,High,,1,0,0,Level 3
6146,45,,,,,1,6663,32,18,8,7,4,3,2,30,,2,33,6,3,4,1,18,4,,High,Low,,1,0,0,Level 1
6147,45,,,,,5,8081,81,1,10,8,1,1,4,58,,7,31,12,4,2,3,36,1,,High,Low,New,0,0,1,Level 2
6148,33,,,,,3,19230,88,28,1,6,4,1,3,39,,5,40,0,3,2,3,38,3,,,Normal,,1,0,0,Level 4
6149,26,,,,,4,16256,41,14,6,9,1,5,3,2,,9,50,14,3,3,4,40,2,,,High,,1,0,0,Level 4
6150,52,,,,,2,14606,49,17,5,8,4,3,2,88,,7,55,0,3,2,1,34,1,,,High,,1,1,0,Level 3
6151,45,,,,,1,3961,76,20,10,2,1,1,2,41,,7,31,5,3,2,2,8,4,,Medium,Low,,1,0,0,Level 1
6152,39,,,,,4,7341,32,8,10,5,2,4,4,91,,3,50,6,3,1,1,14,3,,High,High,Expert,1,0,1,Level 2
6153,22,,,,,4,14040,21,24,1,5,1,3,3,16,,6,50,15,1,4,2,14,4,,,High,,1,0,0,Level 3
6154,23,,,,,5,14735,85,8,9,0,3,2,3,71,,6,59,0,2,4,4,43,4,,,High,Expert,1,0,0,Level 3
6155,45,,,,,5,7374,24,27,11,9,3,2,4,3,,3,55,16,1,1,3,20,2,,High,High,,1,0,1,Level 2
6156,30,,,,,5,12044,41,17,10,9,4,3,4,83,,1,50,18,2,4,2,29,3,,,High,,1,0,1,Level 3
6157,21,,,,,2,15718,82,1,7,6,4,3,2,7,,4,39,6,4,3,1,45,2,,,Normal,New,0,0,0,Level 4
6158,33,,,,,5,8380,90,7,13,2,2,3,1,23,,9,54,4,1,2,4,23,1,,High,High,Senior,1,0,0,Level 2
6159,49,,,,,4,19204,81,23,1,1,4,2,3,40,,9,40,6,3,1,1,37,4,,,Normal,,1,0,0,Level 4
6160,31,,,,,4,19103,69,26,12,6,3,5,3,55,,3,30,11,3,4,4,23,2,,,Low,,1,0,0,Level 4
6161,45,,,,,4,16566,62,14,2,9,4,1,1,89,,8,59,8,4,2,1,2,1,,,High,,1,0,0,Level 4
6162,52,,,,,3,5312,81,21,4,3,3,3,2,27,,3,55,10,3,1,2,37,1,,Medium,High,,1,1,0,Level 1
6163,32,,,,,3,5492,40,24,10,6,3,1,3,33,,3,43,3,3,1,2,13,1,,Medium,Normal,,1,0,0,Level 1
6164,33,,,,,2,5270,54,6,9,0,2,4,2,71,,6,50,11,3,1,3,23,2,,Medium,High,Senior,1,0,0,Level 1
6165,43,,,,,5,9701,85,17,11,9,2,1,1,3,,6,37,16,1,1,4,48,4,,Very High,Normal,,1,0,0,Level 2
6166,53,,,,,4,10607,60,14,2,7,1,1,4,17,,2,41,3,1,4,4,38,4,,Very High,Normal,,1,1,1,Level 2
6167,45,,,,,5,11460,88,7,14,1,3,4,2,33,,7,32,11,2,2,3,20,3,,Very High,Low,Senior,1,0,0,Level 3
6168,40,,,,,4,14594,81,15,1,7,4,4,2,27,,7,50,15,2,2,2,44,2,,,High,,1,0,0,Level 3
6169,47,,,,,3,8294,25,8,1,7,3,3,1,37,,3,34,8,4,1,4,45,2,,High,Low,Expert,1,0,0,Level 2
6170,55,,,,,4,19816,65,28,9,8,3,4,4,68,,7,39,0,2,3,3,2,1,,,Normal,,1,1,1,Level 4
6171,59,,,,,2,9134,46,24,12,3,1,4,3,28,,7,47,14,1,3,1,36,4,,Very High,High,,1,1,0,Level 2
6172,21,,,,,1,16218,86,16,1,0,2,2,2,35,,9,37,9,1,3,4,17,3,,,Normal,,1,0,0,Level 4
6173,28,,,,,4,4303,34,10,4,9,1,1,3,42,,1,45,12,3,4,1,48,3,,Medium,Normal,Expert,1,0,0,Level 1
6174,42,,,,,2,8213,19,29,5,7,1,5,1,5,,3,32,14,2,2,3,9,1,,High,Low,,1,0,0,Level 2
6175,34,,,,,3,10007,55,9,14,8,3,1,1,93,,9,43,10,4,4,3,49,3,,Very High,Normal,Expert,1,0,0,Level 2
6176,32,,,,,3,14120,27,19,6,8,1,5,4,51,,1,31,16,4,3,2,42,3,,,Low,,1,0,1,Level 3
6177,42,,,,,1,17675,89,2,6,5,3,4,4,94,,2,40,19,3,4,3,38,3,,,Normal,New,0,0,1,Level 4
6178,36,,,,,5,17755,17,8,3,7,2,2,3,38,,6,36,7,4,3,2,13,3,,,Normal,Expert,1,0,0,Level 4
6179,21,,,,,5,18067,29,11,7,7,1,1,4,13,,2,33,16,1,1,2,37,3,,,Low,Expert,1,0,1,Level 4
6180,39,,,,,4,6058,70,4,14,4,3,1,1,44,,2,57,8,1,1,1,35,2,,High,High,Experienced,0,0,0,Level 1
6181,39,,,,,3,4849,57,18,8,3,4,5,4,89,,5,35,13,1,2,4,49,3,,Medium,Low,,1,0,1,Level 1
6182,22,,,,,2,16702,88,18,1,9,1,3,4,89,,8,37,19,1,4,3,9,3,,,Normal,,1,0,1,Level 4
6183,31,,,,,1,4301,81,2,13,9,3,1,4,44,,3,37,5,4,3,2,30,1,,Medium,Normal,New,0,0,1,Level 1
6184,59,,,,,5,7037,60,5,9,1,4,4,3,9,,4,57,18,1,2,4,5,2,,High,High,Experienced,1,1,0,Level 1
6185,21,,,,,4,16762,62,14,13,2,1,5,2,6,,5,54,4,3,4,1,20,2,,,High,,1,0,0,Level 4
6186,55,,,,,4,19674,92,13,6,2,3,1,1,15,,2,49,6,4,4,3,36,4,,,High,,1,1,0,Level 4
6187,33,,,,,3,9944,50,8,1,5,3,3,4,13,,2,32,7,1,1,1,29,3,,Very High,Low,Expert,1,0,1,Level 2
6188,35,,,,,2,13886,37,25,11,6,3,1,3,25,,5,39,3,1,2,3,23,2,,,Normal,,1,0,0,Level 3
6189,38,,,,,2,13166,69,11,9,5,3,5,1,41,,9,33,6,4,2,4,30,3,,,Low,Expert,1,0,0,Level 3
6190,53,,,,,5,11568,69,22,4,0,2,3,1,64,,9,57,19,2,1,3,9,4,,Very High,High,,1,1,0,Level 3
6191,25,,,,,4,3258,68,8,9,6,4,2,3,50,,9,43,4,3,3,1,7,2,,Medium,Normal,Expert,1,0,0,Level 1
6192,32,,,,,3,5419,79,15,10,8,4,1,3,93,,8,59,4,2,3,2,11,3,,Medium,High,,1,0,0,Level 1
6193,55,,,,,2,18322,65,6,12,7,2,3,3,62,,4,32,19,2,2,3,13,1,,,Low,Senior,1,1,0,Level 4
6194,41,,,,,4,14208,46,17,5,4,2,4,3,86,,7,58,0,1,1,1,49,4,,,High,,1,0,0,Level 3
6195,37,,,,,2,10932,99,11,6,3,4,5,4,1,,4,42,6,4,1,1,26,1,,Very High,Normal,Expert,1,0,1,Level 2
6196,31,,,,,1,14116,34,25,14,4,4,3,1,3,,6,46,4,2,2,4,10,3,,,High,,1,0,0,Level 3
6197,49,,,,,2,6332,50,26,9,2,4,5,4,89,,6,57,4,2,3,2,21,3,,High,High,,1,0,1,Level 1
6198,59,,,,,2,8886,46,7,14,8,2,2,3,61,,5,48,15,4,1,1,17,3,,High,High,Senior,1,1,0,Level 2
6199,26,,,,,4,7739,71,2,14,4,3,5,3,42,,1,48,5,4,1,4,6,3,,High,High,New,0,0,0,Level 2
6200,51,,,,,2,6597,43,3,6,6,2,2,3,45,,6,39,10,3,1,2,18,3,,High,Normal,New,0,1,0,Level 1
6201,38,,,,,2,8596,60,18,1,6,4,1,4,13,,2,56,7,4,4,3,8,4,,High,High,,1,0,1,Level 2
6202,25,,,,,1,5314,49,25,1,0,2,1,2,77,,8,40,1,1,3,2,27,3,,Medium,Normal,,1,0,0,Level 1
6203,39,,,,,2,4557,93,24,2,5,4,1,1,42,,7,51,4,4,3,2,23,2,,Medium,High,,1,0,0,Level 1
6204,46,,,,,2,18876,88,21,11,3,1,4,2,0,,3,44,8,4,2,4,36,2,,,Normal,,1,0,0,Level 4
6205,56,,,,,4,4716,66,20,11,2,3,1,3,27,,6,33,4,1,4,1,33,4,,Medium,Low,,1,1,0,Level 1
6206,26,,,,,3,12364,29,23,12,2,4,4,1,83,,3,48,14,4,3,3,46,4,,,High,,1,0,0,Level 3
6207,24,,,,,1,11014,95,14,12,5,1,4,3,18,,1,59,19,3,3,1,49,3,,Very High,High,,1,0,0,Level 2
6208,30,,,,,2,17361,65,9,2,0,4,2,2,66,,4,53,3,1,4,2,45,1,,,High,Expert,1,0,0,Level 4
6209,34,,,,,3,12699,45,8,6,4,2,1,1,96,,7,38,18,1,2,2,4,1,,,Normal,Expert,1,0,0,Level 3
6210,22,,,,,4,14327,89,24,10,3,2,4,3,61,,9,58,4,4,4,3,49,4,,,High,,1,0,0,Level 3
6211,24,,,,,1,17446,98,27,10,9,2,5,1,99,,7,33,4,4,2,1,46,3,,,Low,,1,0,0,Level 4
6212,42,,,,,4,18447,30,18,5,7,4,2,4,77,,3,34,0,4,4,4,31,1,,,Low,,1,0,1,Level 4
6213,56,,,,,3,10803,50,12,14,8,4,1,2,7,,2,57,9,2,3,3,38,4,,Very High,High,,1,1,0,Level 2
6214,28,,,,,1,15709,53,12,14,7,2,4,1,83,,4,34,9,1,4,1,10,3,,,Low,,1,0,0,Level 4
6215,34,,,,,2,14921,25,10,7,6,3,4,2,59,,2,35,7,3,4,3,11,4,,,Low,Expert,1,0,0,Level 3
6216,22,,,,,3,7821,34,9,8,2,3,2,4,55,,2,38,17,4,2,2,17,4,,High,Normal,Expert,1,0,1,Level 2
6217,48,,,,,4,8559,70,2,10,7,2,2,2,57,,5,53,10,2,2,4,17,4,,High,High,New,0,0,0,Level 2
6218,25,,,,,1,5341,56,24,10,0,4,2,4,43,,2,42,4,3,3,2,12,1,,Medium,Normal,,1,0,1,Level 1
6219,36,,,,,3,16460,61,21,10,3,3,1,2,48,,1,50,16,3,3,4,2,2,,,High,,1,0,0,Level 4
6220,45,,,,,3,8259,20,11,10,2,2,4,4,85,,3,56,11,2,1,1,5,2,,High,High,Expert,1,0,1,Level 2
6221,40,,,,,4,4145,49,22,14,2,2,5,4,89,,3,39,9,4,1,1,11,1,,Medium,Normal,,1,0,1,Level 1
6222,27,,,,,4,14786,22,10,3,1,1,5,1,98,,2,52,11,4,3,2,34,1,,,High,Expert,1,0,0,Level 3
6223,40,,,,,2,19767,85,25,9,6,2,5,1,47,,2,47,17,1,4,1,27,1,,,High,,1,0,0,Level 4
6224,30,,,,,2,13178,51,8,1,9,4,2,1,77,,7,35,5,1,3,4,6,1,,,Low,Expert,1,0,0,Level 3
6225,57,,,,,3,13522,64,5,3,2,1,2,1,22,,3,59,2,2,2,3,23,2,,,High,Experienced,1,1,0,Level 3
6226,27,,,,,4,14003,30,22,2,6,1,2,3,49,,3,30,10,4,4,4,40,2,,,Low,,1,0,0,Level 3
6227,43,,,,,3,16758,23,5,6,1,3,1,4,50,,6,43,16,2,4,2,15,4,,,Normal,Experienced,1,0,1,Level 4
6228,54,,,,,5,11810,89,9,13,2,1,4,3,68,,2,39,3,1,1,3,27,4,,Very High,Normal,Expert,1,1,0,Level 3
6229,33,,,,,4,7044,99,11,13,2,4,5,3,0,,3,30,7,1,2,3,27,3,,High,Low,Expert,1,0,0,Level 1
6230,33,,,,,5,19589,74,12,12,6,3,4,1,89,,8,46,8,1,1,2,17,4,,,High,,1,0,0,Level 4
6231,29,,,,,5,14984,65,5,1,9,3,5,2,14,,8,59,11,3,1,4,7,4,,,High,Experienced,1,0,0,Level 3
6232,31,,,,,4,6617,60,6,8,3,2,4,2,50,,3,47,19,4,2,2,6,4,,High,High,Senior,1,0,0,Level 1
6233,57,,,,,2,19447,85,1,12,9,4,2,3,75,,6,59,4,2,4,2,35,4,,,High,New,0,1,0,Level 4
6234,53,,,,,3,10607,26,16,10,6,4,1,3,84,,8,50,14,4,4,3,36,4,,Very High,High,,1,1,0,Level 2
6235,29,,,,,1,15120,78,24,12,2,1,5,4,16,,6,58,13,4,1,4,38,4,,,High,,1,0,1,Level 3
6236,36,,,,,1,6805,35,14,10,9,4,3,1,72,,2,42,10,2,4,1,17,4,,High,Normal,,1,0,0,Level 1
6237,36,,,,,4,16999,19,24,12,8,3,5,1,0,,7,42,10,2,2,4,28,4,,,Normal,,1,0,0,Level 4
6238,22,,,,,2,7323,20,14,3,1,3,1,4,94,,6,47,14,1,3,3,1,2,,High,High,,1,0,1,Level 2
6239,50,,,,,2,7023,57,24,6,2,4,4,3,80,,6,35,15,3,2,1,21,2,,High,Low,,1,1,0,Level 1
6240,20,,,,,2,19778,40,13,2,5,1,5,1,83,,9,30,11,4,2,3,36,2,,,Low,,1,0,0,Level 4
6241,31,,,,,1,13972,68,12,5,5,2,4,3,52,,3,57,4,1,1,1,31,3,,,High,,1,0,0,Level 3
6242,58,,,,,5,4859,17,23,2,5,4,2,3,3,,1,45,15,1,3,1,22,3,,Medium,Normal,,1,1,0,Level 1
6243,23,,,,,1,16985,25,7,7,9,1,1,1,24,,4,38,11,4,4,2,40,4,,,Normal,Senior,1,0,0,Level 4
6244,32,,,,,2,9441,39,6,5,7,1,1,1,97,,1,53,7,2,3,2,41,4,,Very High,High,Senior,1,0,0,Level 2
6245,53,,,,,1,18037,26,23,8,7,1,5,4,6,,5,38,7,3,4,2,10,2,,,Normal,,1,1,1,Level 4
6246,40,,,,,1,10747,79,9,6,5,2,4,4,62,,6,57,14,2,1,4,28,1,,Very High,High,Expert,1,0,1,Level 2
6247,41,,,,,3,8517,18,21,13,7,2,3,3,90,,8,56,7,3,2,1,27,3,,High,High,,1,0,0,Level 2
6248,23,,,,,4,16571,66,16,8,0,2,4,3,1,,3,40,6,2,3,1,13,2,,,Normal,,1,0,0,Level 4
6249,37,,,,,5,9369,79,9,12,6,1,4,2,44,,3,58,5,4,4,4,1,2,,Very High,High,Expert,1,0,0,Level 2
6250,24,,,,,3,13961,84,14,9,2,2,4,3,4,,3,37,15,4,4,2,43,1,,,Normal,,1,0,0,Level 3
6251,38,,,,,4,19716,48,9,7,2,1,4,1,67,,4,35,3,1,4,4,22,1,,,Low,Expert,1,0,0,Level 4
6252,21,,,,,2,14149,30,4,1,8,4,4,1,66,,3,39,5,4,3,3,23,4,,,Normal,Experienced,0,0,0,Level 3
6253,31,,,,,3,13410,89,9,9,0,1,5,1,24,,9,32,18,4,3,1,34,4,,,Low,Expert,1,0,0,Level 3
6254,36,,,,,4,10059,28,8,13,8,4,5,2,48,,8,52,0,3,4,1,11,2,,Very High,High,Expert,1,0,0,Level 2
6255,29,,,,,3,14100,88,14,9,4,4,3,2,25,,9,36,16,4,1,4,22,1,,,Normal,,1,0,0,Level 3
6256,53,,,,,1,5288,75,27,10,8,2,1,4,90,,6,41,12,4,3,2,49,4,,Medium,Normal,,1,1,1,Level 1
6257,25,,,,,1,15048,67,5,2,0,2,1,1,43,,6,36,14,3,1,1,5,1,,,Normal,Experienced,1,0,0,Level 3
6258,27,,,,,3,15244,72,16,14,5,1,3,3,32,,4,36,11,2,3,2,10,2,,,Normal,,1,0,0,Level 3
6259,30,,,,,3,17355,77,10,2,0,4,4,3,60,,6,32,4,4,3,2,9,2,,,Low,Expert,1,0,0,Level 4
6260,31,,,,,5,13380,27,27,7,0,4,2,3,8,,9,37,2,3,3,1,17,3,,,Normal,,1,0,0,Level 3
6261,28,,,,,2,19248,59,3,14,4,3,5,4,34,,5,55,5,3,2,3,16,2,,,High,New,0,0,1,Level 4
6262,21,,,,,1,7782,69,9,5,4,4,3,3,7,,6,56,1,1,2,2,10,3,,High,High,Expert,1,0,0,Level 2
6263,27,,,,,3,11186,47,3,5,0,2,1,4,12,,6,45,2,2,3,4,21,1,,Very High,Normal,New,0,0,1,Level 2
6264,30,,,,,4,11461,76,19,1,1,2,4,1,67,,8,35,14,2,2,2,2,3,,Very High,Low,,1,0,0,Level 3
6265,55,,,,,2,11780,53,19,6,2,4,4,2,40,,9,30,13,4,1,4,47,3,,Very High,Low,,1,1,0,Level 3
6266,29,,,,,4,11566,27,1,8,2,4,4,4,4,,9,30,7,4,1,1,36,3,,Very High,Low,New,0,0,1,Level 3
6267,40,,,,,2,13777,95,22,4,6,1,2,4,13,,5,46,15,3,4,2,33,4,,,High,,1,0,1,Level 3
6268,39,,,,,4,4651,87,19,13,1,3,3,3,75,,1,38,9,4,4,3,9,2,,Medium,Normal,,1,0,0,Level 1
6269,27,,,,,1,18854,27,26,3,2,3,5,1,19,,4,38,15,2,3,3,17,2,,,Normal,,1,0,0,Level 4
6270,55,,,,,3,18884,30,15,10,0,1,5,1,4,,5,53,12,3,2,1,33,2,,,High,,1,1,0,Level 4
6271,48,,,,,3,15007,68,19,10,0,1,5,3,88,,6,53,4,4,4,1,12,4,,,High,,1,0,0,Level 3
6272,31,,,,,5,7680,44,25,1,0,3,4,4,12,,4,34,5,2,4,3,13,4,,High,Low,,1,0,1,Level 2
6273,33,,,,,3,13802,53,7,4,0,3,1,3,22,,4,50,10,1,2,1,46,3,,,High,Senior,1,0,0,Level 3
6274,40,,,,,1,14474,78,24,2,3,1,4,3,41,,9,50,13,1,3,1,45,2,,,High,,1,0,0,Level 3
6275,41,,,,,2,4750,84,1,5,0,4,4,2,44,,5,57,0,4,2,2,1,4,,Medium,High,New,0,0,0,Level 1
6276,40,,,,,2,13792,26,24,12,3,4,2,3,36,,1,35,0,2,1,3,40,2,,,Low,,1,0,0,Level 3
6277,49,,,,,3,15598,16,16,10,5,2,4,3,62,,7,33,6,4,2,4,44,3,,,Low,,1,0,0,Level 3
6278,58,,,,,4,7189,47,8,1,2,3,4,1,55,,9,34,16,1,4,3,22,1,,High,Low,Expert,1,1,0,Level 2
6279,39,,,,,3,15476,29,12,9,2,3,2,2,30,,8,37,16,3,4,3,10,1,,,Normal,,1,0,0,Level 3
6280,43,,,,,2,7742,95,28,9,4,3,4,1,37,,9,32,14,1,3,4,48,2,,High,Low,,1,0,0,Level 2
6281,42,,,,,5,4741,66,24,5,9,3,3,1,90,,4,31,14,3,3,3,38,3,,Medium,Low,,1,0,0,Level 1
6282,26,,,,,2,14777,49,6,1,1,1,3,4,73,,6,53,1,1,1,1,49,3,,,High,Senior,1,0,1,Level 3
6283,28,,,,,4,17539,52,10,3,3,4,3,4,45,,1,38,13,1,2,1,40,4,,,Normal,Expert,1,0,1,Level 4
6284,20,,,,,4,12706,94,14,7,0,4,2,1,59,,6,51,5,4,4,3,44,4,,,High,,1,0,0,Level 3
6285,45,,,,,5,6841,56,5,5,9,2,5,3,65,,8,51,4,2,4,1,32,3,,High,High,Experienced,1,0,0,Level 1
6286,57,,,,,4,16979,95,4,11,8,3,3,4,83,,7,32,11,4,2,4,13,4,,,Low,Experienced,0,1,1,Level 4
6287,57,,,,,3,10643,21,27,9,2,2,1,4,27,,1,50,10,3,4,4,1,3,,Very High,High,,1,1,1,Level 2
6288,41,,,,,3,14836,70,25,4,7,4,1,4,78,,4,39,16,3,3,1,46,3,,,Normal,,1,0,1,Level 3
6289,29,,,,,2,12173,19,23,5,3,1,4,3,34,,2,50,2,2,3,1,24,1,,,High,,1,0,0,Level 3
6290,25,,,,,1,3393,54,28,3,5,4,5,3,55,,4,58,3,2,3,1,36,1,,Medium,High,,1,0,0,Level 1
6291,36,,,,,3,12571,75,14,8,9,4,4,4,0,,8,52,18,1,2,4,22,2,,,High,,1,0,1,Level 3
6292,57,,,,,3,3047,79,17,13,3,1,3,3,87,,3,51,2,3,4,2,42,2,,Medium,High,,1,1,0,Level 1
6293,43,,,,,5,12647,80,27,3,3,1,1,4,28,,2,45,11,1,2,4,12,2,,,Normal,,1,0,1,Level 3
6294,29,,,,,3,13292,82,1,6,5,4,2,3,42,,3,43,9,4,2,1,18,1,,,Normal,New,0,0,0,Level 3
6295,27,,,,,2,5288,79,17,7,7,4,5,4,54,,9,35,9,3,1,4,21,4,,Medium,Low,,1,0,1,Level 1
6296,40,,,,,5,10048,99,20,13,8,2,4,1,89,,2,49,9,4,4,4,30,3,,Very High,High,,1,0,0,Level 2
6297,25,,,,,3,18386,56,9,2,1,3,1,4,82,,1,51,16,2,4,1,4,4,,,High,Expert,1,0,1,Level 4
6298,40,,,,,2,14322,49,16,7,5,1,3,4,33,,3,45,14,2,1,4,3,4,,,Normal,,1,0,1,Level 3
6299,58,,,,,5,4209,80,3,3,0,3,3,2,19,,5,48,12,4,1,3,2,3,,Medium,High,New,0,1,0,Level 1
6300,43,,,,,1,16248,39,10,3,6,2,5,2,64,,9,38,14,2,1,2,4,2,,,Normal,Expert,1,0,0,Level 4
6301,52,,,,,2,13214,20,17,5,9,1,4,4,79,,5,52,7,2,3,2,4,1,,,High,,1,1,1,Level 3
6302,37,,,,,3,19066,22,16,4,2,1,3,2,40,,5,40,6,4,3,3,8,1,,,Normal,,1,0,0,Level 4
6303,47,,,,,5,11045,49,1,10,8,3,1,3,76,,2,57,15,3,2,1,10,3,,Very High,High,New,0,0,0,Level 2
6304,51,,,,,1,6539,67,19,7,5,1,4,1,87,,9,59,5,4,3,4,29,2,,High,High,,1,1,0,Level 1
6305,31,,,,,2,15720,33,29,3,8,4,1,4,87,,9,34,0,4,3,3,33,4,,,Low,,1,0,1,Level 4
6306,46,,,,,1,16134,23,15,9,5,2,3,2,24,,4,45,8,2,1,1,30,2,,,Normal,,1,0,0,Level 4
6307,29,,,,,2,17069,47,27,1,3,2,1,2,98,,8,33,2,3,3,2,22,2,,,Low,,1,0,0,Level 4
6308,51,,,,,3,18301,22,7,14,5,1,3,2,30,,7,36,14,2,2,1,28,3,,,Normal,Senior,1,1,0,Level 4
6309,45,,,,,2,4537,52,8,13,0,1,2,3,38,,1,51,17,1,4,4,29,2,,Medium,High,Expert,1,0,0,Level 1
6310,44,,,,,3,19175,46,4,12,9,3,4,3,80,,5,42,19,4,3,2,48,3,,,Normal,Experienced,0,0,0,Level 4
6311,30,,,,,2,3182,37,12,2,7,2,1,4,44,,1,44,7,2,2,2,37,4,,Medium,Normal,,1,0,1,Level 1
6312,42,,,,,5,15219,48,2,11,9,4,4,2,48,,9,33,4,3,3,1,44,4,,,Low,New,0,0,0,Level 3
6313,53,,,,,2,4533,60,7,9,7,4,1,3,62,,6,32,9,4,4,4,13,3,,Medium,Low,Senior,1,1,0,Level 1
6314,59,,,,,2,16406,46,25,11,2,3,3,4,56,,3,54,15,1,1,1,6,4,,,High,,1,1,1,Level 4
6315,42,,,,,4,3155,15,26,8,4,2,3,3,77,,6,47,2,4,4,2,29,2,,Medium,High,,1,0,0,Level 1
6316,48,,,,,4,7884,21,6,7,4,2,2,4,91,,6,34,13,1,3,4,15,1,,High,Low,Senior,1,0,1,Level 2
6317,50,,,,,2,17573,38,2,9,2,4,1,2,21,,1,53,17,1,1,4,3,1,,,High,New,0,1,0,Level 4
6318,26,,,,,4,10977,16,25,5,5,2,2,4,7,,9,58,18,4,4,4,3,4,,Very High,High,,1,0,1,Level 2
6319,59,,,,,3,9156,32,7,13,8,2,1,3,0,,4,42,1,2,1,4,10,4,,Very High,Normal,Senior,1,1,0,Level 2
6320,52,,,,,4,8274,97,25,3,2,2,2,1,55,,3,30,14,3,3,1,47,3,,High,Low,,1,1,0,Level 2
6321,40,,,,,2,7858,70,27,13,8,4,4,4,10,,4,49,12,1,2,4,32,3,,High,High,,1,0,1,Level 2
6322,21,,,,,1,18128,46,2,2,7,1,3,1,58,,2,48,10,4,1,2,2,2,,,High,New,0,0,0,Level 4
6323,37,,,,,1,18207,91,26,6,4,2,1,4,28,,3,44,6,1,3,4,17,2,,,Normal,,1,0,1,Level 4
6324,52,,,,,2,7678,84,4,13,8,1,5,2,78,,3,37,11,4,3,3,22,4,,High,Normal,Experienced,0,1,0,Level 2
6325,56,,,,,2,19060,24,16,2,6,1,5,3,72,,8,44,14,1,1,3,43,1,,,Normal,,1,1,0,Level 4
6326,53,,,,,1,18963,54,6,8,2,3,3,2,16,,7,59,0,2,3,3,43,1,,,High,Senior,1,1,0,Level 4
6327,39,,,,,5,15595,88,10,5,9,1,5,3,26,,1,46,2,1,3,2,46,1,,,High,Expert,1,0,0,Level 3
6328,54,,,,,4,4699,48,23,11,1,3,5,1,82,,2,34,5,1,2,4,42,3,,Medium,Low,,1,1,0,Level 1
6329,37,,,,,5,18344,98,14,2,4,2,5,3,98,,8,51,10,4,3,3,38,3,,,High,,1,0,0,Level 4
6330,43,,,,,3,9174,47,3,6,2,4,2,1,66,,2,56,0,4,2,3,22,3,,Very High,High,New,0,0,0,Level 2
6331,27,,,,,1,17728,89,14,6,9,1,2,3,41,,1,37,17,4,3,4,5,1,,,Normal,,1,0,0,Level 4
6332,49,,,,,1,3690,71,29,14,8,1,1,1,53,,5,31,0,3,2,3,40,4,,Medium,Low,,1,0,0,Level 1
6333,29,,,,,5,18413,36,26,8,9,4,2,2,39,,4,30,0,2,2,3,27,3,,,Low,,1,0,0,Level 4
6334,42,,,,,3,10898,62,11,12,6,3,4,4,82,,4,55,19,1,2,1,5,3,,Very High,High,Expert,1,0,1,Level 2
6335,30,,,,,5,6579,90,11,6,9,3,1,4,86,,3,36,12,4,3,2,33,2,,High,Normal,Expert,1,0,1,Level 1
6336,21,,,,,3,14019,46,21,3,9,3,5,3,62,,9,41,10,3,3,1,33,3,,,Normal,,1,0,0,Level 3
6337,45,,,,,2,14716,97,11,8,7,1,5,2,70,,1,43,16,1,4,3,26,4,,,Normal,Expert,1,0,0,Level 3
6338,55,,,,,2,3199,59,4,2,5,2,3,3,7,,6,52,6,1,4,4,22,2,,Medium,High,Experienced,0,1,0,Level 1
6339,52,,,,,1,11967,16,5,9,8,3,1,4,68,,4,54,6,3,4,2,17,1,,Very High,High,Experienced,1,1,1,Level 3
6340,32,,,,,2,19609,92,6,6,5,3,5,2,92,,9,54,1,4,3,1,27,4,,,High,Senior,1,0,0,Level 4
6341,59,,,,,5,11820,69,22,1,2,4,2,4,56,,4,44,15,3,1,4,2,3,,Very High,Normal,,1,1,1,Level 3
6342,44,,,,,3,13249,73,14,4,1,2,5,1,92,,5,33,12,3,2,3,46,2,,,Low,,1,0,0,Level 3
6343,23,,,,,1,3040,47,7,1,0,2,5,2,62,,4,37,1,1,2,3,20,4,,Medium,Normal,Senior,1,0,0,Level 1
6344,38,,,,,2,15496,97,6,3,8,2,3,1,28,,9,51,3,2,4,2,37,4,,,High,Senior,1,0,0,Level 3
6345,37,,,,,1,3878,28,14,14,5,2,5,4,34,,9,40,17,2,1,1,39,1,,Medium,Normal,,1,0,1,Level 1
6346,56,,,,,1,13002,82,22,10,3,2,4,2,52,,2,55,6,1,1,1,44,2,,,High,,1,1,0,Level 3
6347,49,,,,,3,18719,80,16,6,4,3,4,4,22,,1,58,9,3,2,1,47,4,,,High,,1,0,1,Level 4
6348,38,,,,,5,4450,88,4,3,7,4,5,4,11,,4,49,15,4,1,3,15,1,,Medium,High,Experienced,0,0,1,Level 1
6349,42,,,,,5,11521,73,18,5,0,3,5,2,16,,5,53,10,2,1,4,31,1,,Very High,High,,1,0,0,Level 3
6350,35,,,,,4,14246,29,26,8,7,2,4,1,58,,5,54,16,4,1,1,28,4,,,High,,1,0,0,Level 3
6351,20,,,,,5,13727,45,7,8,6,4,2,1,78,,7,38,4,2,2,1,41,3,,,Normal,Senior,1,0,0,Level 3
6352,31,,,,,2,9625,43,23,13,8,1,1,3,82,,4,53,14,1,3,1,7,3,,Very High,High,,1,0,0,Level 2
6353,43,,,,,4,10699,89,27,9,3,1,4,3,86,,2,49,4,4,1,1,39,4,,Very High,High,,1,0,0,Level 2
6354,53,,,,,4,12211,87,19,12,4,2,3,3,18,,4,35,3,4,2,2,45,3,,,Low,,1,1,0,Level 3
6355,27,,,,,4,14700,61,14,4,7,3,4,2,53,,1,54,3,4,1,4,46,4,,,High,,1,0,0,Level 3
6356,37,,,,,4,16310,71,15,14,2,4,1,3,28,,9,44,7,4,2,4,1,2,,,Normal,,1,0,0,Level 4
6357,24,,,,,5,10970,72,21,5,9,4,4,1,80,,9,49,13,1,1,4,7,3,,Very High,High,,1,0,0,Level 2
6358,45,,,,,4,8281,99,6,4,0,3,1,4,42,,4,43,16,4,4,1,7,2,,High,Normal,Senior,1,0,1,Level 2
6359,49,,,,,2,15721,45,10,7,0,2,2,3,4,,5,54,10,2,3,1,9,3,,,High,Expert,1,0,0,Level 4
6360,32,,,,,2,4827,67,25,12,9,1,2,4,98,,9,34,5,2,4,3,11,2,,Medium,Low,,1,0,1,Level 1
6361,38,,,,,1,7111,78,3,9,5,1,5,4,37,,1,54,11,1,2,3,44,3,,High,High,New,0,0,1,Level 1
6362,48,,,,,2,18318,96,13,6,1,2,2,3,10,,5,30,8,3,3,3,23,1,,,Low,,1,0,0,Level 4
6363,22,,,,,1,11811,16,19,11,8,4,4,1,21,,6,50,18,1,3,2,38,4,,Very High,High,,1,0,0,Level 3
6364,45,,,,,2,3688,74,21,11,4,3,3,4,65,,1,46,5,2,2,4,18,1,,Medium,High,,1,0,1,Level 1
6365,59,,,,,4,13304,98,18,2,8,2,4,4,12,,5,45,4,1,2,4,49,4,,,Normal,,1,1,1,Level 3
6366,31,,,,,3,15862,62,3,7,7,4,2,1,25,,4,30,16,3,1,1,16,1,,,Low,New,0,0,0,Level 4
6367,21,,,,,4,9216,62,22,3,7,3,3,3,36,,6,50,12,4,1,4,46,1,,Very High,High,,1,0,0,Level 2
6368,30,,,,,5,14835,75,3,8,4,4,2,1,50,,2,40,12,3,1,4,5,1,,,Normal,New,0,0,0,Level 3
6369,47,,,,,1,5660,18,17,3,1,4,1,1,32,,3,55,12,4,4,1,46,1,,Medium,High,,1,0,0,Level 1
6370,37,,,,,3,13434,40,23,9,5,1,4,3,55,,6,30,4,3,2,4,25,4,,,Low,,1,0,0,Level 3
6371,32,,,,,2,13490,98,7,14,4,2,3,3,85,,6,54,13,1,2,4,5,4,,,High,Senior,1,0,0,Level 3
6372,56,,,,,4,8662,36,2,1,2,4,5,4,60,,8,39,18,2,2,4,30,4,,High,Normal,New,0,1,1,Level 2
6373,41,,,,,1,3954,57,5,6,9,1,3,4,6,,9,42,16,1,3,1,43,1,,Medium,Normal,Experienced,1,0,1,Level 1
6374,31,,,,,1,9453,34,9,11,8,2,3,2,27,,4,59,18,3,2,2,25,3,,Very High,High,Expert,1,0,0,Level 2
6375,21,,,,,2,17105,62,29,10,6,2,3,2,4,,9,38,13,4,4,4,4,1,,,Normal,,1,0,0,Level 4
6376,56,,,,,1,10412,75,3,7,8,3,5,4,57,,3,30,12,4,4,3,19,2,,Very High,Low,New,0,1,1,Level 2
6377,26,,,,,2,15562,37,8,3,9,2,3,1,32,,6,52,8,2,4,2,32,2,,,High,Expert,1,0,0,Level 3
6378,45,,,,,2,15826,75,4,6,3,1,4,2,65,,9,39,3,3,3,2,12,2,,,Normal,Experienced,0,0,0,Level 4
6379,45,,,,,4,12465,94,3,11,2,1,3,1,68,,2,35,15,3,1,1,7,4,,,Low,New,0,0,0,Level 3
6380,43,,,,,1,9886,77,18,13,1,2,2,1,86,,3,31,11,1,3,2,36,3,,Very High,Low,,1,0,0,Level 2
6381,31,,,,,5,3012,33,15,14,4,1,3,3,86,,3,35,16,4,1,3,6,4,,Medium,Low,,1,0,0,Level 1
6382,35,,,,,5,7705,89,29,10,0,4,3,2,36,,5,59,2,2,4,1,44,3,,High,High,,1,0,0,Level 2
6383,42,,,,,4,3697,90,25,14,5,4,5,1,98,,3,30,6,4,1,1,17,1,,Medium,Low,,1,0,0,Level 1
6384,59,,,,,4,5066,27,11,3,1,3,1,2,67,,2,53,5,4,4,1,14,4,,Medium,High,Expert,1,1,0,Level 1
6385,28,,,,,2,13578,16,5,9,8,4,5,2,5,,7,43,7,3,4,1,2,1,,,Normal,Experienced,1,0,0,Level 3
6386,51,,,,,5,9914,65,25,6,4,2,5,1,43,,9,50,11,1,2,1,12,3,,Very High,High,,1,1,0,Level 2
6387,34,,,,,1,7674,89,16,11,1,4,3,2,69,,5,36,10,3,3,3,11,3,,High,Normal,,1,0,0,Level 2
6388,56,,,,,5,5073,15,24,8,3,3,1,3,91,,4,39,5,3,1,2,48,3,,Medium,Normal,,1,1,0,Level 1
6389,32,,,,,4,6813,55,19,4,5,1,5,2,76,,4,39,13,1,2,1,33,2,,High,Normal,,1,0,0,Level 1
6390,24,,,,,4,4050,24,4,8,3,2,2,3,70,,1,47,13,2,4,1,2,1,,Medium,High,Experienced,0,0,0,Level 1
6391,30,,,,,2,5152,17,28,5,4,3,1,4,37,,9,36,9,1,3,4,24,4,,Medium,Normal,,1,0,1,Level 1
6392,29,,,,,1,10689,22,22,8,3,4,5,1,95,,9,38,14,1,2,4,16,3,,Very High,Normal,,1,0,0,Level 2
6393,32,,,,,4,14023,94,11,13,3,2,3,4,62,,1,35,0,4,4,1,3,4,,,Low,Expert,1,0,1,Level 3
6394,34,,,,,1,18638,50,26,13,2,2,2,4,85,,3,33,6,2,4,4,40,2,,,Low,,1,0,1,Level 4
6395,26,,,,,5,16323,54,12,2,8,1,1,2,98,,6,47,10,1,4,4,40,1,,,High,,1,0,0,Level 4
6396,59,,,,,2,14340,53,5,14,2,4,2,4,39,,1,55,10,4,3,2,45,4,,,High,Experienced,1,1,1,Level 3
6397,47,,,,,5,6089,98,10,13,3,4,4,1,53,,5,38,8,2,4,3,9,1,,High,Normal,Expert,1,0,0,Level 1
6398,51,,,,,4,3173,61,10,3,7,4,5,1,18,,3,30,7,2,1,2,5,1,,Medium,Low,Expert,1,1,0,Level 1
6399,54,,,,,4,12616,74,19,10,4,4,3,1,23,,3,35,3,2,4,2,43,3,,,Low,,1,1,0,Level 3
6400,34,,,,,1,10254,22,5,4,6,3,4,1,96,,1,42,16,3,4,4,1,1,,Very High,Normal,Experienced,1,0,0,Level 2
6401,55,,,,,4,10510,88,5,1,5,1,3,4,0,,2,56,0,2,2,4,16,3,,Very High,High,Experienced,1,1,1,Level 2
6402,40,,,,,1,19832,51,25,5,0,2,5,4,52,,8,59,2,4,1,1,25,3,,,High,,1,0,1,Level 4
6403,25,,,,,3,17389,77,4,3,1,4,4,3,83,,8,50,3,1,1,3,25,1,,,High,Experienced,0,0,0,Level 4
6404,20,,,,,4,8835,41,24,7,9,1,1,2,6,,6,56,10,3,3,4,19,4,,High,High,,1,0,0,Level 2
6405,23,,,,,5,14961,17,4,2,4,2,4,1,46,,1,33,12,2,1,4,46,2,,,Low,Experienced,0,0,0,Level 3
6406,30,,,,,5,19816,53,26,14,9,4,1,4,42,,1,37,18,4,3,4,18,1,,,Normal,,1,0,1,Level 4
6407,45,,,,,1,7945,20,2,14,2,2,1,4,1,,9,45,3,3,1,2,27,4,,High,Normal,New,0,0,1,Level 2
6408,56,,,,,3,4859,95,3,11,7,4,3,4,37,,4,38,5,1,2,3,9,1,,Medium,Normal,New,0,1,1,Level 1
6409,42,,,,,4,6919,24,29,14,7,4,2,3,31,,7,57,2,4,4,1,38,3,,High,High,,1,0,0,Level 1
6410,48,,,,,2,13866,99,4,13,1,2,2,2,68,,5,42,13,1,4,2,21,2,,,Normal,Experienced,0,0,0,Level 3
6411,40,,,,,2,9390,43,8,1,5,4,1,2,39,,7,43,0,3,2,3,5,1,,Very High,Normal,Expert,1,0,0,Level 2
6412,46,,,,,5,3548,43,9,2,6,3,5,1,40,,6,38,6,1,1,4,48,3,,Medium,Normal,Expert,1,0,0,Level 1
6413,58,,,,,4,3166,34,28,3,6,3,2,2,1,,5,33,15,4,2,3,30,3,,Medium,Low,,1,1,0,Level 1
6414,59,,,,,2,14952,93,28,10,2,2,2,4,42,,4,57,5,2,3,4,8,3,,,High,,1,1,1,Level 3
6415,32,,,,,1,6170,80,22,5,8,4,5,1,2,,5,45,8,3,4,2,28,3,,High,Normal,,1,0,0,Level 1
6416,42,,,,,4,12839,26,8,6,6,2,3,4,77,,4,41,11,2,3,4,17,2,,,Normal,Expert,1,0,1,Level 3
6417,35,,,,,5,5621,27,12,8,0,1,1,3,85,,7,44,19,4,1,3,37,3,,Medium,Normal,,1,0,0,Level 1
6418,49,,,,,3,6401,53,10,13,8,1,4,2,70,,2,49,14,3,3,1,21,2,,High,High,Expert,1,0,0,Level 1
6419,23,,,,,1,9466,53,5,4,5,1,4,1,96,,9,51,2,1,2,4,18,3,,Very High,High,Experienced,1,0,0,Level 2
6420,59,,,,,1,18293,59,5,4,5,4,1,3,35,,5,46,17,4,3,3,10,3,,,High,Experienced,1,1,0,Level 4
6421,35,,,,,4,9172,99,24,13,6,2,3,1,14,,3,39,12,2,2,2,6,1,,Very High,Normal,,1,0,0,Level 2
6422,50,,,,,3,16026,55,15,2,1,1,4,2,81,,5,47,19,2,4,2,44,1,,,High,,1,1,0,Level 4
6423,44,,,,,1,3542,94,20,3,1,4,2,3,96,,9,40,10,1,1,4,37,2,,Medium,Normal,,1,0,0,Level 1
6424,31,,,,,3,12531,57,29,3,3,4,3,4,71,,2,53,2,4,4,4,23,3,,,High,,1,0,1,Level 3
6425,45,,,,,5,14776,76,3,2,1,1,5,1,14,,8,34,3,1,1,3,18,3,,,Low,New,0,0,0,Level 3
6426,56,,,,,1,11759,17,26,1,6,3,1,3,94,,1,58,14,3,2,3,45,1,,Very High,High,,1,1,0,Level 3
6427,52,,,,,2,13937,23,2,2,9,3,4,3,27,,7,55,17,3,4,2,14,2,,,High,New,0,1,0,Level 3
6428,47,,,,,5,4760,58,15,5,8,3,1,3,51,,7,54,5,3,4,1,32,2,,Medium,High,,1,0,0,Level 1
6429,28,,,,,5,13421,48,13,8,1,3,5,2,69,,7,34,7,1,2,2,20,2,,,Low,,1,0,0,Level 3
6430,31,,,,,1,17465,33,28,5,0,2,4,2,43,,7,56,5,1,2,2,37,4,,,High,,1,0,0,Level 4
6431,24,,,,,2,8773,32,24,12,0,2,1,2,35,,3,40,2,4,4,1,5,1,,High,Normal,,1,0,0,Level 2
6432,47,,,,,3,17466,60,12,3,1,1,5,2,47,,3,37,4,2,4,2,25,1,,,Normal,,1,0,0,Level 4
6433,54,,,,,2,9310,55,14,7,2,4,2,2,8,,2,42,9,3,3,3,35,2,,Very High,Normal,,1,1,0,Level 2
6434,24,,,,,5,7480,63,12,4,0,3,5,3,54,,9,51,15,4,1,2,22,1,,High,High,,1,0,0,Level 2
6435,53,,,,,1,16866,66,15,7,7,4,3,3,38,,3,30,11,4,4,1,8,4,,,Low,,1,1,0,Level 4
6436,53,,,,,2,10259,88,21,8,5,4,3,4,54,,6,37,1,2,2,3,35,4,,Very High,Normal,,1,1,1,Level 2
6437,32,,,,,2,6536,57,28,3,2,2,5,2,67,,4,36,17,1,4,3,11,4,,High,Normal,,1,0,0,Level 1
6438,58,,,,,5,19142,24,22,10,8,4,2,1,57,,3,30,10,2,4,4,1,3,,,Low,,1,1,0,Level 4
6439,33,,,,,3,19941,99,29,1,3,4,1,4,38,,5,54,2,3,2,3,32,3,,,High,,1,0,1,Level 4
6440,30,,,,,2,16830,52,25,8,8,3,1,4,56,,5,47,17,3,2,4,26,3,,,High,,1,0,1,Level 4
6441,57,,,,,2,16993,52,13,6,4,1,2,1,80,,1,34,0,3,4,4,32,2,,,Low,,1,1,0,Level 4
6442,23,,,,,4,10430,61,3,3,8,2,4,4,80,,7,46,1,4,3,3,32,4,,Very High,High,New,0,0,1,Level 2
6443,52,,,,,5,12559,21,15,9,7,3,5,4,18,,8,53,1,2,2,4,34,4,,,High,,1,1,1,Level 3
6444,26,,,,,4,4810,26,20,1,1,1,3,4,15,,7,41,4,1,4,4,37,1,,Medium,Normal,,1,0,1,Level 1
6445,27,,,,,5,17169,66,28,8,4,3,3,2,84,,1,43,6,3,1,3,13,1,,,Normal,,1,0,0,Level 4
6446,56,,,,,5,17351,47,18,9,0,1,3,2,95,,6,57,17,1,1,4,15,2,,,High,,1,1,0,Level 4
6447,29,,,,,4,15349,38,6,10,0,3,1,3,26,,2,32,14,3,4,4,38,3,,,Low,Senior,1,0,0,Level 3
6448,34,,,,,3,19624,62,15,1,2,3,1,3,20,,1,57,6,4,1,2,3,2,,,High,,1,0,0,Level 4
6449,57,,,,,3,16636,45,29,9,0,1,2,2,76,,8,48,13,4,3,4,16,4,,,High,,1,1,0,Level 4
6450,34,,,,,5,18734,96,25,5,5,3,4,2,16,,4,39,19,3,1,3,36,4,,,Normal,,1,0,0,Level 4
6451,24,,,,,4,10912,37,12,5,5,1,5,4,21,,3,31,0,4,2,4,2,4,,Very High,Low,,1,0,1,Level 2
6452,48,,,,,2,16960,85,2,11,4,4,3,1,36,,1,51,10,1,2,1,15,4,,,High,New,0,0,0,Level 4
6453,38,,,,,5,5574,86,5,5,8,4,2,4,19,,9,51,18,4,2,2,43,2,,Medium,High,Experienced,1,0,1,Level 1
6454,29,,,,,5,9947,29,26,11,3,1,4,1,63,,8,57,7,2,1,1,4,2,,Very High,High,,1,0,0,Level 2
6455,31,,,,,1,9901,52,17,1,2,3,1,3,48,,8,34,13,3,3,4,13,2,,Very High,Low,,1,0,0,Level 2
6456,23,,,,,3,3334,42,13,5,2,4,3,1,20,,8,30,5,2,1,4,39,2,,Medium,Low,,1,0,0,Level 1
6457,50,,,,,4,16186,35,28,12,0,1,5,3,44,,5,46,3,2,2,3,16,4,,,High,,1,1,0,Level 4
6458,37,,,,,2,16864,41,13,14,3,2,3,4,10,,5,50,3,3,4,1,42,1,,,High,,1,0,1,Level 4
6459,35,,,,,2,15730,61,4,14,6,4,3,1,17,,8,56,8,3,4,1,49,2,,,High,Experienced,0,0,0,Level 4
6460,59,,,,,5,4730,70,16,10,7,1,5,2,3,,6,32,0,4,2,2,9,3,,Medium,Low,,1,1,0,Level 1
6461,55,,,,,2,8255,28,8,13,5,1,2,4,99,,8,53,0,4,1,3,35,2,,High,High,Expert,1,1,1,Level 2
6462,44,,,,,2,6853,35,3,10,6,4,5,1,39,,2,56,3,2,4,3,48,4,,High,High,New,0,0,0,Level 1
6463,42,,,,,5,3802,28,20,6,4,3,5,3,49,,2,54,9,2,2,2,26,4,,Medium,High,,1,0,0,Level 1
6464,31,,,,,3,3911,84,2,5,7,2,1,4,58,,6,52,14,2,1,4,27,2,,Medium,High,New,0,0,1,Level 1
6465,53,,,,,1,18115,90,25,6,9,1,2,1,1,,4,53,4,4,3,1,39,3,,,High,,1,1,0,Level 4
6466,55,,,,,3,10021,42,21,13,2,3,2,3,68,,2,49,8,2,3,4,16,4,,Very High,High,,1,1,0,Level 2
6467,56,,,,,3,11527,51,3,12,7,3,4,3,50,,7,58,2,1,1,3,10,2,,Very High,High,New,0,1,0,Level 3
6468,22,,,,,1,17147,81,11,9,9,1,4,3,97,,3,52,4,3,2,2,21,1,,,High,Expert,1,0,0,Level 4
6469,28,,,,,5,15706,47,11,7,6,2,1,3,99,,9,31,3,4,1,3,27,4,,,Low,Expert,1,0,0,Level 4
6470,37,,,,,3,15072,26,10,11,8,4,1,2,70,,6,31,6,1,4,3,16,3,,,Low,Expert,1,0,0,Level 3
6471,54,,,,,4,7332,26,28,13,5,2,4,1,94,,9,30,2,3,1,2,31,1,,High,Low,,1,1,0,Level 2
6472,53,,,,,4,17140,89,23,5,9,3,4,4,93,,3,52,14,1,4,2,25,1,,,High,,1,1,1,Level 4
6473,33,,,,,1,6659,65,11,10,9,1,2,1,76,,8,54,13,4,1,3,13,3,,High,High,Expert,1,0,0,Level 1
6474,23,,,,,4,15793,49,17,9,1,1,4,1,96,,8,59,1,4,2,1,42,3,,,High,,1,0,0,Level 4
6475,48,,,,,5,16268,26,25,5,4,2,5,2,92,,9,30,6,3,1,3,36,2,,,Low,,1,0,0,Level 4
6476,34,,,,,2,3398,33,7,5,8,2,3,1,74,,4,45,14,4,2,4,30,3,,Medium,Normal,Senior,1,0,0,Level 1
6477,47,,,,,5,13850,73,29,11,6,2,5,2,75,,5,42,11,4,2,2,6,2,,,Normal,,1,0,0,Level 3
6478,35,,,,,1,14586,27,1,6,2,1,4,3,28,,7,59,5,3,2,2,39,1,,,High,New,0,0,0,Level 3
6479,31,,,,,2,18290,33,20,8,1,1,3,4,54,,9,50,14,2,2,4,33,2,,,High,,1,0,1,Level 4
6480,24,,,,,4,18993,50,15,1,7,3,1,4,90,,8,58,7,1,4,1,6,4,,,High,,1,0,1,Level 4
6481,53,,,,,3,3015,18,7,9,7,2,4,4,26,,7,50,8,4,3,3,5,3,,Medium,High,Senior,1,1,1,Level 1
6482,20,,,,,4,7374,27,4,8,0,3,4,3,12,,3,44,10,4,3,4,42,4,,High,Normal,Experienced,0,0,0,Level 2
6483,58,,,,,5,9513,98,23,14,1,3,1,2,19,,3,50,5,1,1,4,29,3,,Very High,High,,1,1,0,Level 2
6484,51,,,,,5,16250,20,3,7,4,2,4,2,67,,4,48,15,4,4,3,18,2,,,High,New,0,1,0,Level 4
6485,45,,,,,1,8174,58,20,5,4,4,3,2,74,,1,31,16,1,1,1,46,2,,High,Low,,1,0,0,Level 2
6486,36,,,,,3,17467,90,28,1,6,1,1,2,16,,7,33,14,1,2,3,14,3,,,Low,,1,0,0,Level 4
6487,46,,,,,3,12571,94,3,7,4,4,1,1,39,,9,40,11,4,2,4,10,3,,,Normal,New,0,0,0,Level 3
6488,43,,,,,2,14505,95,29,9,8,1,2,1,54,,5,39,0,4,1,2,42,4,,,Normal,,1,0,0,Level 3
6489,54,,,,,2,4307,22,20,3,0,1,4,3,13,,6,47,13,2,2,4,16,4,,Medium,High,,1,1,0,Level 1
6490,58,,,,,5,12850,47,28,12,4,1,2,3,13,,5,40,3,3,1,2,47,4,,,Normal,,1,1,0,Level 3
6491,45,,,,,1,7532,66,10,8,2,2,3,2,92,,6,36,13,2,1,3,43,2,,High,Normal,Expert,1,0,0,Level 2
6492,57,,,,,5,10106,90,29,14,9,2,3,4,90,,1,59,4,4,3,1,8,3,,Very High,High,,1,1,1,Level 2
6493,42,,,,,3,8913,97,3,14,5,2,1,1,87,,6,57,11,4,1,4,8,4,,High,High,New,0,0,0,Level 2
6494,41,,,,,3,7774,27,26,3,0,1,2,2,99,,8,42,12,1,2,4,19,1,,High,Normal,,1,0,0,Level 2
6495,23,,,,,5,15812,24,26,12,1,2,4,2,2,,5,58,19,1,1,3,48,4,,,High,,1,0,0,Level 4
6496,28,,,,,3,9214,48,5,3,8,3,3,3,4,,1,32,7,4,3,3,39,4,,Very High,Low,Experienced,1,0,0,Level 2
6497,23,,,,,2,3053,41,20,7,8,4,2,1,52,,5,47,11,4,3,3,38,4,,Medium,High,,1,0,0,Level 1
6498,26,,,,,3,6642,72,19,6,1,3,1,3,76,,2,32,10,1,2,4,23,2,,High,Low,,1,0,0,Level 1
6499,42,,,,,2,19463,81,21,14,3,1,5,2,53,,1,30,12,1,2,3,42,2,,,Low,,1,0,0,Level 4
6500,21,,,,,4,18049,58,10,5,9,2,1,3,4,,5,59,14,4,2,3,23,4,,,High,Expert,1,0,0,Level 4
6501,43,,,,,1,19669,83,9,11,2,3,1,3,97,,8,45,5,1,4,3,29,1,,,Normal,Expert,1,0,0,Level 4
6502,59,,,,,1,12768,19,11,7,7,4,2,3,70,,4,55,7,2,4,3,11,1,,,High,Expert,1,1,0,Level 3
6503,50,,,,,3,10966,51,1,9,0,1,5,4,8,,5,36,14,2,2,2,6,1,,Very High,Normal,New,0,1,1,Level 2
6504,50,,,,,1,19611,85,20,1,8,1,4,1,33,,9,40,13,4,4,2,49,1,,,Normal,,1,1,0,Level 4
6505,59,,,,,4,12712,70,13,10,3,3,1,3,59,,9,34,8,3,2,2,34,2,,,Low,,1,1,0,Level 3
6506,53,,,,,3,4984,65,23,13,7,1,1,2,27,,4,52,18,3,2,4,30,1,,Medium,High,,1,1,0,Level 1
6507,43,,,,,2,12942,70,4,1,7,3,5,1,57,,6,32,15,3,1,4,43,3,,,Low,Experienced,0,0,0,Level 3
6508,45,,,,,4,6723,56,24,5,5,2,4,2,65,,2,56,8,2,2,2,16,1,,High,High,,1,0,0,Level 1
6509,35,,,,,4,5345,27,23,8,9,1,1,1,27,,3,31,13,4,4,3,4,1,,Medium,Low,,1,0,0,Level 1
6510,32,,,,,1,9600,48,21,7,8,3,1,1,44,,1,46,2,4,4,4,18,1,,Very High,High,,1,0,0,Level 2
6511,34,,,,,2,4460,48,10,7,7,2,2,1,3,,1,59,10,1,4,4,38,2,,Medium,High,Expert,1,0,0,Level 1
6512,46,,,,,5,10513,67,4,3,2,4,2,3,87,,6,51,2,2,1,3,40,1,,Very High,High,Experienced,0,0,0,Level 2
6513,23,,,,,4,4208,17,8,9,5,3,3,4,65,,6,40,9,1,1,2,45,2,,Medium,Normal,Expert,1,0,1,Level 1
6514,35,,,,,1,6795,88,17,5,1,4,2,1,61,,5,46,2,4,3,1,38,3,,High,High,,1,0,0,Level 1
6515,49,,,,,4,5508,51,2,11,0,4,4,4,61,,1,44,16,2,3,3,29,4,,Medium,Normal,New,0,0,1,Level 1
6516,49,,,,,2,4667,66,21,14,4,1,3,3,37,,2,51,0,1,1,1,38,4,,Medium,High,,1,0,0,Level 1
6517,55,,,,,2,17962,20,26,12,6,3,2,2,58,,9,48,8,4,1,3,9,4,,,High,,1,1,0,Level 4
6518,22,,,,,3,12688,35,7,10,5,2,5,4,32,,7,48,1,4,2,2,27,2,,,High,Senior,1,0,1,Level 3
6519,41,,,,,5,16580,59,25,3,3,3,2,4,52,,8,35,15,2,2,1,17,4,,,Low,,1,0,1,Level 4
6520,41,,,,,5,15908,19,3,6,3,3,2,1,23,,8,38,3,3,2,1,11,2,,,Normal,New,0,0,0,Level 4
6521,31,,,,,1,13112,17,21,8,8,1,2,4,96,,1,55,1,2,2,4,33,4,,,High,,1,0,1,Level 3
6522,40,,,,,5,15674,34,11,8,2,1,1,1,97,,4,58,12,4,3,1,8,2,,,High,Expert,1,0,0,Level 3
6523,23,,,,,2,9677,90,18,4,1,2,5,4,80,,3,34,15,2,2,4,12,2,,Very High,Low,,1,0,1,Level 2
6524,50,,,,,5,13132,75,6,13,5,1,3,4,45,,7,38,10,1,2,4,3,1,,,Normal,Senior,1,1,1,Level 3
6525,50,,,,,1,7309,49,22,4,0,2,1,1,83,,3,34,19,2,4,1,44,3,,High,Low,,1,1,0,Level 2
6526,42,,,,,4,3365,46,20,9,1,2,5,1,83,,8,48,3,3,3,4,11,2,,Medium,High,,1,0,0,Level 1
6527,39,,,,,5,8911,33,14,14,3,2,3,4,86,,6,51,2,3,4,1,10,1,,High,High,,1,0,1,Level 2
6528,34,,,,,5,5221,29,13,14,8,3,2,2,43,,3,36,14,3,1,4,23,2,,Medium,Normal,,1,0,0,Level 1
6529,42,,,,,2,19656,88,2,13,3,4,1,3,62,,1,58,0,3,2,3,15,4,,,High,New,0,0,0,Level 4
6530,47,,,,,2,17084,71,16,10,9,4,3,2,68,,8,37,7,2,3,2,34,1,,,Normal,,1,0,0,Level 4
6531,35,,,,,4,6621,40,24,2,2,1,2,3,93,,8,37,13,4,4,4,26,1,,High,Normal,,1,0,0,Level 1
6532,56,,,,,3,6642,84,8,13,0,3,1,3,20,,9,51,3,2,4,2,34,2,,High,High,Expert,1,1,0,Level 1
6533,40,,,,,5,18541,16,15,9,7,3,3,1,37,,7,50,5,2,3,1,17,1,,,High,,1,0,0,Level 4
6534,34,,,,,2,19985,63,13,13,3,4,3,2,16,,8,56,13,4,4,3,49,3,,,High,,1,0,0,Level 4
6535,36,,,,,3,11803,62,1,13,1,4,1,3,78,,1,39,3,1,2,1,7,3,,Very High,Normal,New,0,0,0,Level 3
6536,56,,,,,5,3326,46,2,14,6,3,1,4,18,,1,33,13,2,1,4,26,3,,Medium,Low,New,0,1,1,Level 1
6537,32,,,,,5,5927,17,4,8,0,3,3,4,26,,7,40,10,3,3,2,42,1,,Medium,Normal,Experienced,0,0,1,Level 1
6538,38,,,,,3,16527,97,13,13,2,3,4,4,60,,7,40,0,2,4,4,27,2,,,Normal,,1,0,1,Level 4
6539,49,,,,,2,4964,34,12,3,9,1,2,3,17,,3,42,15,2,3,4,15,4,,Medium,Normal,,1,0,0,Level 1
6540,37,,,,,4,7459,51,12,2,4,4,3,1,86,,6,49,11,1,3,2,32,2,,High,High,,1,0,0,Level 2
6541,33,,,,,5,5081,34,1,2,6,1,1,4,51,,6,41,13,3,1,1,35,2,,Medium,Normal,New,0,0,1,Level 1
6542,55,,,,,1,15692,74,6,1,2,2,3,2,43,,6,55,4,2,3,4,24,1,,,High,Senior,1,1,0,Level 4
6543,55,,,,,1,9281,73,11,10,3,4,1,4,8,,4,37,5,4,1,1,21,1,,Very High,Normal,Expert,1,1,1,Level 2
6544,39,,,,,1,5075,95,16,9,4,1,2,1,82,,9,43,16,3,2,2,18,3,,Medium,Normal,,1,0,0,Level 1
6545,38,,,,,4,7028,56,2,14,9,3,1,4,38,,4,42,12,1,4,3,38,2,,High,Normal,New,0,0,1,Level 1
6546,26,,,,,5,7201,37,3,1,1,4,1,4,46,,4,52,15,4,4,1,19,1,,High,High,New,0,0,1,Level 2
6547,23,,,,,2,19155,55,11,2,8,3,4,3,36,,5,42,5,3,2,2,23,1,,,Normal,Expert,1,0,0,Level 4
6548,53,,,,,2,17492,87,9,7,6,4,1,1,1,,2,33,15,2,1,1,23,2,,,Low,Expert,1,1,0,Level 4
6549,21,,,,,4,14370,41,7,5,1,2,5,2,94,,6,35,15,1,2,3,34,4,,,Low,Senior,1,0,0,Level 3
6550,24,,,,,5,4256,95,4,13,5,1,5,1,95,,7,52,11,4,2,3,1,4,,Medium,High,Experienced,0,0,0,Level 1
6551,29,,,,,3,7297,60,28,11,6,1,4,2,80,,3,35,3,2,3,1,48,2,,High,Low,,1,0,0,Level 2
6552,51,,,,,3,15830,31,10,1,9,2,2,3,25,,4,57,15,3,1,2,8,2,,,High,Expert,1,1,0,Level 4
6553,32,,,,,5,3040,16,1,4,3,3,2,3,84,,5,55,11,3,3,3,8,1,,Medium,High,New,0,0,0,Level 1
6554,58,,,,,5,16375,29,13,12,3,3,1,2,82,,1,59,0,1,4,1,25,3,,,High,,1,1,0,Level 4
6555,24,,,,,2,16177,89,4,6,7,4,4,4,78,,8,58,18,1,3,1,40,3,,,High,Experienced,0,0,1,Level 4
6556,29,,,,,4,5859,71,26,8,1,4,4,1,60,,4,53,5,3,4,2,7,1,,Medium,High,,1,0,0,Level 1
6557,29,,,,,4,5462,55,13,2,1,4,4,2,67,,5,39,5,4,1,1,16,2,,Medium,Normal,,1,0,0,Level 1
6558,57,,,,,2,5037,87,22,10,1,4,5,4,8,,4,32,17,4,2,4,35,1,,Medium,Low,,1,1,1,Level 1
6559,46,,,,,1,13611,28,24,12,1,3,2,2,53,,2,39,15,4,3,1,17,2,,,Normal,,1,0,0,Level 3
6560,40,,,,,3,4674,22,11,3,6,3,5,3,96,,9,56,11,1,1,2,48,4,,Medium,High,Expert,1,0,0,Level 1
6561,27,,,,,5,19747,90,25,14,3,3,2,1,57,,1,54,13,4,1,3,22,1,,,High,,1,0,0,Level 4
6562,20,,,,,3,16547,21,15,7,4,1,3,2,26,,1,47,16,2,4,2,27,4,,,High,,1,0,0,Level 4
6563,47,,,,,3,19159,81,13,1,7,2,1,2,2,,8,58,7,4,3,4,37,4,,,High,,1,0,0,Level 4
6564,58,,,,,4,5518,40,4,7,6,2,3,1,65,,1,43,10,1,2,3,11,3,,Medium,Normal,Experienced,0,1,0,Level 1
6565,33,,,,,2,17183,17,6,1,7,1,1,4,64,,6,34,6,4,2,4,3,2,,,Low,Senior,1,0,1,Level 4
6566,40,,,,,1,11691,60,2,8,4,1,1,3,56,,3,57,19,4,3,3,14,1,,Very High,High,New,0,0,0,Level 3
6567,49,,,,,1,6053,18,2,6,7,1,4,3,3,,6,36,18,2,1,4,18,3,,High,Normal,New,0,0,0,Level 1
6568,40,,,,,2,19962,71,6,10,0,3,5,1,51,,8,44,1,4,3,3,9,2,,,Normal,Senior,1,0,0,Level 4
6569,28,,,,,3,16499,60,25,14,4,4,5,4,82,,1,54,16,2,1,1,8,2,,,High,,1,0,1,Level 4
6570,36,,,,,2,18899,28,3,7,9,4,2,3,64,,1,33,12,3,1,2,4,4,,,Low,New,0,0,0,Level 4
6571,24,,,,,2,17738,17,20,2,1,4,4,4,99,,6,33,13,3,3,4,1,2,,,Low,,1,0,1,Level 4
6572,50,,,,,5,17829,27,27,6,4,2,5,3,14,,8,42,10,3,4,3,14,4,,,Normal,,1,1,0,Level 4
6573,59,,,,,5,4257,22,25,5,1,4,2,1,41,,4,47,8,4,3,3,47,2,,Medium,High,,1,1,0,Level 1
6574,57,,,,,3,9635,70,25,3,5,1,2,1,64,,8,56,8,2,1,3,26,2,,Very High,High,,1,1,0,Level 2
6575,38,,,,,4,5972,16,11,9,8,1,2,4,55,,3,35,16,3,2,2,35,4,,Medium,Low,Expert,1,0,1,Level 1
6576,55,,,,,1,8041,60,15,5,1,2,5,3,85,,6,46,16,3,2,3,45,4,,High,High,,1,1,0,Level 2
6577,52,,,,,5,5988,45,29,8,9,1,1,3,76,,4,51,10,1,2,2,39,1,,Medium,High,,1,1,0,Level 1
6578,32,,,,,3,17448,95,21,4,1,3,4,4,75,,8,49,11,2,3,2,9,4,,,High,,1,0,1,Level 4
6579,33,,,,,2,4524,49,9,13,9,1,4,4,81,,6,43,10,2,3,3,8,4,,Medium,Normal,Expert,1,0,1,Level 1
6580,52,,,,,5,9487,76,21,6,2,1,2,4,1,,3,56,9,2,2,1,46,3,,Very High,High,,1,1,1,Level 2
6581,48,,,,,2,15645,60,21,4,9,1,2,2,44,,6,35,8,2,1,3,21,1,,,Low,,1,0,0,Level 3
6582,55,,,,,2,15413,38,7,4,4,2,2,3,62,,5,57,17,4,4,1,43,4,,,High,Senior,1,1,0,Level 3
6583,29,,,,,5,8839,79,15,9,9,3,2,4,46,,9,36,17,3,4,4,32,3,,High,Normal,,1,0,1,Level 2
6584,50,,,,,3,8672,58,22,5,8,1,2,4,70,,2,52,10,1,3,4,7,4,,High,High,,1,1,1,Level 2
6585,25,,,,,1,3381,65,10,1,2,3,2,4,82,,8,38,16,2,2,3,16,3,,Medium,Normal,Expert,1,0,1,Level 1
6586,20,,,,,3,4804,60,11,11,8,3,4,2,33,,2,45,11,4,1,2,32,2,,Medium,Normal,Expert,1,0,0,Level 1
6587,26,,,,,4,8218,47,23,7,8,4,2,4,0,,1,30,13,3,3,4,32,1,,High,Low,,1,0,1,Level 2
6588,46,,,,,4,13691,78,26,3,8,3,1,1,58,,5,41,3,4,1,2,35,1,,,Normal,,1,0,0,Level 3
6589,40,,,,,1,5642,40,2,11,3,3,3,2,97,,9,48,16,2,2,3,10,1,,Medium,High,New,0,0,0,Level 1
6590,47,,,,,4,19407,53,14,3,9,3,5,4,81,,9,33,11,2,2,3,32,1,,,Low,,1,0,1,Level 4
6591,35,,,,,2,18776,72,16,12,5,2,5,3,46,,7,56,13,2,1,4,23,1,,,High,,1,0,0,Level 4
6592,42,,,,,4,3352,40,9,6,1,4,4,4,4,,8,52,5,2,1,2,20,3,,Medium,High,Expert,1,0,1,Level 1
6593,39,,,,,5,15982,89,22,3,0,2,5,2,77,,6,43,9,4,1,4,1,3,,,Normal,,1,0,0,Level 4
6594,57,,,,,2,3770,81,25,1,1,3,2,4,28,,2,33,10,1,1,3,36,1,,Medium,Low,,1,1,1,Level 1
6595,44,,,,,3,16768,87,16,6,3,2,1,4,52,,8,58,12,4,4,3,31,3,,,High,,1,0,1,Level 4
6596,47,,,,,1,14073,71,1,7,6,1,4,3,87,,4,40,13,2,4,3,7,3,,,Normal,New,0,0,0,Level 3
6597,24,,,,,5,3018,84,2,5,1,2,4,3,10,,3,53,12,1,1,1,48,3,,Medium,High,New,0,0,0,Level 1
6598,40,,,,,5,13767,87,7,13,9,2,1,3,90,,2,59,2,2,2,3,27,1,,,High,Senior,1,0,0,Level 3
6599,37,,,,,1,6341,22,12,1,0,2,2,4,21,,9,31,7,1,3,4,2,2,,High,Low,,1,0,1,Level 1
6600,25,,,,,4,16457,48,18,2,2,2,4,1,44,,4,53,5,4,4,2,28,4,,,High,,1,0,0,Level 4
6601,48,,,,,1,14931,83,6,2,6,1,1,2,74,,1,52,3,2,1,3,34,2,,,High,Senior,1,0,0,Level 3
6602,38,,,,,1,4902,24,2,10,2,1,2,2,61,,2,31,4,3,1,4,22,2,,Medium,Low,New,0,0,0,Level 1
6603,52,,,,,4,18919,98,14,8,1,4,1,2,20,,4,36,1,4,2,3,10,1,,,Normal,,1,1,0,Level 4
6604,20,,,,,3,4206,36,16,8,0,2,2,2,53,,8,38,0,4,3,2,23,1,,Medium,Normal,,1,0,0,Level 1
6605,22,,,,,1,7080,26,10,8,2,2,5,3,35,,5,39,4,1,4,3,19,4,,High,Normal,Expert,1,0,0,Level 1
6606,40,,,,,4,19548,43,5,2,6,4,1,2,67,,3,40,12,1,4,4,40,4,,,Normal,Experienced,1,0,0,Level 4
6607,54,,,,,5,9952,45,22,12,2,4,2,2,16,,2,32,13,3,2,2,44,3,,Very High,Low,,1,1,0,Level 2
6608,59,,,,,1,14949,20,16,12,4,4,3,1,1,,4,31,9,1,4,3,46,2,,,Low,,1,1,0,Level 3
6609,22,,,,,1,14357,21,7,5,5,1,5,4,19,,2,36,1,3,2,4,44,2,,,Normal,Senior,1,0,1,Level 3
6610,44,,,,,3,16525,93,15,5,4,3,4,4,54,,8,54,10,4,3,1,10,1,,,High,,1,0,1,Level 4
6611,57,,,,,3,6159,27,13,4,0,3,1,4,10,,7,54,18,4,2,2,23,2,,High,High,,1,1,1,Level 1
6612,39,,,,,5,4495,77,17,8,4,1,2,1,97,,4,59,5,4,1,3,28,2,,Medium,High,,1,0,0,Level 1
6613,53,,,,,3,19119,38,18,8,2,4,4,2,65,,9,35,9,1,3,1,49,4,,,Low,,1,1,0,Level 4
6614,40,,,,,5,5419,98,18,12,7,2,4,1,44,,6,55,19,3,4,2,14,2,,Medium,High,,1,0,0,Level 1
6615,42,,,,,1,14919,33,17,13,4,2,4,1,51,,8,50,14,4,3,2,45,1,,,High,,1,0,0,Level 3
6616,25,,,,,4,10684,97,3,9,7,1,4,1,24,,4,45,11,2,2,3,13,1,,Very High,Normal,New,0,0,0,Level 2
6617,32,,,,,3,3408,83,12,4,8,2,2,3,12,,6,34,17,2,4,1,26,4,,Medium,Low,,1,0,0,Level 1
6618,42,,,,,5,19746,36,6,1,1,1,2,1,16,,6,37,4,4,1,1,25,1,,,Normal,Senior,1,0,0,Level 4
6619,28,,,,,3,6440,74,12,11,3,4,3,1,31,,5,49,4,1,3,1,13,1,,High,High,,1,0,0,Level 1
6620,36,,,,,3,16245,36,11,9,9,3,3,2,55,,4,31,8,4,3,1,29,4,,,Low,Expert,1,0,0,Level 4
6621,21,,,,,2,14557,31,9,1,0,4,2,2,46,,5,34,11,3,2,4,2,1,,,Low,Expert,1,0,0,Level 3
6622,38,,,,,1,14743,61,19,4,9,2,2,3,13,,8,36,11,2,1,1,35,2,,,Normal,,1,0,0,Level 3
6623,38,,,,,3,10891,21,28,11,8,3,3,1,58,,5,37,16,2,3,1,40,1,,Very High,Normal,,1,0,0,Level 2
6624,26,,,,,4,4791,31,19,10,9,2,2,2,20,,2,53,1,1,2,1,44,3,,Medium,High,,1,0,0,Level 1
6625,39,,,,,2,16971,90,2,1,7,1,1,4,32,,3,40,0,2,1,3,41,3,,,Normal,New,0,0,1,Level 4
6626,28,,,,,5,5389,76,13,3,1,2,1,4,58,,3,37,9,3,3,2,28,4,,Medium,Normal,,1,0,1,Level 1
6627,36,,,,,5,11054,77,18,3,5,2,1,4,15,,1,58,12,1,2,2,9,4,,Very High,High,,1,0,1,Level 2
6628,46,,,,,4,15762,21,23,7,4,3,1,3,85,,5,55,14,4,3,2,38,2,,,High,,1,0,0,Level 4
6629,21,,,,,4,10582,43,4,12,4,3,4,2,10,,4,48,11,3,4,4,28,1,,Very High,High,Experienced,0,0,0,Level 2
6630,55,,,,,1,3290,86,22,3,2,2,1,2,92,,1,57,17,3,4,3,36,4,,Medium,High,,1,1,0,Level 1
6631,38,,,,,4,16750,18,24,6,0,3,3,1,89,,4,33,0,2,1,1,3,4,,,Low,,1,0,0,Level 4
6632,36,,,,,5,19684,30,14,10,5,4,4,4,20,,4,40,10,1,3,1,5,3,,,Normal,,1,0,1,Level 4
6633,24,,,,,1,17995,94,14,4,5,4,3,4,18,,3,31,15,4,1,4,36,3,,,Low,,1,0,1,Level 4
6634,58,,,,,4,10432,89,5,6,4,1,5,2,38,,7,40,3,2,4,1,5,1,,Very High,Normal,Experienced,1,1,0,Level 2
6635,37,,,,,4,13496,73,29,9,8,2,5,1,14,,7,31,19,4,4,2,26,4,,,Low,,1,0,0,Level 3
6636,26,,,,,5,4746,55,19,12,9,3,2,1,51,,1,36,5,4,3,2,14,3,,Medium,Normal,,1,0,0,Level 1
6637,36,,,,,1,11870,74,2,7,8,4,4,4,30,,7,40,10,1,2,3,25,2,,Very High,Normal,New,0,0,1,Level 3
6638,58,,,,,2,15171,89,16,1,9,4,1,2,41,,1,46,7,3,1,1,47,3,,,High,,1,1,0,Level 3
6639,55,,,,,2,8007,83,6,8,0,3,5,3,61,,9,57,12,2,4,1,3,1,,High,High,Senior,1,1,0,Level 2
6640,59,,,,,1,13444,72,11,4,6,2,4,2,58,,6,35,2,4,1,1,19,3,,,Low,Expert,1,1,0,Level 3
6641,23,,,,,4,3343,90,12,8,5,3,1,3,48,,7,34,4,3,1,2,49,4,,Medium,Low,,1,0,0,Level 1
6642,57,,,,,4,18898,54,24,3,2,1,5,4,30,,3,48,19,4,3,4,46,4,,,High,,1,1,1,Level 4
6643,44,,,,,1,19412,72,13,10,3,1,2,2,49,,7,51,16,3,4,4,29,2,,,High,,1,0,0,Level 4
6644,24,,,,,2,14639,75,27,12,3,4,3,4,26,,9,33,10,3,2,2,20,3,,,Low,,1,0,1,Level 3
6645,49,,,,,3,13344,59,29,14,3,1,2,1,6,,2,57,6,3,3,1,11,2,,,High,,1,0,0,Level 3
6646,31,,,,,5,17669,91,10,5,6,2,5,4,72,,5,40,14,1,2,2,47,3,,,Normal,Expert,1,0,1,Level 4
6647,23,,,,,1,19490,62,14,3,3,4,3,3,77,,3,50,4,4,1,1,12,3,,,High,,1,0,0,Level 4
6648,43,,,,,3,8783,25,4,12,9,3,5,4,93,,2,42,1,1,2,3,36,3,,High,Normal,Experienced,0,0,1,Level 2
6649,48,,,,,5,17472,70,2,11,5,1,5,4,62,,9,32,18,2,2,2,44,1,,,Low,New,0,0,1,Level 4
6650,28,,,,,3,3489,37,19,13,0,2,1,2,0,,2,56,0,4,1,1,9,1,,Medium,High,,1,0,0,Level 1
6651,23,,,,,3,15354,91,19,14,7,2,4,2,16,,2,53,2,4,1,2,46,4,,,High,,1,0,0,Level 3
6652,43,,,,,5,14414,47,15,3,3,4,3,4,64,,3,46,13,1,4,1,29,1,,,High,,1,0,1,Level 3
6653,33,,,,,3,11148,66,9,3,2,3,2,1,60,,6,52,4,4,3,4,10,2,,Very High,High,Expert,1,0,0,Level 2
6654,24,,,,,2,12565,42,26,4,8,3,3,2,17,,6,41,18,2,3,3,3,2,,,Normal,,1,0,0,Level 3
6655,37,,,,,1,5695,18,4,3,1,4,4,1,44,,7,39,9,2,3,3,18,4,,Medium,Normal,Experienced,0,0,0,Level 1
6656,38,,,,,2,3677,65,22,14,7,4,4,3,87,,2,55,1,1,4,4,1,1,,Medium,High,,1,0,0,Level 1
6657,31,,,,,2,18587,24,13,12,5,4,4,2,44,,1,35,5,4,2,1,44,4,,,Low,,1,0,0,Level 4
6658,37,,,,,5,8811,66,9,2,5,3,1,4,81,,2,36,6,2,1,1,32,1,,High,Normal,Expert,1,0,1,Level 2
6659,36,,,,,5,14553,86,12,13,9,2,5,2,19,,9,58,13,1,4,3,14,1,,,High,,1,0,0,Level 3
6660,49,,,,,5,6401,23,14,14,5,3,2,1,57,,2,59,3,3,4,4,36,3,,High,High,,1,0,0,Level 1
6661,43,,,,,3,18198,32,26,6,1,1,2,4,91,,7,39,19,1,2,1,4,4,,,Normal,,1,0,1,Level 4
6662,30,,,,,3,3554,80,24,1,6,3,2,4,49,,1,36,0,3,3,4,42,4,,Medium,Normal,,1,0,1,Level 1
6663,54,,,,,1,11994,96,29,5,7,3,3,1,37,,9,40,1,2,1,2,4,4,,Very High,Normal,,1,1,0,Level 3
6664,42,,,,,3,19807,54,12,11,7,1,1,2,12,,6,43,6,4,2,3,1,1,,,Normal,,1,0,0,Level 4
6665,36,,,,,1,12468,80,25,6,9,4,1,3,39,,9,47,12,3,4,4,35,4,,,High,,1,0,0,Level 3
6666,20,,,,,2,11607,36,22,12,6,1,2,4,49,,9,34,19,1,2,4,15,2,,Very High,Low,,1,0,1,Level 3
6667,34,,,,,1,14184,94,13,1,6,4,2,4,64,,6,50,19,3,1,1,35,2,,,High,,1,0,1,Level 3
6668,51,,,,,1,16818,88,18,1,4,1,4,1,75,,6,33,10,3,2,3,43,4,,,Low,,1,1,0,Level 4
6669,28,,,,,5,17681,48,5,7,3,1,3,4,32,,3,38,15,1,3,2,4,3,,,Normal,Experienced,1,0,1,Level 4
6670,34,,,,,3,15864,62,26,14,3,4,4,4,63,,8,46,19,3,1,2,15,2,,,High,,1,0,1,Level 4
6671,47,,,,,4,5863,30,19,11,1,1,5,3,43,,1,43,4,1,3,3,23,1,,Medium,Normal,,1,0,0,Level 1
6672,43,,,,,4,5012,63,3,6,3,2,4,4,36,,6,35,3,4,1,3,33,1,,Medium,Low,New,0,0,1,Level 1
6673,54,,,,,5,13022,77,26,9,6,1,5,3,11,,8,48,3,3,4,3,40,1,,,High,,1,1,0,Level 3
6674,41,,,,,2,7309,54,28,4,1,3,5,4,84,,9,42,5,1,4,3,40,3,,High,Normal,,1,0,1,Level 2
6675,46,,,,,2,10647,70,17,3,6,4,4,3,65,,4,55,7,2,2,4,48,1,,Very High,High,,1,0,0,Level 2
6676,38,,,,,2,16228,91,27,6,8,4,2,1,5,,4,37,16,2,3,3,7,4,,,Normal,,1,0,0,Level 4
6677,31,,,,,1,15132,62,20,8,9,4,4,1,63,,3,36,0,3,3,4,4,3,,,Normal,,1,0,0,Level 3
6678,39,,,,,3,6871,51,29,5,2,2,5,3,1,,1,57,5,1,2,3,5,3,,High,High,,1,0,0,Level 1
6679,20,,,,,2,16434,26,7,3,7,3,1,1,86,,1,47,3,1,2,3,10,3,,,High,Senior,1,0,0,Level 4
6680,40,,,,,4,9749,93,3,3,4,1,5,2,98,,2,41,19,2,1,2,12,1,,Very High,Normal,New,0,0,0,Level 2
6681,20,,,,,1,19250,46,7,1,9,3,3,3,49,,1,58,3,3,1,1,33,1,,,High,Senior,1,0,0,Level 4
6682,29,,,,,2,4643,37,6,6,9,4,1,4,63,,1,37,4,2,1,3,34,3,,Medium,Normal,Senior,1,0,1,Level 1
6683,51,,,,,2,12995,88,14,10,9,3,4,4,16,,6,43,9,3,4,2,34,4,,,Normal,,1,1,1,Level 3
6684,58,,,,,3,3953,86,28,7,3,4,5,4,68,,5,30,9,4,4,2,25,1,,Medium,Low,,1,1,1,Level 1
6685,41,,,,,3,7429,35,1,9,7,4,1,2,9,,5,31,19,3,2,3,19,1,,High,Low,New,0,0,0,Level 2
6686,37,,,,,1,8966,89,14,6,9,2,2,1,74,,1,46,0,2,2,2,4,2,,High,High,,1,0,0,Level 2
6687,51,,,,,4,14629,26,21,8,0,4,4,2,39,,3,42,15,4,1,2,24,4,,,Normal,,1,1,0,Level 3
6688,46,,,,,5,7534,63,27,6,6,3,5,3,30,,7,58,13,3,4,1,32,1,,High,High,,1,0,0,Level 2
6689,47,,,,,4,6538,61,22,2,8,2,3,2,66,,6,55,9,2,4,4,32,1,,High,High,,1,0,0,Level 1
6690,37,,,,,3,9018,97,11,3,6,3,2,1,86,,6,50,3,3,4,4,40,3,,Very High,High,Expert,1,0,0,Level 2
6691,58,,,,,3,12750,76,9,11,8,3,3,2,30,,8,40,18,4,3,1,47,3,,,Normal,Expert,1,1,0,Level 3
6692,48,,,,,5,8317,52,10,14,6,1,1,4,48,,5,47,11,3,1,3,16,2,,High,High,Expert,1,0,1,Level 2
6693,37,,,,,4,10422,40,22,13,1,3,3,4,96,,2,44,17,1,2,1,22,4,,Very High,Normal,,1,0,1,Level 2
6694,27,,,,,4,18358,54,11,1,4,2,5,4,22,,4,52,14,3,2,1,15,2,,,High,Expert,1,0,1,Level 4
6695,50,,,,,5,6539,30,24,5,3,1,5,4,23,,3,54,18,1,3,1,20,4,,High,High,,1,1,1,Level 1
6696,53,,,,,3,5866,33,18,12,9,4,3,4,63,,2,32,7,1,1,2,47,3,,Medium,Low,,1,1,1,Level 1
6697,26,,,,,1,7278,64,17,11,7,1,1,4,53,,8,49,17,3,2,3,28,3,,High,High,,1,0,1,Level 2
6698,55,,,,,4,17916,70,14,6,9,1,5,3,80,,4,52,16,4,2,2,10,4,,,High,,1,1,0,Level 4
6699,37,,,,,2,3391,43,17,6,8,1,5,2,71,,5,46,18,3,3,2,16,4,,Medium,High,,1,0,0,Level 1
6700,57,,,,,4,6298,52,7,13,8,1,3,1,97,,9,40,15,2,2,4,47,4,,High,Normal,Senior,1,1,0,Level 1
6701,28,,,,,4,16202,75,8,12,2,3,3,4,60,,9,33,18,3,1,3,17,4,,,Low,Expert,1,0,1,Level 4
6702,28,,,,,4,7553,50,8,2,2,1,1,1,14,,6,40,0,4,4,3,36,4,,High,Normal,Expert,1,0,0,Level 2
6703,27,,,,,3,17518,99,28,1,4,3,2,2,79,,9,59,11,2,1,2,29,2,,,High,,1,0,0,Level 4
6704,54,,,,,2,18586,24,19,7,1,3,4,4,90,,1,46,17,3,3,3,17,3,,,High,,1,1,1,Level 4
6705,37,,,,,4,15232,61,5,4,3,4,4,3,90,,5,37,3,4,1,3,42,3,,,Normal,Experienced,1,0,0,Level 3
6706,24,,,,,1,6143,58,7,9,2,3,4,2,16,,7,36,6,2,4,2,30,2,,High,Normal,Senior,1,0,0,Level 1
6707,33,,,,,2,18367,76,13,11,5,2,3,3,85,,7,40,19,2,4,1,30,2,,,Normal,,1,0,0,Level 4
6708,47,,,,,5,9072,21,15,8,0,4,5,2,84,,2,39,7,1,1,3,42,1,,Very High,Normal,,1,0,0,Level 2
6709,49,,,,,1,8894,83,14,6,4,4,5,4,4,,9,48,16,1,1,4,20,3,,High,High,,1,0,1,Level 2
6710,23,,,,,5,7688,33,25,10,3,3,2,1,37,,1,35,11,4,2,3,40,1,,High,Low,,1,0,0,Level 2
6711,58,,,,,4,11964,47,21,3,0,3,5,3,28,,9,37,12,4,4,2,28,2,,Very High,Normal,,1,1,0,Level 3
6712,39,,,,,3,7577,38,15,8,3,1,3,3,69,,1,34,5,2,1,3,42,3,,High,Low,,1,0,0,Level 2
6713,44,,,,,4,8790,37,29,12,6,3,1,3,10,,3,42,13,3,1,3,10,1,,High,Normal,,1,0,0,Level 2
6714,47,,,,,4,13476,67,14,10,2,1,1,1,25,,1,47,7,2,3,2,27,2,,,High,,1,0,0,Level 3
6715,31,,,,,5,12355,35,13,12,4,2,4,1,78,,6,49,0,2,3,1,2,3,,,High,,1,0,0,Level 3
6716,21,,,,,4,19433,96,20,1,7,4,4,1,99,,6,58,19,1,2,2,4,4,,,High,,1,0,0,Level 4
6717,33,,,,,1,15502,51,4,11,2,4,1,2,56,,2,34,16,4,1,2,36,4,,,Low,Experienced,0,0,0,Level 3
6718,41,,,,,3,16948,63,22,9,2,3,4,2,71,,3,47,18,4,1,3,42,1,,,High,,1,0,0,Level 4
6719,50,,,,,5,9179,39,9,10,7,4,4,2,32,,7,41,6,4,1,4,32,2,,Very High,Normal,Expert,1,1,0,Level 2
6720,42,,,,,2,4591,53,14,13,2,4,2,3,99,,8,46,16,2,2,3,38,1,,Medium,High,,1,0,0,Level 1
6721,39,,,,,4,7344,44,29,9,1,2,1,4,47,,7,42,6,2,1,3,2,3,,High,Normal,,1,0,1,Level 2
6722,57,,,,,5,8956,57,17,10,1,4,2,3,87,,8,34,6,1,3,2,14,2,,High,Low,,1,1,0,Level 2
6723,23,,,,,4,19851,92,1,8,7,1,4,3,71,,4,52,0,4,4,4,45,1,,,High,New,0,0,0,Level 4
6724,34,,,,,4,8559,68,1,10,5,4,5,4,31,,9,45,19,1,4,2,38,1,,High,Normal,New,0,0,1,Level 2
6725,43,,,,,5,5773,46,4,4,9,1,4,4,23,,1,36,11,3,4,1,43,2,,Medium,Normal,Experienced,0,0,1,Level 1
6726,44,,,,,1,5857,63,20,9,2,1,4,3,82,,6,58,17,2,4,2,27,3,,Medium,High,,1,0,0,Level 1
6727,20,,,,,2,6165,16,27,11,9,1,2,4,34,,4,59,0,3,2,1,14,2,,High,High,,1,0,1,Level 1
6728,26,,,,,4,4509,61,8,9,9,1,3,4,56,,1,59,14,3,3,1,49,1,,Medium,High,Expert,1,0,1,Level 1
6729,50,,,,,1,15261,37,5,12,0,2,3,4,22,,9,54,10,1,3,3,1,2,,,High,Experienced,1,1,1,Level 3
6730,31,,,,,4,19549,20,14,10,5,2,5,1,95,,1,49,12,2,1,2,23,2,,,High,,1,0,0,Level 4
6731,24,,,,,4,16367,99,26,11,8,4,4,3,46,,4,59,3,4,4,2,38,2,,,High,,1,0,0,Level 4
6732,57,,,,,1,6526,55,20,5,5,2,3,2,88,,7,52,7,4,1,4,14,4,,High,High,,1,1,0,Level 1
6733,31,,,,,4,14633,56,24,6,0,1,5,2,16,,3,43,13,3,4,2,46,3,,,Normal,,1,0,0,Level 3
6734,58,,,,,2,7003,67,23,11,5,2,4,1,64,,3,54,2,4,1,1,9,2,,High,High,,1,1,0,Level 1
6735,37,,,,,5,4414,86,14,14,8,3,1,4,40,,9,40,9,1,4,1,22,4,,Medium,Normal,,1,0,1,Level 1
6736,21,,,,,1,12567,53,22,7,5,3,5,4,54,,2,30,18,2,2,4,34,2,,,Low,,1,0,1,Level 3
6737,29,,,,,3,14251,24,2,9,2,2,3,3,41,,8,38,2,2,3,4,42,4,,,Normal,New,0,0,0,Level 3
6738,34,,,,,4,9689,96,21,11,1,3,4,1,38,,6,43,3,4,3,1,45,4,,Very High,Normal,,1,0,0,Level 2
6739,49,,,,,5,11254,64,29,7,7,4,5,4,41,,8,33,7,3,4,1,14,2,,Very High,Low,,1,0,1,Level 2
6740,36,,,,,2,5749,89,12,1,1,3,2,1,16,,8,31,5,1,2,2,13,2,,Medium,Low,,1,0,0,Level 1
6741,23,,,,,2,15842,22,18,11,6,4,5,2,43,,1,35,7,1,3,1,35,1,,,Low,,1,0,0,Level 4
6742,26,,,,,3,6857,15,6,9,2,2,3,1,16,,5,54,1,2,3,3,17,2,,High,High,Senior,1,0,0,Level 1
6743,50,,,,,2,13387,86,9,6,4,1,4,1,27,,8,42,11,4,1,2,33,4,,,Normal,Expert,1,1,0,Level 3
6744,58,,,,,5,12734,83,9,2,2,2,1,4,24,,1,45,10,1,1,2,26,2,,,Normal,Expert,1,1,1,Level 3
6745,53,,,,,3,7403,15,22,10,2,4,1,2,17,,5,48,19,3,1,1,18,4,,High,High,,1,1,0,Level 2
6746,25,,,,,1,10672,81,4,9,6,3,5,2,38,,6,59,18,3,1,1,28,4,,Very High,High,Experienced,0,0,0,Level 2
6747,57,,,,,3,12517,41,10,1,6,2,2,3,94,,4,40,12,4,1,2,17,2,,,Normal,Expert,1,1,0,Level 3
6748,53,,,,,1,11038,75,12,5,6,2,1,2,81,,7,42,2,3,3,3,49,4,,Very High,Normal,,1,1,0,Level 2
6749,34,,,,,2,6455,62,25,9,3,2,2,1,75,,5,35,16,3,2,2,3,4,,High,Low,,1,0,0,Level 1
6750,33,,,,,5,14367,37,21,12,7,4,5,4,38,,2,52,13,2,3,3,41,3,,,High,,1,0,1,Level 3
6751,25,,,,,4,17070,58,8,14,8,3,4,4,48,,3,43,13,4,2,4,22,1,,,Normal,Expert,1,0,1,Level 4
6752,56,,,,,3,5024,54,28,1,0,2,4,4,78,,5,57,0,2,4,1,49,3,,Medium,High,,1,1,1,Level 1
6753,51,,,,,2,5981,25,25,2,6,1,1,4,97,,2,46,17,2,3,3,16,2,,Medium,High,,1,1,1,Level 1
6754,22,,,,,5,4305,25,21,11,7,4,1,4,36,,9,57,18,2,4,2,28,4,,Medium,High,,1,0,1,Level 1
6755,22,,,,,4,6101,45,22,7,1,4,1,2,13,,9,49,3,2,2,3,13,1,,High,High,,1,0,0,Level 1
6756,41,,,,,3,10014,74,20,10,5,3,1,1,66,,5,38,5,4,1,4,49,1,,Very High,Normal,,1,0,0,Level 2
6757,41,,,,,5,18391,69,16,12,4,1,5,4,52,,2,58,19,2,2,4,4,4,,,High,,1,0,1,Level 4
6758,29,,,,,2,8684,38,12,11,3,2,2,2,7,,1,35,12,4,3,1,22,4,,High,Low,,1,0,0,Level 2
6759,22,,,,,3,6974,76,17,2,3,3,3,3,29,,4,54,18,2,3,4,44,3,,High,High,,1,0,0,Level 1
6760,31,,,,,3,10115,33,17,9,9,4,5,3,66,,4,51,10,3,2,1,3,1,,Very High,High,,1,0,0,Level 2
6761,48,,,,,1,5966,54,21,14,5,1,1,4,81,,4,47,3,4,2,1,16,4,,Medium,High,,1,0,1,Level 1
6762,36,,,,,1,14088,31,19,9,0,2,1,1,68,,6,41,17,3,2,3,31,3,,,Normal,,1,0,0,Level 3
6763,26,,,,,3,6220,64,7,11,0,4,1,3,0,,5,57,4,2,2,1,6,1,,High,High,Senior,1,0,0,Level 1
6764,32,,,,,5,8077,26,29,14,3,2,3,1,79,,7,52,8,2,3,4,42,3,,High,High,,1,0,0,Level 2
6765,21,,,,,2,18076,29,20,13,2,3,2,2,85,,5,41,19,4,4,2,49,2,,,Normal,,1,0,0,Level 4
6766,23,,,,,4,7644,53,4,12,4,1,1,3,35,,9,59,16,2,1,3,47,3,,High,High,Experienced,0,0,0,Level 2
6767,29,,,,,1,12862,27,20,10,9,3,4,2,56,,6,56,5,4,1,3,22,1,,,High,,1,0,0,Level 3
6768,58,,,,,2,9204,33,22,8,9,2,1,2,45,,5,50,13,3,4,3,24,2,,Very High,High,,1,1,0,Level 2
6769,43,,,,,3,6202,87,9,2,4,2,3,1,43,,1,53,12,1,1,2,9,2,,High,High,Expert,1,0,0,Level 1
6770,36,,,,,2,11704,71,28,12,0,4,3,4,75,,6,58,5,4,2,1,12,3,,Very High,High,,1,0,1,Level 3
6771,25,,,,,2,4862,74,12,10,4,1,3,1,9,,5,45,11,2,2,3,39,2,,Medium,Normal,,1,0,0,Level 1
6772,38,,,,,2,17734,70,13,3,5,1,3,3,98,,3,33,16,2,2,4,14,1,,,Low,,1,0,0,Level 4
6773,24,,,,,3,15294,39,9,13,3,2,5,4,7,,4,48,9,4,2,3,46,3,,,High,Expert,1,0,1,Level 3
6774,51,,,,,1,16216,18,29,3,9,2,1,4,55,,5,52,18,2,3,2,41,1,,,High,,1,1,1,Level 4
6775,29,,,,,4,4976,66,11,8,1,2,4,2,16,,9,33,11,4,2,1,36,1,,Medium,Low,Expert,1,0,0,Level 1
6776,28,,,,,5,18290,21,5,13,9,4,5,2,55,,9,44,4,4,3,3,24,4,,,Normal,Experienced,1,0,0,Level 4
6777,46,,,,,1,16331,82,29,8,8,2,2,2,74,,6,49,8,1,3,2,41,1,,,High,,1,0,0,Level 4
6778,32,,,,,4,9286,84,27,6,8,1,5,3,88,,6,30,10,4,4,2,16,1,,Very High,Low,,1,0,0,Level 2
6779,38,,,,,3,6793,59,29,7,8,1,1,4,52,,9,52,11,4,2,2,30,1,,High,High,,1,0,1,Level 1
6780,40,,,,,4,11674,23,8,1,8,4,5,2,10,,8,57,16,3,1,3,26,2,,Very High,High,Expert,1,0,0,Level 3
6781,43,,,,,3,13730,23,20,8,9,1,3,2,84,,7,53,15,1,3,3,22,4,,,High,,1,0,0,Level 3
6782,57,,,,,4,14584,99,12,13,6,4,5,2,25,,6,53,17,1,1,4,49,1,,,High,,1,1,0,Level 3
6783,23,,,,,1,11603,17,24,7,1,3,3,2,55,,2,38,5,4,1,4,13,4,,Very High,Normal,,1,0,0,Level 3
6784,43,,,,,3,19737,91,16,5,6,2,5,4,95,,8,41,11,2,3,2,41,4,,,Normal,,1,0,1,Level 4
6785,54,,,,,2,5479,77,10,5,0,2,2,3,80,,5,30,2,3,4,1,26,2,,Medium,Low,Expert,1,1,0,Level 1
6786,22,,,,,3,7098,96,15,2,5,1,1,4,95,,6,32,8,2,4,3,47,3,,High,Low,,1,0,1,Level 1
6787,23,,,,,3,7080,16,25,13,5,2,1,4,73,,3,46,19,2,3,2,14,4,,High,High,,1,0,1,Level 1
6788,56,,,,,4,4973,45,12,12,4,1,5,3,82,,1,31,3,3,4,4,34,2,,Medium,Low,,1,1,0,Level 1
6789,59,,,,,3,4055,52,24,1,6,2,3,4,5,,6,44,0,3,3,3,40,3,,Medium,Normal,,1,1,1,Level 1
6790,54,,,,,4,17945,21,24,9,2,4,2,4,72,,4,32,3,1,2,4,47,4,,,Low,,1,1,1,Level 4
6791,50,,,,,1,10825,24,14,10,6,2,3,2,12,,5,34,16,2,2,2,48,4,,Very High,Low,,1,1,0,Level 2
6792,44,,,,,3,10682,91,25,3,5,4,1,4,78,,4,52,8,4,1,2,29,4,,Very High,High,,1,0,1,Level 2
6793,59,,,,,2,3341,73,13,12,2,2,3,2,91,,5,44,17,3,4,4,26,3,,Medium,Normal,,1,1,0,Level 1
6794,32,,,,,2,12588,15,16,11,5,4,2,3,64,,1,52,16,2,3,3,46,2,,,High,,1,0,0,Level 3
6795,23,,,,,1,9703,51,10,5,0,4,2,3,72,,4,54,16,1,2,3,33,4,,Very High,High,Expert,1,0,0,Level 2
6796,33,,,,,2,19960,39,8,11,1,3,3,3,61,,4,54,18,2,1,1,18,4,,,High,Expert,1,0,0,Level 4
6797,32,,,,,4,7028,80,20,8,9,1,4,1,51,,6,38,7,4,3,2,16,3,,High,Normal,,1,0,0,Level 1
6798,46,,,,,3,7050,90,14,12,3,2,2,4,49,,3,51,1,4,4,2,19,4,,High,High,,1,0,1,Level 1
6799,25,,,,,5,19381,19,5,7,4,2,2,3,78,,3,50,15,3,3,1,15,2,,,High,Experienced,1,0,0,Level 4
6800,36,,,,,3,8416,70,26,7,2,1,4,3,25,,5,43,19,1,3,4,20,2,,High,Normal,,1,0,0,Level 2
6801,55,,,,,3,16660,93,6,10,3,4,1,4,24,,3,36,3,4,3,3,20,3,,,Normal,Senior,1,1,1,Level 4
6802,59,,,,,5,11682,56,21,10,1,3,5,4,73,,7,45,1,3,1,4,5,4,,Very High,Normal,,1,1,1,Level 3
6803,54,,,,,2,8106,78,9,13,7,1,5,3,31,,3,50,10,1,2,1,45,3,,High,High,Expert,1,1,0,Level 2
6804,36,,,,,2,17120,63,13,12,4,2,5,2,36,,4,57,6,4,1,4,17,3,,,High,,1,0,0,Level 4
6805,21,,,,,3,14552,60,29,10,0,1,5,3,97,,2,43,10,4,4,2,19,1,,,Normal,,1,0,0,Level 3
6806,32,,,,,2,18829,85,13,13,3,3,1,4,46,,1,32,6,4,2,4,48,2,,,Low,,1,0,1,Level 4
6807,21,,,,,4,3509,16,2,11,9,3,4,2,44,,3,36,10,3,3,1,22,4,,Medium,Normal,New,0,0,0,Level 1
6808,47,,,,,4,3593,81,22,4,1,4,2,2,60,,4,37,6,3,1,2,25,2,,Medium,Normal,,1,0,0,Level 1
6809,45,,,,,5,18248,18,13,10,8,2,1,2,70,,9,44,2,3,1,4,24,1,,,Normal,,1,0,0,Level 4
6810,41,,,,,3,13719,76,26,4,4,2,5,2,92,,9,31,6,2,4,3,35,3,,,Low,,1,0,0,Level 3
6811,22,,,,,4,14859,94,2,10,5,4,3,3,54,,5,52,14,3,1,2,33,1,,,High,New,0,0,0,Level 3
6812,54,,,,,1,15251,41,27,6,8,4,5,1,32,,8,33,3,1,2,1,38,4,,,Low,,1,1,0,Level 3
6813,31,,,,,2,11006,81,15,10,8,1,1,4,36,,5,33,17,4,3,2,28,2,,Very High,Low,,1,0,1,Level 2
6814,43,,,,,3,19488,31,24,4,2,1,1,2,86,,2,40,6,1,3,3,36,3,,,Normal,,1,0,0,Level 4
6815,24,,,,,4,12784,66,24,7,8,1,2,4,93,,1,30,18,2,3,3,31,3,,,Low,,1,0,1,Level 3
6816,39,,,,,5,7883,85,21,2,3,1,3,3,62,,9,42,15,1,2,3,14,1,,High,Normal,,1,0,0,Level 2
6817,58,,,,,4,6822,71,12,7,0,4,5,3,86,,7,33,8,3,3,1,39,2,,High,Low,,1,1,0,Level 1
6818,58,,,,,1,10754,44,10,3,7,3,3,4,19,,7,52,1,3,1,2,40,1,,Very High,High,Expert,1,1,1,Level 2
6819,32,,,,,4,8413,86,24,8,1,3,4,1,16,,9,41,17,4,4,1,46,3,,High,Normal,,1,0,0,Level 2
6820,31,,,,,3,19776,97,21,5,9,1,4,4,38,,7,48,10,1,4,3,8,2,,,High,,1,0,1,Level 4
6821,32,,,,,5,13224,85,4,14,3,1,2,1,16,,6,35,9,1,3,1,3,2,,,Low,Experienced,0,0,0,Level 3
6822,29,,,,,5,9565,79,25,9,2,4,3,2,53,,5,43,7,1,4,4,38,3,,Very High,Normal,,1,0,0,Level 2
6823,52,,,,,1,5200,30,8,4,8,1,1,1,0,,1,51,5,2,1,1,42,4,,Medium,High,Expert,1,1,0,Level 1
6824,59,,,,,3,17372,41,4,12,4,2,5,1,92,,9,57,9,4,4,3,9,1,,,High,Experienced,0,1,0,Level 4
6825,35,,,,,1,11881,88,2,5,1,3,1,2,25,,2,51,18,1,4,1,49,1,,Very High,High,New,0,0,0,Level 3
6826,54,,,,,1,16659,61,18,11,3,1,4,3,1,,9,34,12,2,2,2,35,1,,,Low,,1,1,0,Level 4
6827,22,,,,,1,18529,28,18,1,4,1,3,1,44,,9,53,19,3,1,3,11,4,,,High,,1,0,0,Level 4
6828,24,,,,,4,9090,16,14,3,5,3,2,1,50,,8,35,4,4,2,1,7,2,,Very High,Low,,1,0,0,Level 2
6829,45,,,,,2,17645,53,27,4,7,3,3,3,98,,5,33,4,3,1,1,20,3,,,Low,,1,0,0,Level 4
6830,30,,,,,4,14938,69,28,9,8,2,4,4,11,,7,49,3,3,2,2,41,3,,,High,,1,0,1,Level 3
6831,26,,,,,3,6962,40,29,8,8,2,1,1,9,,6,37,17,1,2,3,37,3,,High,Normal,,1,0,0,Level 1
6832,29,,,,,1,10521,58,29,2,0,4,3,2,12,,8,36,13,4,2,4,19,2,,Very High,Normal,,1,0,0,Level 2
6833,53,,,,,1,12594,83,10,6,0,2,3,3,38,,7,31,3,1,1,4,47,4,,,Low,Expert,1,1,0,Level 3
6834,22,,,,,2,9883,52,12,4,2,2,5,1,24,,8,50,17,3,4,2,47,2,,Very High,High,,1,0,0,Level 2
6835,27,,,,,5,10312,94,8,11,7,1,2,1,36,,5,58,11,3,1,2,12,2,,Very High,High,Expert,1,0,0,Level 2
6836,50,,,,,1,11025,26,22,5,4,1,2,4,53,,7,31,16,3,1,2,21,2,,Very High,Low,,1,1,1,Level 2
6837,30,,,,,4,18848,31,17,10,9,2,5,4,55,,8,55,14,3,2,4,49,4,,,High,,1,0,1,Level 4
6838,26,,,,,1,15379,39,12,9,5,4,5,2,63,,9,38,5,2,1,4,12,4,,,Normal,,1,0,0,Level 3
6839,21,,,,,3,6252,78,29,4,7,4,4,2,69,,1,35,14,4,4,1,36,1,,High,Low,,1,0,0,Level 1
6840,25,,,,,2,18487,25,26,13,3,3,1,3,63,,3,56,16,3,2,2,41,2,,,High,,1,0,0,Level 4
6841,51,,,,,5,16992,32,20,5,8,2,5,2,26,,3,35,16,3,4,3,14,1,,,Low,,1,1,0,Level 4
6842,39,,,,,3,9627,50,3,7,9,3,4,1,77,,7,42,15,4,3,3,21,2,,Very High,Normal,New,0,0,0,Level 2
6843,53,,,,,4,9977,17,10,11,3,2,1,2,53,,7,58,13,3,1,1,19,4,,Very High,High,Expert,1,1,0,Level 2
6844,35,,,,,3,10379,97,11,7,9,2,3,4,26,,8,53,0,2,2,1,46,2,,Very High,High,Expert,1,0,1,Level 2
6845,44,,,,,1,15775,84,14,6,9,1,5,1,85,,5,47,2,4,3,4,27,1,,,High,,1,0,0,Level 4
6846,31,,,,,2,6825,85,7,13,4,2,2,3,99,,7,41,14,3,1,4,21,4,,High,Normal,Senior,1,0,0,Level 1
6847,26,,,,,1,15935,23,26,3,5,1,2,2,6,,9,30,16,1,1,3,47,4,,,Low,,1,0,0,Level 4
6848,58,,,,,2,17798,80,5,1,5,4,3,2,44,,5,35,11,4,3,4,18,1,,,Low,Experienced,1,1,0,Level 4
6849,36,,,,,4,5104,61,1,12,7,4,3,1,69,,5,58,16,4,1,4,38,2,,Medium,High,New,0,0,0,Level 1
6850,30,,,,,3,8589,64,12,9,8,2,3,1,30,,1,43,10,2,3,1,14,1,,High,Normal,,1,0,0,Level 2
6851,25,,,,,2,5646,78,16,6,0,4,4,3,80,,6,55,4,3,2,2,8,1,,Medium,High,,1,0,0,Level 1
6852,42,,,,,3,3829,61,6,3,2,2,3,1,70,,9,51,14,4,1,3,48,1,,Medium,High,Senior,1,0,0,Level 1
6853,46,,,,,2,6110,89,20,1,6,3,4,3,12,,6,38,12,1,2,1,38,3,,High,Normal,,1,0,0,Level 1
6854,25,,,,,1,8367,81,10,12,2,4,5,4,21,,3,34,8,1,4,1,5,1,,High,Low,Expert,1,0,1,Level 2
6855,57,,,,,2,4137,56,15,12,4,2,5,3,14,,5,33,17,3,2,1,7,3,,Medium,Low,,1,1,0,Level 1
6856,21,,,,,2,19077,63,15,13,3,3,4,3,42,,1,40,12,1,4,3,22,2,,,Normal,,1,0,0,Level 4
6857,41,,,,,5,16061,44,6,6,4,3,1,1,94,,6,45,2,4,2,2,35,1,,,Normal,Senior,1,0,0,Level 4
6858,39,,,,,4,8045,22,23,3,2,2,1,1,74,,4,56,1,1,2,2,42,3,,High,High,,1,0,0,Level 2
6859,44,,,,,1,8242,51,25,1,2,4,5,1,84,,6,35,19,1,2,1,4,3,,High,Low,,1,0,0,Level 2
6860,34,,,,,1,3786,99,1,13,9,4,5,2,0,,4,41,1,2,2,4,28,4,,Medium,Normal,New,0,0,0,Level 1
6861,48,,,,,3,5549,22,6,5,7,2,1,2,42,,1,35,0,4,4,4,13,3,,Medium,Low,Senior,1,0,0,Level 1
6862,27,,,,,2,8665,77,13,1,2,1,1,2,86,,1,40,4,1,2,1,41,3,,High,Normal,,1,0,0,Level 2
6863,56,,,,,2,8772,25,11,3,7,4,4,3,62,,1,50,1,1,3,2,12,1,,High,High,Expert,1,1,0,Level 2
6864,52,,,,,2,13659,72,24,3,4,4,1,2,28,,5,48,9,2,2,1,33,2,,,High,,1,1,0,Level 3
6865,41,,,,,1,18159,48,20,6,0,4,2,2,64,,5,32,12,3,2,3,37,2,,,Low,,1,0,0,Level 4
6866,24,,,,,5,5337,53,26,4,1,2,1,4,91,,7,35,15,3,1,2,17,1,,Medium,Low,,1,0,1,Level 1
6867,58,,,,,3,4816,30,25,8,6,2,1,2,38,,8,51,12,1,2,4,3,2,,Medium,High,,1,1,0,Level 1
6868,37,,,,,2,13346,85,20,3,0,2,2,2,7,,8,52,4,2,1,2,27,2,,,High,,1,0,0,Level 3
6869,57,,,,,5,4802,18,20,8,1,3,3,3,51,,1,53,13,3,3,3,6,3,,Medium,High,,1,1,0,Level 1
6870,56,,,,,4,4810,60,12,13,0,4,2,3,34,,7,55,17,4,1,3,12,3,,Medium,High,,1,1,0,Level 1
6871,49,,,,,1,14184,36,14,12,9,1,5,1,48,,1,58,18,3,2,1,45,1,,,High,,1,0,0,Level 3
6872,50,,,,,4,9429,85,9,7,6,4,5,1,22,,6,52,10,2,2,1,17,4,,Very High,High,Expert,1,1,0,Level 2
6873,29,,,,,1,16861,27,13,2,1,3,5,3,81,,3,58,6,3,3,3,40,1,,,High,,1,0,0,Level 4
6874,34,,,,,3,14022,96,4,12,9,4,3,3,51,,8,57,8,4,2,1,19,2,,,High,Experienced,0,0,0,Level 3
6875,37,,,,,4,3727,56,9,13,2,2,3,3,83,,3,48,17,2,4,2,4,1,,Medium,High,Expert,1,0,0,Level 1
6876,42,,,,,3,15626,48,1,14,6,4,5,1,7,,7,46,8,1,4,3,38,4,,,High,New,0,0,0,Level 3
6877,52,,,,,3,7877,27,8,8,0,1,1,2,33,,8,42,14,4,1,3,18,2,,High,Normal,Expert,1,1,0,Level 2
6878,35,,,,,3,11049,43,2,1,3,4,4,2,82,,1,35,8,3,1,4,38,1,,Very High,Low,New,0,0,0,Level 2
6879,57,,,,,4,14088,61,24,9,6,2,4,3,80,,4,50,0,2,4,2,7,1,,,High,,1,1,0,Level 3
6880,54,,,,,4,15039,83,21,7,1,4,3,1,55,,2,54,15,1,2,2,24,4,,,High,,1,1,0,Level 3
6881,53,,,,,4,7172,25,13,6,3,2,3,3,63,,4,34,2,2,4,1,36,4,,High,Low,,1,1,0,Level 1
6882,47,,,,,2,10894,77,13,8,8,3,4,1,90,,3,37,14,4,1,4,45,2,,Very High,Normal,,1,0,0,Level 2
6883,21,,,,,3,5652,65,1,14,6,3,1,2,81,,7,49,17,1,3,3,45,4,,Medium,High,New,0,0,0,Level 1
6884,49,,,,,2,15142,74,1,9,2,3,1,2,0,,7,59,3,1,3,2,24,2,,,High,New,0,0,0,Level 3
6885,32,,,,,1,19010,61,29,13,2,4,3,4,95,,7,48,5,4,2,3,19,3,,,High,,1,0,1,Level 4
6886,35,,,,,4,11523,18,6,8,3,4,1,3,83,,6,41,19,3,2,4,36,2,,Very High,Normal,Senior,1,0,0,Level 3
6887,24,,,,,5,16463,21,16,6,3,3,4,2,67,,3,52,11,1,3,1,19,2,,,High,,1,0,0,Level 4
6888,47,,,,,1,4404,45,17,4,7,3,3,3,39,,7,32,9,4,3,2,23,3,,Medium,Low,,1,0,0,Level 1
6889,58,,,,,3,6511,95,13,9,5,2,2,4,28,,7,36,2,3,2,3,15,1,,High,Normal,,1,1,1,Level 1
6890,39,,,,,3,13560,88,18,8,5,2,3,1,4,,2,37,10,4,2,3,21,4,,,Normal,,1,0,0,Level 3
6891,43,,,,,2,19912,44,27,8,7,1,5,3,35,,7,41,15,4,1,3,44,1,,,Normal,,1,0,0,Level 4
6892,46,,,,,4,12059,43,3,3,7,2,1,4,24,,4,33,2,2,2,4,18,2,,,Low,New,0,0,1,Level 3
6893,49,,,,,4,3740,95,15,10,7,4,1,1,69,,2,48,1,4,1,1,22,4,,Medium,High,,1,0,0,Level 1
6894,46,,,,,1,12498,57,27,9,0,3,4,3,76,,2,31,15,1,4,3,47,4,,,Low,,1,0,0,Level 3
6895,45,,,,,1,6416,99,27,14,7,1,3,3,80,,7,50,4,4,2,3,24,2,,High,High,,1,0,0,Level 1
6896,26,,,,,1,4757,36,2,7,4,3,4,1,29,,9,58,3,2,3,3,11,3,,Medium,High,New,0,0,0,Level 1
6897,57,,,,,5,4256,62,25,1,2,3,3,2,38,,2,43,0,3,4,3,11,3,,Medium,Normal,,1,1,0,Level 1
6898,24,,,,,5,19152,62,26,2,6,3,3,1,75,,9,48,6,3,4,1,44,2,,,High,,1,0,0,Level 4
6899,42,,,,,3,11624,71,28,11,1,4,2,3,23,,3,36,16,2,2,2,29,1,,Very High,Normal,,1,0,0,Level 3
6900,47,,,,,3,17292,36,6,2,9,2,1,4,3,,6,54,17,2,4,2,6,2,,,High,Senior,1,0,1,Level 4
6901,53,,,,,3,17715,41,25,1,9,2,5,2,2,,3,47,13,2,3,2,28,2,,,High,,1,1,0,Level 4
6902,34,,,,,4,9540,77,21,1,5,2,5,1,77,,4,34,1,3,3,4,22,2,,Very High,Low,,1,0,0,Level 2
6903,51,,,,,3,11116,18,20,4,3,4,1,1,30,,3,34,9,4,2,3,2,2,,Very High,Low,,1,1,0,Level 2
6904,45,,,,,2,9972,95,28,7,0,2,4,2,16,,9,36,4,4,2,3,33,3,,Very High,Normal,,1,0,0,Level 2
6905,50,,,,,1,18318,17,14,6,5,3,5,4,58,,7,52,10,1,2,3,23,1,,,High,,1,1,1,Level 4
6906,38,,,,,4,6842,95,18,13,2,4,2,4,62,,1,34,2,4,2,2,26,1,,High,Low,,1,0,1,Level 1
6907,28,,,,,5,13229,54,4,12,3,1,2,2,7,,6,50,11,1,3,3,6,2,,,High,Experienced,0,0,0,Level 3
6908,48,,,,,1,7783,97,8,7,3,2,2,4,24,,4,53,17,1,2,2,5,1,,High,High,Expert,1,0,1,Level 2
6909,58,,,,,3,12661,96,2,12,7,4,5,1,10,,8,45,11,3,1,1,17,4,,,Normal,New,0,1,0,Level 3
6910,23,,,,,5,4048,42,28,8,6,1,2,1,89,,6,55,7,3,3,2,18,4,,Medium,High,,1,0,0,Level 1
6911,22,,,,,5,15305,29,24,8,8,3,2,3,25,,6,33,3,2,1,4,47,4,,,Low,,1,0,0,Level 3
6912,48,,,,,5,14760,65,2,12,6,3,4,1,29,,9,44,11,3,2,2,5,4,,,Normal,New,0,0,0,Level 3
6913,30,,,,,1,12152,40,17,12,8,1,1,4,61,,6,40,15,1,3,2,29,3,,,Normal,,1,0,1,Level 3
6914,52,,,,,4,17083,49,4,12,0,3,5,2,9,,4,41,18,1,2,3,32,1,,,Normal,Experienced,0,1,0,Level 4
6915,57,,,,,1,18508,94,23,3,3,4,1,1,90,,9,53,6,4,1,2,35,1,,,High,,1,1,0,Level 4
6916,30,,,,,2,18685,29,16,7,0,2,2,4,8,,4,36,18,1,1,2,9,3,,,Normal,,1,0,1,Level 4
6917,46,,,,,3,15308,19,2,6,5,3,4,4,89,,3,40,16,1,3,3,11,1,,,Normal,New,0,0,1,Level 3
6918,52,,,,,4,10773,60,27,13,1,4,1,2,67,,3,30,2,4,3,1,18,3,,Very High,Low,,1,1,0,Level 2
6919,40,,,,,4,12363,38,19,13,9,2,3,4,4,,1,57,3,4,4,4,31,2,,,High,,1,0,1,Level 3
6920,58,,,,,3,13877,16,28,14,8,4,5,3,15,,8,31,4,1,4,2,36,4,,,Low,,1,1,0,Level 3
6921,50,,,,,2,5984,73,6,13,3,3,2,2,76,,4,51,10,1,2,4,1,3,,Medium,High,Senior,1,1,0,Level 1
6922,57,,,,,5,11927,50,2,11,3,4,2,2,1,,5,52,5,1,2,2,30,3,,Very High,High,New,0,1,0,Level 3
6923,21,,,,,3,11116,59,9,8,5,2,3,2,17,,2,46,19,4,4,3,8,1,,Very High,High,Expert,1,0,0,Level 2
6924,46,,,,,5,11824,90,6,3,4,1,2,1,90,,6,38,11,2,1,4,26,2,,Very High,Normal,Senior,1,0,0,Level 3
6925,55,,,,,3,11478,51,6,14,5,3,1,4,36,,1,42,15,2,4,1,38,2,,Very High,Normal,Senior,1,1,1,Level 3
6926,30,,,,,1,16155,71,28,11,8,3,2,4,48,,9,50,14,3,4,2,16,1,,,High,,1,0,1,Level 4
6927,37,,,,,2,9094,99,8,9,5,2,1,4,8,,7,36,18,3,2,2,2,3,,Very High,Normal,Expert,1,0,1,Level 2
6928,20,,,,,2,8932,26,1,5,5,4,1,1,65,,1,58,9,3,3,2,32,1,,High,High,New,0,0,0,Level 2
6929,54,,,,,3,17702,49,16,2,3,2,5,1,29,,6,48,13,1,2,1,47,3,,,High,,1,1,0,Level 4
6930,54,,,,,2,13460,36,10,4,6,1,5,2,54,,1,58,10,4,3,3,29,4,,,High,Expert,1,1,0,Level 3
6931,50,,,,,5,15593,86,19,7,3,2,5,1,17,,8,53,18,4,1,2,1,4,,,High,,1,1,0,Level 3
6932,47,,,,,2,3178,41,18,1,4,1,5,1,39,,8,52,0,3,4,2,4,4,,Medium,High,,1,0,0,Level 1
6933,58,,,,,2,4911,21,16,1,3,3,3,2,37,,9,33,1,4,1,3,29,4,,Medium,Low,,1,1,0,Level 1
6934,20,,,,,2,7512,17,1,12,8,2,3,2,12,,6,46,1,4,4,1,32,1,,High,High,New,0,0,0,Level 2
6935,44,,,,,4,13849,18,27,9,5,2,4,1,87,,7,57,12,3,1,1,29,1,,,High,,1,0,0,Level 3
6936,57,,,,,3,6989,22,28,3,9,3,1,1,25,,8,37,7,4,3,3,37,4,,High,Normal,,1,1,0,Level 1
6937,39,,,,,1,17038,59,15,1,5,1,4,4,30,,6,48,9,4,4,2,41,4,,,High,,1,0,1,Level 4
6938,22,,,,,1,5050,91,16,13,4,1,3,4,54,,3,56,8,2,4,2,4,2,,Medium,High,,1,0,1,Level 1
6939,21,,,,,4,11453,87,11,7,8,4,4,1,63,,6,42,11,1,1,1,5,1,,Very High,Normal,Expert,1,0,0,Level 3
6940,37,,,,,4,12686,34,6,13,4,2,1,3,74,,5,30,5,1,3,1,16,2,,,Low,Senior,1,0,0,Level 3
6941,29,,,,,1,3331,98,14,7,7,4,5,1,7,,2,32,2,2,1,4,28,2,,Medium,Low,,1,0,0,Level 1
6942,24,,,,,5,18300,19,16,14,5,3,2,4,95,,8,47,15,2,3,2,19,4,,,High,,1,0,1,Level 4
6943,28,,,,,1,7356,60,4,14,5,2,3,2,88,,7,46,1,3,1,3,42,2,,High,High,Experienced,0,0,0,Level 2
6944,21,,,,,1,5819,83,22,2,2,1,1,1,84,,7,48,8,3,2,1,12,3,,Medium,High,,1,0,0,Level 1
6945,53,,,,,3,7542,49,8,13,8,1,2,3,30,,2,35,12,4,3,1,13,1,,High,Low,Expert,1,1,0,Level 2
6946,57,,,,,1,16527,79,23,8,9,1,3,3,82,,7,48,7,1,2,3,48,4,,,High,,1,1,0,Level 4
6947,50,,,,,1,7868,29,28,12,2,3,1,3,13,,8,33,19,3,1,1,36,2,,High,Low,,1,1,0,Level 2
6948,29,,,,,2,11124,31,19,12,8,3,3,4,56,,1,51,0,1,3,2,21,1,,Very High,High,,1,0,1,Level 2
6949,31,,,,,4,9622,90,19,13,1,4,1,1,87,,8,34,19,2,1,1,20,2,,Very High,Low,,1,0,0,Level 2
6950,55,,,,,1,9583,60,22,3,7,3,3,2,77,,8,53,17,2,4,4,37,4,,Very High,High,,1,1,0,Level 2
6951,40,,,,,1,15487,75,1,13,6,3,3,2,75,,7,59,16,4,2,4,20,2,,,High,New,0,0,0,Level 3
6952,25,,,,,5,15955,57,3,3,2,4,5,1,15,,1,55,15,3,3,1,19,2,,,High,New,0,0,0,Level 4
6953,22,,,,,1,3293,93,8,14,6,2,1,1,94,,3,43,14,3,2,2,30,2,,Medium,Normal,Expert,1,0,0,Level 1
6954,29,,,,,3,8816,92,13,12,7,4,4,1,29,,2,41,12,1,1,3,16,1,,High,Normal,,1,0,0,Level 2
6955,24,,,,,5,11484,36,19,5,3,1,2,1,21,,4,50,4,1,1,4,4,3,,Very High,High,,1,0,0,Level 3
6956,45,,,,,1,3508,23,1,14,8,1,3,2,49,,5,30,5,3,3,2,11,4,,Medium,Low,New,0,0,0,Level 1
6957,40,,,,,3,14481,61,29,2,7,2,5,3,98,,6,31,13,1,2,1,13,4,,,Low,,1,0,0,Level 3
6958,45,,,,,4,7879,99,13,4,9,2,4,3,16,,7,48,16,3,4,4,22,4,,High,High,,1,0,0,Level 2
6959,57,,,,,1,13810,17,10,2,1,2,3,2,38,,4,31,19,2,3,3,19,1,,,Low,Expert,1,1,0,Level 3
6960,45,,,,,4,18712,66,29,12,5,2,1,4,87,,9,59,17,4,4,2,29,2,,,High,,1,0,1,Level 4
6961,27,,,,,1,6858,45,16,9,0,2,2,4,41,,9,36,1,2,2,2,11,1,,High,Normal,,1,0,1,Level 1
6962,24,,,,,5,3740,27,28,6,0,3,4,4,89,,5,54,10,1,3,1,9,1,,Medium,High,,1,0,1,Level 1
6963,34,,,,,5,8605,16,9,1,9,2,2,1,22,,7,32,1,3,1,2,35,3,,High,Low,Expert,1,0,0,Level 2
6964,35,,,,,3,4434,92,2,9,0,3,3,4,68,,7,37,8,4,1,2,30,1,,Medium,Normal,New,0,0,1,Level 1
6965,20,,,,,2,8542,21,23,8,6,4,5,4,63,,8,55,15,3,2,3,21,2,,High,High,,1,0,1,Level 2
6966,35,,,,,3,18598,43,8,2,6,4,4,1,8,,2,57,7,3,4,1,1,2,,,High,Expert,1,0,0,Level 4
6967,56,,,,,1,3175,18,3,3,0,2,3,2,97,,8,55,2,3,2,4,4,3,,Medium,High,New,0,1,0,Level 1
6968,22,,,,,4,13517,18,29,7,4,2,3,4,7,,5,48,17,2,2,3,27,1,,,High,,1,0,1,Level 3
6969,50,,,,,4,16654,35,23,4,4,4,2,2,63,,1,41,14,4,3,4,49,2,,,Normal,,1,1,0,Level 4
6970,32,,,,,1,12512,59,26,8,5,3,5,3,39,,7,33,1,1,3,4,47,4,,,Low,,1,0,0,Level 3
6971,35,,,,,2,18639,42,20,1,3,2,4,2,14,,3,45,16,3,2,2,17,2,,,Normal,,1,0,0,Level 4
6972,40,,,,,2,5471,22,2,10,1,2,2,1,89,,8,33,1,2,4,1,43,4,,Medium,Low,New,0,0,0,Level 1
6973,21,,,,,2,3208,56,4,4,3,2,2,2,88,,1,30,0,3,2,4,47,3,,Medium,Low,Experienced,0,0,0,Level 1
6974,46,,,,,1,16905,31,16,1,4,4,3,2,81,,2,55,13,1,2,2,13,4,,,High,,1,0,0,Level 4
6975,57,,,,,5,3247,23,8,7,2,2,3,4,11,,1,30,7,1,2,1,41,4,,Medium,Low,Expert,1,1,1,Level 1
6976,45,,,,,5,5894,75,15,9,1,4,3,2,15,,5,34,1,3,1,2,40,3,,Medium,Low,,1,0,0,Level 1
6977,57,,,,,1,14966,98,16,1,5,2,1,1,27,,8,57,10,4,2,1,27,2,,,High,,1,1,0,Level 3
6978,44,,,,,5,3789,83,18,8,9,4,4,1,59,,6,51,4,1,1,1,42,1,,Medium,High,,1,0,0,Level 1
6979,30,,,,,2,7080,55,22,10,3,3,4,3,27,,4,36,5,4,4,2,32,1,,High,Normal,,1,0,0,Level 1
6980,27,,,,,5,4117,43,10,11,6,2,5,2,23,,8,35,6,3,4,2,43,2,,Medium,Low,Expert,1,0,0,Level 1
6981,27,,,,,1,12232,90,19,6,5,3,1,1,2,,6,40,2,3,4,4,10,1,,,Normal,,1,0,0,Level 3
6982,52,,,,,5,16550,68,14,6,7,4,5,3,22,,6,33,11,2,2,1,37,2,,,Low,,1,1,0,Level 4
6983,26,,,,,5,17863,46,19,8,4,4,5,4,81,,5,40,2,1,1,1,7,2,,,Normal,,1,0,1,Level 4
6984,57,,,,,5,8786,79,22,1,5,2,1,4,97,,8,43,13,1,2,4,11,1,,High,Normal,,1,1,1,Level 2
6985,40,,,,,5,9320,57,14,9,8,3,1,1,89,,4,52,9,3,4,1,41,3,,Very High,High,,1,0,0,Level 2
6986,27,,,,,1,19681,83,3,11,4,4,1,4,49,,3,58,6,1,3,1,48,1,,,High,New,0,0,1,Level 4
6987,40,,,,,3,12189,90,14,6,8,3,5,3,60,,5,55,0,2,3,3,15,2,,,High,,1,0,0,Level 3
6988,39,,,,,5,14036,94,2,3,2,4,4,4,2,,9,34,11,3,2,3,1,1,,,Low,New,0,0,1,Level 3
6989,27,,,,,3,14393,30,29,13,8,3,5,2,33,,7,52,7,2,3,4,17,3,,,High,,1,0,0,Level 3
6990,50,,,,,1,17698,35,2,1,1,4,2,3,28,,6,56,0,4,4,2,2,3,,,High,New,0,1,0,Level 4
6991,48,,,,,4,5663,47,3,14,7,4,3,2,85,,6,30,18,4,1,2,40,4,,Medium,Low,New,0,0,0,Level 1
6992,28,,,,,3,10959,40,2,4,0,3,4,2,90,,5,44,15,3,3,2,29,1,,Very High,Normal,New,0,0,0,Level 2
6993,34,,,,,1,6558,17,29,5,8,1,2,2,44,,9,57,15,1,1,4,48,1,,High,High,,1,0,0,Level 1
6994,49,,,,,4,12105,37,6,4,6,1,4,4,91,,8,43,4,2,3,4,1,1,,,Normal,Senior,1,0,1,Level 3
6995,45,,,,,5,15504,68,4,11,9,2,2,2,23,,2,32,12,3,2,1,39,2,,,Low,Experienced,0,0,0,Level 3
6996,29,,,,,1,4004,98,1,7,0,2,3,3,83,,9,45,7,4,1,4,41,1,,Medium,Normal,New,0,0,0,Level 1
6997,48,,,,,2,5593,61,3,6,0,1,3,3,36,,5,30,18,4,4,1,5,1,,Medium,Low,New,0,0,0,Level 1
6998,35,,,,,4,8817,50,16,13,7,4,4,1,33,,1,50,10,4,4,4,43,4,,High,High,,1,0,0,Level 2
6999,55,,,,,2,18771,49,15,10,8,4,5,3,90,,8,53,19,4,4,2,47,1,,,High,,1,1,0,Level 4
7000,39,,,,,5,8063,57,26,5,1,1,2,2,48,,7,56,13,1,3,3,49,1,,High,High,,1,0,0,Level 2
7001,56,,,,,5,16071,47,29,13,2,3,3,1,79,,1,50,19,4,4,4,17,2,,,High,,1,1,0,Level 4
7002,41,,,,,3,12113,19,11,3,1,3,2,3,20,,4,57,5,1,4,4,17,2,,,High,Expert,1,0,0,Level 3
7003,26,,,,,5,16760,18,19,9,0,4,1,2,14,,8,57,11,2,3,3,30,1,,,High,,1,0,0,Level 4
7004,42,,,,,3,12912,72,4,3,1,3,5,1,12,,8,43,15,4,1,4,39,4,,,Normal,Experienced,0,0,0,Level 3
7005,59,,,,,4,11094,66,22,3,7,3,5,3,15,,6,38,9,3,2,1,11,2,,Very High,Normal,,1,1,0,Level 2
7006,48,,,,,2,9170,86,1,3,1,2,4,1,60,,5,59,10,1,4,2,43,4,,Very High,High,New,0,0,0,Level 2
7007,35,,,,,4,12707,89,2,12,8,3,2,4,28,,8,59,18,1,4,2,35,3,,,High,New,0,0,1,Level 3
7008,57,,,,,2,10984,64,10,14,0,2,2,3,56,,9,38,15,4,4,1,20,1,,Very High,Normal,Expert,1,1,0,Level 2
7009,47,,,,,1,14801,41,3,8,5,1,3,3,35,,6,37,8,4,2,3,12,3,,,Normal,New,0,0,0,Level 3
7010,57,,,,,4,13501,24,21,2,5,1,1,1,43,,6,57,11,4,2,3,40,2,,,High,,1,1,0,Level 3
7011,50,,,,,1,7742,76,27,4,5,4,1,1,14,,4,55,2,1,2,2,6,3,,High,High,,1,1,0,Level 2
7012,33,,,,,2,13928,34,28,13,6,3,2,1,10,,4,49,13,3,1,3,3,4,,,High,,1,0,0,Level 3
7013,52,,,,,3,18658,46,23,8,0,4,3,2,10,,2,40,13,3,3,2,6,4,,,Normal,,1,1,0,Level 4
7014,28,,,,,4,16744,62,17,11,8,3,5,4,27,,3,51,18,4,4,1,41,4,,,High,,1,0,1,Level 4
7015,46,,,,,4,4502,63,12,14,4,4,4,2,80,,4,34,19,4,3,3,49,1,,Medium,Low,,1,0,0,Level 1
7016,43,,,,,3,4636,96,29,1,7,4,5,1,64,,2,33,19,2,3,1,42,4,,Medium,Low,,1,0,0,Level 1
7017,32,,,,,3,4809,40,2,3,1,2,1,4,83,,8,51,9,4,4,3,37,4,,Medium,High,New,0,0,1,Level 1
7018,45,,,,,5,11458,49,13,4,4,2,1,3,58,,7,56,6,2,4,1,22,2,,Very High,High,,1,0,0,Level 3
7019,48,,,,,5,5821,42,4,6,6,3,2,1,51,,3,40,13,3,3,4,2,2,,Medium,Normal,Experienced,0,0,0,Level 1
7020,47,,,,,2,6945,79,15,2,2,1,1,2,98,,5,37,8,4,1,2,21,2,,High,Normal,,1,0,0,Level 1
7021,47,,,,,4,7490,40,26,7,6,4,3,4,58,,5,56,0,3,4,2,9,2,,High,High,,1,0,1,Level 2
7022,27,,,,,3,19097,72,17,12,6,4,5,1,13,,2,34,0,3,4,3,38,4,,,Low,,1,0,0,Level 4
7023,42,,,,,3,15383,20,11,3,9,3,2,4,34,,6,40,15,4,4,3,38,2,,,Normal,Expert,1,0,1,Level 3
7024,48,,,,,1,5026,64,1,14,1,1,3,1,2,,5,59,3,3,2,1,17,2,,Medium,High,New,0,0,0,Level 1
7025,24,,,,,5,19438,63,27,8,7,1,3,2,63,,4,42,10,4,3,1,3,1,,,Normal,,1,0,0,Level 4
7026,26,,,,,1,10474,72,25,2,8,4,4,3,94,,7,54,10,1,1,2,35,1,,Very High,High,,1,0,0,Level 2
7027,55,,,,,3,12832,60,22,9,5,3,1,4,38,,1,54,4,2,1,1,19,4,,,High,,1,1,1,Level 3
7028,46,,,,,4,4814,95,2,4,5,3,1,3,95,,8,51,18,1,4,3,28,4,,Medium,High,New,0,0,0,Level 1
7029,21,,,,,4,13541,35,10,14,7,4,3,2,70,,2,57,4,1,4,3,20,3,,,High,Expert,1,0,0,Level 3
7030,44,,,,,1,15507,39,7,8,4,1,2,2,66,,7,59,9,4,2,3,5,1,,,High,Senior,1,0,0,Level 3
7031,28,,,,,5,10147,77,26,4,0,2,3,1,88,,2,37,15,4,4,4,24,2,,Very High,Normal,,1,0,0,Level 2
7032,46,,,,,2,15715,97,22,6,9,2,3,3,93,,4,42,9,3,4,3,10,3,,,Normal,,1,0,0,Level 4
7033,20,,,,,4,7236,80,11,8,8,2,1,3,92,,5,45,5,2,3,1,31,2,,High,Normal,Expert,1,0,0,Level 2
7034,42,,,,,2,17255,49,22,5,2,4,5,2,16,,7,30,0,4,3,3,46,4,,,Low,,1,0,0,Level 4
7035,29,,,,,5,17861,94,24,6,6,1,1,3,20,,7,48,17,1,2,3,48,4,,,High,,1,0,0,Level 4
7036,44,,,,,1,7253,94,26,2,5,1,4,4,15,,2,37,16,3,1,2,22,1,,High,Normal,,1,0,1,Level 2
7037,22,,,,,5,19488,47,29,4,3,2,4,2,49,,6,46,17,1,4,4,23,3,,,High,,1,0,0,Level 4
7038,25,,,,,3,18225,64,19,5,6,3,2,3,24,,9,55,2,4,4,1,41,2,,,High,,1,0,0,Level 4
7039,25,,,,,5,10861,38,10,1,8,3,5,4,41,,2,48,18,3,1,3,23,3,,Very High,High,Expert,1,0,1,Level 2
7040,21,,,,,1,4208,37,2,7,3,4,3,3,86,,4,50,8,1,2,3,32,1,,Medium,High,New,0,0,0,Level 1
7041,37,,,,,1,16528,95,14,6,5,3,5,2,92,,8,39,13,3,3,1,9,4,,,Normal,,1,0,0,Level 4
7042,42,,,,,5,16342,51,25,4,2,1,1,1,6,,7,54,6,2,4,2,25,1,,,High,,1,0,0,Level 4
7043,21,,,,,1,15566,77,21,4,2,1,1,1,3,,7,50,8,3,1,1,29,4,,,High,,1,0,0,Level 3
7044,31,,,,,3,5995,70,29,3,6,4,3,4,59,,7,45,6,3,1,1,47,3,,Medium,Normal,,1,0,1,Level 1
7045,41,,,,,2,10642,77,22,12,8,3,3,4,66,,2,30,16,2,2,4,25,3,,Very High,Low,,1,0,1,Level 2
7046,56,,,,,5,7320,33,27,1,4,1,4,3,45,,4,40,3,4,4,2,14,4,,High,Normal,,1,1,0,Level 2
7047,39,,,,,1,4906,35,7,6,2,4,1,1,60,,1,30,3,2,3,3,4,3,,Medium,Low,Senior,1,0,0,Level 1
7048,58,,,,,2,14440,53,13,5,5,3,1,3,69,,1,59,6,4,1,1,42,1,,,High,,1,1,0,Level 3
7049,43,,,,,3,7179,97,2,6,7,2,4,1,0,,8,38,12,2,2,4,5,3,,High,Normal,New,0,0,0,Level 1
7050,39,,,,,5,5139,86,27,10,3,4,2,1,98,,9,50,10,3,1,4,14,3,,Medium,High,,1,0,0,Level 1
7051,20,,,,,1,19391,40,6,1,6,2,2,3,30,,7,49,18,1,3,3,1,2,,,High,Senior,1,0,0,Level 4
7052,20,,,,,2,14925,65,28,2,6,4,4,4,72,,3,48,7,2,3,2,30,4,,,High,,1,0,1,Level 3
7053,36,,,,,3,6645,74,1,7,4,3,1,1,99,,1,54,13,4,1,3,27,1,,High,High,New,0,0,0,Level 1
7054,20,,,,,4,12846,96,25,9,9,4,1,4,90,,7,50,5,3,4,4,21,3,,,High,,1,0,1,Level 3
7055,49,,,,,1,11670,92,28,6,1,1,2,4,30,,3,32,10,3,1,4,27,4,,Very High,Low,,1,0,1,Level 3
7056,22,,,,,3,15395,96,22,6,3,2,3,2,36,,5,49,6,2,1,4,39,2,,,High,,1,0,0,Level 3
7057,30,,,,,2,15119,20,11,5,4,3,3,4,90,,3,39,15,3,2,4,11,2,,,Normal,Expert,1,0,1,Level 3
7058,43,,,,,5,14889,21,7,11,2,2,4,1,13,,6,32,8,3,3,1,42,4,,,Low,Senior,1,0,0,Level 3
7059,41,,,,,2,5014,74,28,5,3,4,3,3,87,,1,52,4,1,1,2,45,3,,Medium,High,,1,0,0,Level 1
7060,45,,,,,5,18762,75,5,6,4,4,2,1,66,,5,51,4,4,4,3,1,1,,,High,Experienced,1,0,0,Level 4
7061,32,,,,,3,10525,19,18,2,0,4,5,2,39,,1,31,13,2,1,3,37,2,,Very High,Low,,1,0,0,Level 2
7062,20,,,,,3,12364,22,20,10,2,4,4,2,8,,6,39,18,4,4,3,38,4,,,Normal,,1,0,0,Level 3
7063,43,,,,,2,8476,47,12,6,8,4,1,4,44,,2,35,4,2,4,1,27,2,,High,Low,,1,0,1,Level 2
7064,29,,,,,2,10218,71,21,4,8,4,5,1,22,,7,43,12,3,3,3,4,1,,Very High,Normal,,1,0,0,Level 2
7065,54,,,,,5,13293,26,27,14,8,1,2,4,21,,8,56,18,1,4,2,2,2,,,High,,1,1,1,Level 3
7066,43,,,,,1,11128,51,26,3,8,2,1,3,30,,4,43,18,1,1,1,2,3,,Very High,Normal,,1,0,0,Level 2
7067,47,,,,,2,8789,29,18,13,8,4,3,4,49,,8,58,0,2,1,2,13,3,,High,High,,1,0,1,Level 2
7068,55,,,,,1,18084,31,9,7,3,2,4,2,62,,6,49,5,3,2,4,45,1,,,High,Expert,1,1,0,Level 4
7069,35,,,,,1,11618,51,2,14,6,3,3,2,58,,7,55,11,4,4,2,30,2,,Very High,High,New,0,0,0,Level 3
7070,59,,,,,1,4315,65,18,5,0,2,4,4,82,,6,34,18,1,3,2,32,2,,Medium,Low,,1,1,1,Level 1
7071,35,,,,,3,9489,43,2,10,4,2,2,4,31,,9,35,18,4,4,1,33,2,,Very High,Low,New,0,0,1,Level 2
7072,36,,,,,3,11702,17,2,3,1,1,2,4,61,,8,38,13,2,2,1,21,2,,Very High,Normal,New,0,0,1,Level 3
7073,34,,,,,1,11632,89,21,8,9,1,1,3,11,,8,33,6,1,2,2,5,2,,Very High,Low,,1,0,0,Level 3
7074,35,,,,,1,8865,40,14,5,3,2,4,2,5,,1,35,16,1,2,2,46,1,,High,Low,,1,0,0,Level 2
7075,34,,,,,3,9122,59,7,11,8,2,5,2,31,,9,56,12,3,4,1,21,1,,Very High,High,Senior,1,0,0,Level 2
7076,53,,,,,5,5769,20,1,3,4,3,3,2,7,,6,56,9,1,3,3,14,3,,Medium,High,New,0,1,0,Level 1
7077,30,,,,,4,9371,68,28,13,1,2,4,3,34,,9,35,13,4,2,3,2,1,,Very High,Low,,1,0,0,Level 2
7078,20,,,,,2,13849,33,9,14,0,3,5,4,78,,8,59,18,2,2,4,25,4,,,High,Expert,1,0,1,Level 3
7079,34,,,,,1,18163,27,27,11,1,1,3,4,91,,5,38,7,2,4,2,7,3,,,Normal,,1,0,1,Level 4
7080,45,,,,,3,16077,71,22,14,9,1,2,2,57,,6,33,16,3,2,4,19,4,,,Low,,1,0,0,Level 4
7081,23,,,,,1,14799,87,12,9,0,2,2,4,21,,1,31,6,4,3,3,11,3,,,Low,,1,0,1,Level 3
7082,24,,,,,1,11587,97,1,2,2,3,1,3,58,,2,54,13,3,2,3,3,1,,Very High,High,New,0,0,0,Level 3
7083,54,,,,,1,10828,99,1,3,7,3,2,2,45,,7,53,1,3,2,2,18,2,,Very High,High,New,0,1,0,Level 2
7084,32,,,,,1,10331,71,9,3,6,2,2,2,94,,3,49,12,4,3,3,46,1,,Very High,High,Expert,1,0,0,Level 2
7085,29,,,,,5,14782,60,16,1,0,3,2,2,8,,4,44,12,3,3,4,36,3,,,Normal,,1,0,0,Level 3
7086,30,,,,,2,17491,26,25,12,9,2,4,3,42,,9,56,12,1,4,1,41,4,,,High,,1,0,0,Level 4
7087,37,,,,,2,19886,43,17,7,2,1,1,2,2,,8,31,8,3,1,4,20,4,,,Low,,1,0,0,Level 4
7088,53,,,,,3,15084,79,1,11,6,4,4,1,63,,8,43,14,1,3,2,49,4,,,Normal,New,0,1,0,Level 3
7089,58,,,,,5,17663,63,5,13,4,4,5,3,72,,5,48,18,1,4,2,5,3,,,High,Experienced,1,1,0,Level 4
7090,42,,,,,5,8479,18,16,14,5,2,2,3,66,,3,51,9,3,3,3,2,4,,High,High,,1,0,0,Level 2
7091,26,,,,,2,14600,91,5,6,4,4,5,1,82,,5,55,13,3,2,3,29,2,,,High,Experienced,1,0,0,Level 3
7092,58,,,,,3,17604,42,7,12,7,1,5,1,67,,5,41,1,4,1,1,46,2,,,Normal,Senior,1,1,0,Level 4
7093,22,,,,,5,15236,64,20,6,0,1,4,2,5,,7,54,18,3,2,1,45,1,,,High,,1,0,0,Level 3
7094,31,,,,,3,15839,26,26,6,6,1,2,3,75,,8,55,16,4,1,4,40,1,,,High,,1,0,0,Level 4
7095,26,,,,,2,4439,97,17,7,8,3,4,3,97,,3,57,1,4,1,1,27,3,,Medium,High,,1,0,0,Level 1
7096,45,,,,,1,12401,32,6,6,8,3,3,1,90,,1,38,13,3,3,4,10,2,,,Normal,Senior,1,0,0,Level 3
7097,52,,,,,5,14827,20,26,12,2,2,3,1,72,,8,51,10,1,4,3,41,1,,,High,,1,1,0,Level 3
7098,56,,,,,3,6276,82,29,9,3,3,2,4,27,,2,36,5,2,2,4,9,2,,High,Normal,,1,1,1,Level 1
7099,34,,,,,1,15623,90,3,5,3,4,5,1,41,,7,40,7,1,3,4,33,3,,,Normal,New,0,0,0,Level 3
7100,21,,,,,2,11581,37,7,14,7,4,4,1,87,,7,34,16,2,2,4,18,2,,Very High,Low,Senior,1,0,0,Level 3
7101,26,,,,,4,9447,42,14,12,6,3,5,2,21,,3,33,6,2,4,3,39,3,,Very High,Low,,1,0,0,Level 2
7102,51,,,,,5,18249,89,17,11,7,3,3,4,61,,7,46,17,2,2,3,49,2,,,High,,1,1,1,Level 4
7103,23,,,,,5,18184,54,14,1,4,1,4,4,97,,6,57,0,3,2,4,3,1,,,High,,1,0,1,Level 4
7104,39,,,,,3,11174,62,20,1,2,1,4,1,26,,4,41,10,4,1,1,14,2,,Very High,Normal,,1,0,0,Level 2
7105,55,,,,,2,12989,48,26,1,8,1,4,3,27,,4,58,8,2,4,2,11,2,,,High,,1,1,0,Level 3
7106,51,,,,,2,8067,99,12,14,8,1,2,1,75,,5,42,16,2,3,2,45,3,,High,Normal,,1,1,0,Level 2
7107,47,,,,,5,7321,76,9,2,9,1,2,4,17,,7,34,19,2,2,4,20,4,,High,Low,Expert,1,0,1,Level 2
7108,32,,,,,5,5560,72,26,4,9,4,2,2,97,,5,58,9,2,2,4,49,2,,Medium,High,,1,0,0,Level 1
7109,20,,,,,3,3028,48,6,6,1,3,4,3,5,,1,35,6,2,3,3,43,1,,Medium,Low,Senior,1,0,0,Level 1
7110,54,,,,,3,15891,71,2,7,7,2,5,1,27,,7,43,17,1,4,4,40,1,,,Normal,New,0,1,0,Level 4
7111,49,,,,,4,12172,43,6,13,2,3,1,4,64,,3,32,9,1,1,2,25,2,,,Low,Senior,1,0,1,Level 3
7112,55,,,,,1,17950,91,9,5,8,4,5,2,82,,4,44,17,2,4,2,46,3,,,Normal,Expert,1,1,0,Level 4
7113,44,,,,,3,6583,66,11,7,1,2,3,3,17,,2,34,14,3,1,3,32,4,,High,Low,Expert,1,0,0,Level 1
7114,35,,,,,1,8108,97,1,2,8,4,3,4,79,,7,34,2,3,3,2,49,4,,High,Low,New,0,0,1,Level 2
7115,38,,,,,5,12850,22,12,6,1,1,2,2,48,,4,45,3,2,3,2,24,2,,,Normal,,1,0,0,Level 3
7116,20,,,,,4,18973,30,5,3,6,2,1,1,3,,2,54,5,1,1,4,14,2,,,High,Experienced,1,0,0,Level 4
7117,24,,,,,4,10521,44,13,12,6,4,2,3,93,,8,47,2,2,4,3,6,3,,Very High,High,,1,0,0,Level 2
7118,41,,,,,4,9615,98,24,9,7,3,5,3,80,,7,46,13,3,1,2,26,4,,Very High,High,,1,0,0,Level 2
7119,43,,,,,2,13518,95,15,10,3,4,2,3,23,,2,40,6,3,4,2,23,1,,,Normal,,1,0,0,Level 3
7120,56,,,,,5,8407,40,13,10,3,4,3,2,11,,1,32,11,3,4,4,34,4,,High,Low,,1,1,0,Level 2
7121,55,,,,,2,12031,71,23,4,7,3,3,4,74,,2,34,10,3,4,1,38,3,,,Low,,1,1,1,Level 3
7122,55,,,,,2,5414,53,26,5,5,3,2,4,95,,9,53,5,2,2,1,27,4,,Medium,High,,1,1,1,Level 1
7123,23,,,,,4,7426,47,2,14,5,1,5,3,72,,7,53,5,4,1,4,40,4,,High,High,New,0,0,0,Level 2
7124,55,,,,,2,17136,92,24,12,9,3,4,1,10,,2,58,1,1,1,3,21,4,,,High,,1,1,0,Level 4
7125,37,,,,,5,8697,45,9,5,4,3,5,4,79,,9,44,4,1,1,3,44,2,,High,Normal,Expert,1,0,1,Level 2
7126,35,,,,,5,6582,94,26,12,9,1,2,4,9,,5,57,10,2,2,1,1,4,,High,High,,1,0,1,Level 1
7127,37,,,,,2,15170,35,24,13,2,4,5,4,14,,5,57,8,3,1,1,42,2,,,High,,1,0,1,Level 3
7128,41,,,,,5,9551,64,28,14,1,4,3,1,60,,5,54,12,2,3,3,1,2,,Very High,High,,1,0,0,Level 2
7129,21,,,,,1,8085,97,22,2,7,3,1,4,94,,8,46,16,3,4,4,4,2,,High,High,,1,0,1,Level 2
7130,40,,,,,2,12673,20,25,13,0,1,3,2,18,,8,40,13,2,2,1,10,3,,,Normal,,1,0,0,Level 3
7131,55,,,,,4,4386,74,8,4,0,4,3,2,6,,1,53,10,1,1,2,42,3,,Medium,High,Expert,1,1,0,Level 1
7132,58,,,,,4,8240,87,4,7,4,4,4,3,60,,6,57,7,2,3,4,11,3,,High,High,Experienced,0,1,0,Level 2
7133,58,,,,,5,17832,27,29,11,4,4,2,4,67,,8,43,18,4,2,1,4,2,,,Normal,,1,1,1,Level 4
7134,48,,,,,5,13397,72,15,12,1,4,4,1,82,,7,53,1,2,4,3,49,4,,,High,,1,0,0,Level 3
7135,45,,,,,4,12472,58,28,2,9,3,4,4,74,,9,41,18,2,2,4,26,2,,,Normal,,1,0,1,Level 3
7136,40,,,,,1,4598,93,22,5,6,4,2,3,61,,4,37,6,4,1,3,8,4,,Medium,Normal,,1,0,0,Level 1
7137,36,,,,,4,17606,46,5,5,0,1,5,2,98,,6,58,18,4,4,3,46,1,,,High,Experienced,1,0,0,Level 4
7138,35,,,,,2,19696,73,10,5,3,1,1,1,67,,7,47,10,4,2,1,47,3,,,High,Expert,1,0,0,Level 4
7139,50,,,,,4,8236,95,9,7,3,3,4,3,81,,5,40,10,2,4,4,49,3,,High,Normal,Expert,1,1,0,Level 2
7140,28,,,,,3,6859,59,27,10,1,2,4,4,78,,7,57,13,4,3,3,6,2,,High,High,,1,0,1,Level 1
7141,50,,,,,1,4778,69,4,14,2,4,5,4,64,,3,41,15,3,1,1,23,4,,Medium,Normal,Experienced,0,1,1,Level 1
7142,33,,,,,1,18524,63,1,7,1,3,2,1,18,,4,31,1,3,2,3,4,3,,,Low,New,0,0,0,Level 4
7143,56,,,,,4,9298,75,11,12,5,2,3,1,97,,8,34,13,3,1,1,26,4,,Very High,Low,Expert,1,1,0,Level 2
7144,21,,,,,3,12725,54,25,13,1,3,5,4,94,,2,38,2,4,1,2,44,4,,,Normal,,1,0,1,Level 3
7145,33,,,,,2,6796,96,11,11,6,3,3,2,58,,6,46,3,3,2,1,46,3,,High,High,Expert,1,0,0,Level 1
7146,52,,,,,4,13473,48,9,14,5,2,1,3,81,,9,34,11,1,3,2,26,1,,,Low,Expert,1,1,0,Level 3
7147,54,,,,,2,6422,26,23,8,9,1,4,2,79,,8,51,7,2,1,3,27,4,,High,High,,1,1,0,Level 1
7148,58,,,,,3,5209,29,5,11,1,2,1,4,90,,7,50,4,1,1,4,8,4,,Medium,High,Experienced,1,1,1,Level 1
7149,39,,,,,4,11483,23,27,1,2,4,3,4,80,,7,36,12,2,2,3,22,2,,Very High,Normal,,1,0,1,Level 3
7150,21,,,,,4,15414,34,23,3,7,2,3,1,18,,8,31,15,2,2,2,38,4,,,Low,,1,0,0,Level 3
7151,38,,,,,2,16400,63,25,1,0,4,3,2,22,,2,47,17,3,1,3,8,4,,,High,,1,0,0,Level 4
7152,56,,,,,4,5827,28,19,7,8,4,4,4,42,,8,52,6,3,1,1,23,4,,Medium,High,,1,1,1,Level 1
7153,37,,,,,3,8896,19,21,5,1,1,2,2,67,,5,34,6,4,4,2,12,3,,High,Low,,1,0,0,Level 2
7154,35,,,,,4,6503,62,3,2,7,3,2,3,78,,8,32,14,2,2,2,19,4,,High,Low,New,0,0,0,Level 1
7155,23,,,,,5,19034,71,8,10,7,2,4,4,6,,8,40,6,3,1,3,20,1,,,Normal,Expert,1,0,1,Level 4
7156,31,,,,,3,11095,74,16,2,7,4,2,3,45,,8,32,0,4,4,2,33,1,,Very High,Low,,1,0,0,Level 2
7157,48,,,,,1,10629,86,27,7,3,2,2,4,88,,2,32,15,2,2,3,10,4,,Very High,Low,,1,0,1,Level 2
7158,26,,,,,2,6058,95,17,5,1,2,4,4,45,,9,39,5,2,4,1,11,4,,High,Normal,,1,0,1,Level 1
7159,33,,,,,3,19542,57,4,13,1,4,2,3,88,,5,36,12,1,3,1,34,4,,,Normal,Experienced,0,0,0,Level 4
7160,31,,,,,1,18667,96,23,4,6,4,2,1,30,,1,52,3,3,4,4,7,3,,,High,,1,0,0,Level 4
7161,54,,,,,1,14742,78,15,14,0,3,5,1,77,,7,33,14,3,4,2,20,4,,,Low,,1,1,0,Level 3
7162,24,,,,,3,11421,16,13,8,1,2,1,4,11,,3,35,3,2,2,4,6,4,,Very High,Low,,1,0,1,Level 3
7163,36,,,,,1,8625,15,9,3,2,4,1,3,21,,7,42,7,4,4,1,21,1,,High,Normal,Expert,1,0,0,Level 2
7164,51,,,,,1,14600,78,10,13,6,3,1,1,64,,1,44,2,1,3,2,34,4,,,Normal,Expert,1,1,0,Level 3
7165,29,,,,,5,17031,86,27,3,7,2,5,4,28,,5,41,12,1,3,2,28,2,,,Normal,,1,0,1,Level 4
7166,36,,,,,4,4680,99,2,8,3,2,1,4,68,,7,46,3,1,4,4,12,3,,Medium,High,New,0,0,1,Level 1
7167,24,,,,,5,17630,38,25,2,3,4,3,1,82,,6,44,10,4,4,4,22,1,,,Normal,,1,0,0,Level 4
7168,28,,,,,4,5984,16,6,3,9,1,1,3,85,,9,54,13,2,2,1,1,1,,Medium,High,Senior,1,0,0,Level 1
7169,52,,,,,1,16641,73,23,4,0,4,4,1,53,,4,32,8,4,2,1,14,3,,,Low,,1,1,0,Level 4
7170,55,,,,,4,4823,48,20,10,0,2,1,4,13,,6,36,17,2,3,4,37,2,,Medium,Normal,,1,1,1,Level 1
7171,55,,,,,5,16748,70,5,3,6,1,3,2,79,,8,43,6,3,4,4,28,1,,,Normal,Experienced,1,1,0,Level 4
7172,37,,,,,2,16375,90,17,12,8,4,1,3,5,,6,56,0,3,4,2,38,4,,,High,,1,0,0,Level 4
7173,28,,,,,2,12204,19,4,8,1,1,2,2,91,,1,31,15,1,3,3,6,3,,,Low,Experienced,0,0,0,Level 3
7174,48,,,,,4,16540,69,8,6,8,3,3,2,64,,3,57,12,3,3,4,7,2,,,High,Expert,1,0,0,Level 4
7175,33,,,,,2,18606,50,22,3,6,4,4,2,69,,3,38,11,3,4,4,31,1,,,Normal,,1,0,0,Level 4
7176,44,,,,,3,8211,86,23,7,7,2,2,4,1,,2,40,2,1,3,3,4,4,,High,Normal,,1,0,1,Level 2
7177,34,,,,,2,5894,69,1,4,4,2,2,2,59,,7,41,15,1,2,1,26,2,,Medium,Normal,New,0,0,0,Level 1
7178,25,,,,,4,7096,24,23,3,0,1,5,2,28,,5,59,19,1,1,3,27,1,,High,High,,1,0,0,Level 1
7179,48,,,,,1,8410,99,22,2,7,1,2,3,68,,1,36,2,4,1,2,39,1,,High,Normal,,1,0,0,Level 2
7180,34,,,,,5,4263,60,4,8,9,3,1,1,98,,3,35,19,3,3,3,24,4,,Medium,Low,Experienced,0,0,0,Level 1
7181,48,,,,,2,9624,66,18,8,2,4,2,4,31,,3,47,15,4,3,1,34,2,,Very High,High,,1,0,1,Level 2
7182,23,,,,,4,9797,76,28,2,4,3,2,1,78,,5,32,7,3,1,3,22,2,,Very High,Low,,1,0,0,Level 2
7183,37,,,,,5,7884,18,13,9,6,1,5,4,58,,7,48,12,2,3,2,1,2,,High,High,,1,0,1,Level 2
7184,58,,,,,3,14832,70,18,12,6,2,1,3,9,,9,41,4,1,3,1,44,2,,,Normal,,1,1,0,Level 3
7185,35,,,,,1,5186,25,23,7,6,3,1,1,81,,4,48,0,1,2,1,23,3,,Medium,High,,1,0,0,Level 1
7186,30,,,,,5,19881,64,3,11,1,4,2,1,30,,6,35,14,4,1,3,27,3,,,Low,New,0,0,0,Level 4
7187,33,,,,,5,5168,75,18,6,1,2,4,4,17,,5,40,15,1,3,2,14,2,,Medium,Normal,,1,0,1,Level 1
7188,22,,,,,4,9608,37,10,3,2,4,4,4,43,,2,41,15,3,4,2,40,4,,Very High,Normal,Expert,1,0,1,Level 2
7189,57,,,,,3,10133,44,19,3,5,1,1,1,69,,6,31,2,3,4,4,11,2,,Very High,Low,,1,1,0,Level 2
7190,37,,,,,2,10053,39,26,13,9,1,4,1,96,,8,39,19,1,1,4,24,4,,Very High,Normal,,1,0,0,Level 2
7191,39,,,,,3,5411,44,2,4,1,4,1,2,58,,5,42,17,4,2,4,24,4,,Medium,Normal,New,0,0,0,Level 1
7192,44,,,,,1,3966,53,14,11,6,4,1,1,61,,7,46,12,3,4,2,37,2,,Medium,High,,1,0,0,Level 1
7193,57,,,,,2,11741,94,27,9,8,1,3,1,4,,3,45,12,1,4,3,16,4,,Very High,Normal,,1,1,0,Level 3
7194,32,,,,,3,18694,88,19,8,8,3,1,4,19,,3,49,4,1,4,3,8,2,,,High,,1,0,1,Level 4
7195,23,,,,,1,7842,25,5,2,1,3,3,1,25,,8,32,4,3,3,3,7,4,,High,Low,Experienced,1,0,0,Level 2
7196,33,,,,,5,13328,87,26,13,7,4,2,2,16,,3,40,6,4,3,3,10,4,,,Normal,,1,0,0,Level 3
7197,52,,,,,5,18935,50,16,5,7,4,5,1,41,,5,48,8,2,1,3,18,3,,,High,,1,1,0,Level 4
7198,47,,,,,5,12440,97,26,10,7,1,1,3,40,,8,38,10,1,3,3,38,2,,,Normal,,1,0,0,Level 3
7199,56,,,,,5,5433,66,10,6,1,4,2,4,13,,4,53,3,4,3,1,48,2,,Medium,High,Expert,1,1,1,Level 1
7200,27,,,,,2,19720,19,5,14,2,4,1,4,81,,6,37,2,4,4,2,5,4,,,Normal,Experienced,1,0,1,Level 4
7201,53,,,,,5,3434,90,14,5,3,2,1,1,26,,5,30,1,3,4,2,42,4,,Medium,Low,,1,1,0,Level 1
7202,24,,,,,2,7582,88,7,1,5,4,5,3,94,,6,47,6,4,2,2,37,4,,High,High,Senior,1,0,0,Level 2
7203,24,,,,,2,13023,28,10,9,1,4,3,2,54,,9,52,11,1,4,3,8,3,,,High,Expert,1,0,0,Level 3
7204,50,,,,,3,9843,34,11,10,4,4,1,2,14,,9,53,12,3,1,2,37,1,,Very High,High,Expert,1,1,0,Level 2
7205,28,,,,,5,8189,34,19,12,8,3,1,1,32,,2,44,18,2,2,1,8,3,,High,Normal,,1,0,0,Level 2
7206,51,,,,,4,4767,58,11,6,5,1,3,1,79,,3,57,9,2,1,3,9,1,,Medium,High,Expert,1,1,0,Level 1
7207,52,,,,,5,15830,39,3,5,7,1,4,1,74,,3,59,10,1,1,3,11,1,,,High,New,0,1,0,Level 4
7208,22,,,,,4,3804,55,7,11,1,2,5,1,1,,5,47,3,4,3,2,8,1,,Medium,High,Senior,1,0,0,Level 1
7209,49,,,,,5,13184,83,14,6,3,3,5,2,76,,1,30,3,3,1,4,30,2,,,Low,,1,0,0,Level 3
7210,31,,,,,2,6180,16,6,3,5,3,1,1,66,,6,57,4,2,4,1,44,1,,High,High,Senior,1,0,0,Level 1
7211,48,,,,,5,17944,26,22,9,3,1,5,1,83,,6,57,9,2,4,4,32,1,,,High,,1,0,0,Level 4
7212,22,,,,,5,18174,42,20,12,8,4,4,1,1,,2,44,10,2,3,2,27,2,,,Normal,,1,0,0,Level 4
7213,45,,,,,5,5311,58,27,4,1,1,1,1,86,,5,47,12,4,3,1,2,2,,Medium,High,,1,0,0,Level 1
7214,49,,,,,5,15577,27,13,6,6,4,3,4,23,,8,50,10,2,3,2,12,3,,,High,,1,0,1,Level 3
7215,28,,,,,3,15432,99,14,13,8,4,3,1,26,,9,42,8,2,4,4,36,1,,,Normal,,1,0,0,Level 3
7216,45,,,,,3,11720,57,20,6,1,3,1,2,21,,3,30,9,2,3,4,24,4,,Very High,Low,,1,0,0,Level 3
7217,21,,,,,2,12780,69,15,13,5,1,3,4,64,,2,53,10,2,4,4,43,2,,,High,,1,0,1,Level 3
7218,22,,,,,2,4592,22,18,2,1,2,3,2,30,,2,42,12,1,3,2,31,3,,Medium,Normal,,1,0,0,Level 1
7219,23,,,,,4,18420,78,11,9,4,1,1,4,12,,2,42,6,2,2,4,10,3,,,Normal,Expert,1,0,1,Level 4
7220,44,,,,,2,14800,26,22,2,7,2,2,1,20,,9,45,15,1,4,2,18,4,,,Normal,,1,0,0,Level 3
7221,32,,,,,3,3077,55,10,10,2,3,5,1,52,,5,56,10,3,4,1,44,2,,Medium,High,Expert,1,0,0,Level 1
7222,58,,,,,2,8658,58,11,12,4,4,5,3,39,,6,58,11,3,1,4,7,4,,High,High,Expert,1,1,0,Level 2
7223,54,,,,,4,18899,25,19,5,2,1,2,4,26,,4,56,0,3,3,2,43,1,,,High,,1,1,1,Level 4
7224,42,,,,,4,14215,33,22,11,2,3,3,3,83,,3,45,18,1,4,1,22,4,,,Normal,,1,0,0,Level 3
7225,28,,,,,3,7971,74,15,2,0,3,5,4,39,,4,34,6,4,4,3,32,3,,High,Low,,1,0,1,Level 2
7226,21,,,,,2,17691,86,28,9,1,4,4,4,99,,7,49,14,1,1,3,17,3,,,High,,1,0,1,Level 4
7227,50,,,,,4,6925,41,3,2,6,2,2,1,44,,7,42,9,1,4,2,9,3,,High,Normal,New,0,1,0,Level 1
7228,21,,,,,2,5087,85,3,8,3,4,3,1,53,,2,48,15,3,2,2,42,4,,Medium,High,New,0,0,0,Level 1
7229,51,,,,,2,15763,99,1,11,0,1,4,4,83,,1,51,8,1,4,4,19,3,,,High,New,0,1,1,Level 4
7230,37,,,,,3,18685,41,15,11,3,3,2,3,59,,5,42,2,2,2,4,48,1,,,Normal,,1,0,0,Level 4
7231,32,,,,,3,11870,28,13,1,8,4,3,3,63,,1,36,15,2,4,3,45,1,,Very High,Normal,,1,0,0,Level 3
7232,24,,,,,2,16125,38,15,14,7,2,1,4,35,,9,34,2,2,3,3,41,3,,,Low,,1,0,1,Level 4
7233,29,,,,,5,11421,78,21,3,5,2,3,4,38,,3,35,1,1,3,1,40,4,,Very High,Low,,1,0,1,Level 3
7234,44,,,,,5,5828,38,18,7,5,2,4,1,0,,8,30,1,2,4,2,1,4,,Medium,Low,,1,0,0,Level 1
7235,53,,,,,1,18664,16,26,11,1,3,5,2,47,,1,49,4,3,3,1,30,4,,,High,,1,1,0,Level 4
7236,56,,,,,1,13315,66,28,6,4,4,2,2,71,,5,54,11,4,4,1,28,4,,,High,,1,1,0,Level 3
7237,49,,,,,1,5312,26,18,11,8,3,1,2,65,,1,38,13,1,1,3,30,3,,Medium,Normal,,1,0,0,Level 1
7238,26,,,,,3,10682,79,9,2,7,2,2,3,22,,6,42,5,2,1,1,27,2,,Very High,Normal,Expert,1,0,0,Level 2
7239,25,,,,,2,16279,74,18,9,3,4,3,3,60,,3,48,17,1,4,1,36,1,,,High,,1,0,0,Level 4
7240,22,,,,,4,8642,72,11,2,6,1,1,1,52,,2,51,6,3,1,3,34,3,,High,High,Expert,1,0,0,Level 2
7241,32,,,,,2,12584,99,18,6,8,2,5,4,84,,8,33,6,2,3,3,23,1,,,Low,,1,0,1,Level 3
7242,22,,,,,2,15369,56,6,1,4,4,2,4,34,,3,59,5,4,1,4,42,4,,,High,Senior,1,0,1,Level 3
7243,45,,,,,1,4660,15,26,11,1,3,2,1,64,,3,52,18,1,3,2,48,2,,Medium,High,,1,0,0,Level 1
7244,43,,,,,2,3229,36,27,3,1,1,4,1,19,,4,44,19,2,3,1,14,1,,Medium,Normal,,1,0,0,Level 1
7245,25,,,,,1,3280,86,17,5,7,4,3,1,58,,4,49,19,3,4,3,46,1,,Medium,High,,1,0,0,Level 1
7246,31,,,,,2,5455,27,24,7,7,4,4,4,51,,5,51,18,4,3,3,48,1,,Medium,High,,1,0,1,Level 1
7247,55,,,,,4,19373,92,29,3,7,2,1,2,46,,4,30,15,4,3,2,34,2,,,Low,,1,1,0,Level 4
7248,21,,,,,5,17014,79,17,9,4,4,2,3,48,,1,58,19,2,2,3,32,1,,,High,,1,0,0,Level 4
7249,30,,,,,5,18310,52,9,4,1,3,1,3,1,,1,42,1,2,4,1,12,4,,,Normal,Expert,1,0,0,Level 4
7250,58,,,,,3,19929,78,20,9,9,3,5,3,15,,8,40,3,1,4,4,14,3,,,Normal,,1,1,0,Level 4
7251,53,,,,,4,14443,90,28,3,7,2,5,3,23,,6,56,11,3,4,3,37,3,,,High,,1,1,0,Level 3
7252,45,,,,,2,16313,66,3,11,3,1,4,4,95,,5,33,10,3,1,3,19,2,,,Low,New,0,0,1,Level 4
7253,37,,,,,4,9051,94,23,12,8,1,4,2,92,,1,57,17,2,3,3,15,3,,Very High,High,,1,0,0,Level 2
7254,40,,,,,2,7246,98,24,3,9,4,4,4,4,,9,40,8,3,3,1,23,2,,High,Normal,,1,0,1,Level 2
7255,55,,,,,4,18469,46,12,13,5,2,2,1,11,,5,37,1,4,2,2,5,1,,,Normal,,1,1,0,Level 4
7256,59,,,,,4,16054,41,21,4,9,3,5,3,66,,3,32,14,4,4,2,4,2,,,Low,,1,1,0,Level 4
7257,41,,,,,5,3013,75,3,2,6,2,5,4,65,,8,52,15,4,3,1,46,3,,Medium,High,New,0,0,1,Level 1
7258,49,,,,,4,12593,76,4,14,2,4,4,3,37,,5,50,5,2,2,4,30,2,,,High,Experienced,0,0,0,Level 3
7259,49,,,,,3,18606,17,10,5,1,3,5,4,59,,2,39,11,4,3,2,44,2,,,Normal,Expert,1,0,1,Level 4
7260,27,,,,,2,13974,95,22,9,1,4,2,3,94,,8,51,5,4,4,4,10,3,,,High,,1,0,0,Level 3
7261,53,,,,,1,16067,92,28,8,2,3,3,1,69,,5,40,16,1,2,3,9,2,,,Normal,,1,1,0,Level 4
7262,28,,,,,4,8506,98,5,8,6,3,2,4,92,,7,34,16,1,1,4,31,3,,High,Low,Experienced,1,0,1,Level 2
7263,39,,,,,1,4098,45,20,8,7,3,1,3,83,,1,51,19,1,2,2,7,1,,Medium,High,,1,0,0,Level 1
7264,59,,,,,5,11116,78,3,8,3,2,1,4,67,,7,43,5,2,2,4,27,1,,Very High,Normal,New,0,1,1,Level 2
7265,44,,,,,1,16354,56,22,14,2,3,4,4,92,,5,33,3,4,2,4,21,3,,,Low,,1,0,1,Level 4
7266,38,,,,,3,11622,72,7,6,6,1,1,4,73,,4,48,3,4,2,4,16,4,,Very High,High,Senior,1,0,1,Level 3
7267,24,,,,,3,3794,57,2,13,2,1,4,1,51,,9,41,18,1,2,1,18,4,,Medium,Normal,New,0,0,0,Level 1
7268,30,,,,,5,14699,46,6,13,7,4,3,2,61,,5,54,4,3,3,4,36,4,,,High,Senior,1,0,0,Level 3
7269,34,,,,,3,11399,44,19,7,3,4,2,4,34,,5,59,3,2,2,4,45,2,,Very High,High,,1,0,1,Level 2
7270,27,,,,,2,18074,97,10,11,7,2,5,3,26,,1,52,2,2,2,1,14,4,,,High,Expert,1,0,0,Level 4
7271,38,,,,,3,5511,75,8,10,1,3,1,1,0,,8,36,4,2,4,1,22,4,,Medium,Normal,Expert,1,0,0,Level 1
7272,42,,,,,4,3579,42,16,12,7,3,3,1,40,,6,54,12,1,2,2,12,4,,Medium,High,,1,0,0,Level 1
7273,46,,,,,3,10135,59,2,14,7,3,2,4,24,,9,53,11,3,3,3,48,4,,Very High,High,New,0,0,1,Level 2
7274,59,,,,,2,5830,24,16,5,9,2,3,3,22,,1,39,15,2,2,2,21,3,,Medium,Normal,,1,1,0,Level 1
7275,51,,,,,5,9169,30,21,6,2,1,2,4,49,,5,49,17,1,3,4,22,2,,Very High,High,,1,1,1,Level 2
7276,45,,,,,3,14180,45,14,3,1,3,1,3,19,,5,51,3,1,2,4,19,3,,,High,,1,0,0,Level 3
7277,46,,,,,2,15297,24,24,5,6,4,4,1,10,,8,50,7,3,4,3,32,2,,,High,,1,0,0,Level 3
7278,38,,,,,4,12825,88,25,10,8,1,2,3,88,,6,54,1,2,3,3,25,1,,,High,,1,0,0,Level 3
7279,48,,,,,1,12712,26,13,12,9,3,2,4,70,,2,50,19,2,3,1,3,2,,,High,,1,0,1,Level 3
7280,58,,,,,1,18495,42,23,3,0,3,3,2,3,,6,50,1,4,2,1,29,2,,,High,,1,1,0,Level 4
7281,52,,,,,5,18183,32,9,5,4,1,1,4,56,,3,53,10,2,3,3,46,3,,,High,Expert,1,1,1,Level 4
7282,38,,,,,5,17879,66,9,10,2,2,3,1,5,,5,53,3,3,2,3,2,1,,,High,Expert,1,0,0,Level 4
7283,56,,,,,1,3095,42,8,1,8,3,4,1,12,,6,30,6,3,4,2,26,2,,Medium,Low,Expert,1,1,0,Level 1
7284,38,,,,,1,15076,42,7,1,7,2,5,3,97,,3,34,13,1,4,2,36,4,,,Low,Senior,1,0,0,Level 3
7285,52,,,,,5,6510,78,16,10,8,4,3,4,19,,1,42,10,4,4,2,35,3,,High,Normal,,1,1,1,Level 1
7286,35,,,,,1,8807,28,6,6,8,3,5,1,61,,7,43,5,3,1,3,28,2,,High,Normal,Senior,1,0,0,Level 2
7287,42,,,,,3,3614,22,29,8,9,3,3,3,33,,1,36,0,3,2,2,42,1,,Medium,Normal,,1,0,0,Level 1
7288,26,,,,,2,16129,17,28,4,2,3,2,3,76,,5,33,4,3,4,1,14,3,,,Low,,1,0,0,Level 4
7289,45,,,,,5,10204,88,29,13,6,3,4,3,5,,7,34,11,1,3,1,22,1,,Very High,Low,,1,0,0,Level 2
7290,51,,,,,2,10377,23,11,7,4,2,5,4,72,,4,53,17,2,4,3,43,1,,Very High,High,Expert,1,1,1,Level 2
7291,31,,,,,4,10023,61,19,5,5,2,5,1,93,,3,36,3,3,2,1,23,3,,Very High,Normal,,1,0,0,Level 2
7292,27,,,,,4,14678,77,8,2,7,1,3,3,61,,8,48,10,2,1,2,47,2,,,High,Expert,1,0,0,Level 3
7293,24,,,,,3,17306,54,19,5,9,2,4,4,26,,8,37,14,3,2,4,32,4,,,Normal,,1,0,1,Level 4
7294,47,,,,,4,10934,91,15,12,7,2,3,3,8,,5,40,6,2,4,1,34,3,,Very High,Normal,,1,0,0,Level 2
7295,24,,,,,5,11004,38,11,2,6,4,5,3,73,,3,44,0,4,2,2,5,2,,Very High,Normal,Expert,1,0,0,Level 2
7296,45,,,,,3,13337,85,9,14,0,1,4,3,37,,7,37,1,4,2,4,19,1,,,Normal,Expert,1,0,0,Level 3
7297,24,,,,,3,12251,27,16,9,0,4,3,3,0,,3,50,19,1,3,4,35,2,,,High,,1,0,0,Level 3
7298,41,,,,,5,14209,20,25,1,5,1,2,1,2,,6,56,3,3,1,2,45,1,,,High,,1,0,0,Level 3
7299,34,,,,,1,12964,88,13,3,8,3,4,4,33,,9,46,10,4,3,2,31,4,,,High,,1,0,1,Level 3
7300,32,,,,,2,8634,65,10,14,7,4,2,3,54,,5,57,13,4,4,4,11,3,,High,High,Expert,1,0,0,Level 2
7301,47,,,,,5,13186,74,10,14,0,1,4,2,35,,2,34,19,2,2,3,46,2,,,Low,Expert,1,0,0,Level 3
7302,52,,,,,1,18721,89,25,1,7,2,5,2,32,,7,57,8,1,1,3,29,3,,,High,,1,1,0,Level 4
7303,42,,,,,1,10048,43,20,5,4,4,4,2,43,,7,47,5,4,3,3,31,4,,Very High,High,,1,0,0,Level 2
7304,52,,,,,4,8657,30,9,12,1,1,2,1,47,,7,39,19,1,1,2,10,3,,High,Normal,Expert,1,1,0,Level 2
7305,37,,,,,3,11713,98,28,4,6,4,3,4,44,,5,46,18,2,4,3,42,4,,Very High,High,,1,0,1,Level 3
7306,49,,,,,3,3922,78,2,11,1,3,5,4,66,,8,39,8,2,4,1,49,3,,Medium,Normal,New,0,0,1,Level 1
7307,45,,,,,4,12396,99,1,6,3,2,2,1,51,,4,47,7,1,1,4,22,2,,,High,New,0,0,0,Level 3
7308,35,,,,,4,9485,69,8,5,3,3,1,1,30,,5,31,15,4,1,2,47,2,,Very High,Low,Expert,1,0,0,Level 2
7309,32,,,,,3,10824,43,16,7,4,2,4,1,5,,2,57,0,2,4,1,17,1,,Very High,High,,1,0,0,Level 2
7310,58,,,,,5,14312,92,22,14,5,1,1,3,15,,9,37,11,3,1,1,11,1,,,Normal,,1,1,0,Level 3
7311,52,,,,,5,12688,69,29,7,1,1,2,2,42,,5,33,3,1,4,4,3,4,,,Low,,1,1,0,Level 3
7312,45,,,,,5,9699,74,11,10,7,1,1,2,76,,5,39,7,2,4,1,5,4,,Very High,Normal,Expert,1,0,0,Level 2
7313,20,,,,,5,8355,55,26,11,8,1,2,3,96,,1,52,15,2,1,2,12,1,,High,High,,1,0,0,Level 2
7314,57,,,,,4,15183,94,9,5,2,4,5,1,64,,4,57,17,1,4,2,20,1,,,High,Expert,1,1,0,Level 3
7315,21,,,,,2,4464,23,25,10,6,1,3,3,45,,6,47,11,1,4,3,33,4,,Medium,High,,1,0,0,Level 1
7316,25,,,,,2,17583,20,19,1,3,2,3,2,59,,6,58,7,4,3,2,1,3,,,High,,1,0,0,Level 4
7317,57,,,,,3,5034,43,18,9,9,3,4,4,53,,8,41,8,1,4,2,46,4,,Medium,Normal,,1,1,1,Level 1
7318,43,,,,,2,6590,32,29,2,3,4,5,1,8,,2,52,14,2,4,4,6,1,,High,High,,1,0,0,Level 1
7319,37,,,,,5,11680,38,7,7,0,3,1,3,85,,4,55,8,2,4,1,10,2,,Very High,High,Senior,1,0,0,Level 3
7320,46,,,,,4,10367,65,21,3,4,3,5,2,49,,2,55,11,4,1,2,13,2,,Very High,High,,1,0,0,Level 2
7321,27,,,,,5,4426,31,29,10,5,4,1,2,97,,1,57,4,4,3,4,10,4,,Medium,High,,1,0,0,Level 1
7322,47,,,,,1,18604,35,10,6,4,3,5,1,33,,2,49,4,1,3,3,17,2,,,High,Expert,1,0,0,Level 4
7323,29,,,,,4,4599,97,6,5,5,1,3,4,52,,8,52,12,2,4,1,10,1,,Medium,High,Senior,1,0,1,Level 1
7324,36,,,,,1,18147,76,21,6,2,3,4,4,64,,8,34,2,2,3,1,8,3,,,Low,,1,0,1,Level 4
7325,48,,,,,1,15952,89,4,14,1,3,3,2,36,,8,32,3,2,2,3,15,2,,,Low,Experienced,0,0,0,Level 4
7326,25,,,,,3,12232,68,1,10,4,2,3,2,22,,2,47,16,4,3,3,26,2,,,High,New,0,0,0,Level 3
7327,33,,,,,1,19422,25,4,5,5,4,5,3,17,,1,39,17,4,2,3,2,1,,,Normal,Experienced,0,0,0,Level 4
7328,41,,,,,2,9438,57,26,13,9,4,1,2,11,,2,38,11,3,1,3,21,2,,Very High,Normal,,1,0,0,Level 2
7329,25,,,,,2,19570,97,29,9,5,2,5,3,4,,8,30,10,3,3,4,8,2,,,Low,,1,0,0,Level 4
7330,45,,,,,1,13601,22,29,13,4,1,1,2,19,,5,30,7,1,4,4,17,2,,,Low,,1,0,0,Level 3
7331,58,,,,,3,7557,37,29,12,1,2,2,4,82,,5,57,6,1,4,2,48,1,,High,High,,1,1,1,Level 2
7332,31,,,,,1,3668,67,3,8,0,1,4,1,54,,7,56,3,2,1,3,48,4,,Medium,High,New,0,0,0,Level 1
7333,54,,,,,4,8350,54,3,14,9,3,1,3,65,,1,45,19,3,4,4,24,2,,High,Normal,New,0,1,0,Level 2
7334,33,,,,,4,8369,23,14,1,5,3,2,2,3,,1,31,15,1,2,4,21,4,,High,Low,,1,0,0,Level 2
7335,41,,,,,4,7873,38,5,14,0,1,4,1,26,,8,36,18,4,4,4,1,2,,High,Normal,Experienced,1,0,0,Level 2
7336,42,,,,,4,7748,90,1,9,0,3,1,2,71,,6,38,18,1,3,3,24,3,,High,Normal,New,0,0,0,Level 2
7337,26,,,,,1,3181,90,11,2,5,1,3,3,33,,3,39,6,2,1,3,44,1,,Medium,Normal,Expert,1,0,0,Level 1
7338,59,,,,,5,9145,16,6,5,0,2,4,1,70,,3,56,9,1,2,4,3,2,,Very High,High,Senior,1,1,0,Level 2
7339,44,,,,,5,16581,84,2,6,1,2,4,4,28,,4,52,16,4,4,4,42,4,,,High,New,0,0,1,Level 4
7340,32,,,,,4,13288,18,13,10,0,3,5,4,39,,3,33,14,4,1,4,40,2,,,Low,,1,0,1,Level 3
7341,40,,,,,3,19289,75,1,13,6,4,4,1,81,,6,44,6,3,2,3,40,2,,,Normal,New,0,0,0,Level 4
7342,29,,,,,3,4308,91,27,1,3,2,5,2,54,,4,52,12,4,3,2,33,4,,Medium,High,,1,0,0,Level 1
7343,28,,,,,1,17190,78,8,12,3,4,2,3,57,,6,51,15,1,1,3,28,4,,,High,Expert,1,0,0,Level 4
7344,34,,,,,5,11571,50,10,14,3,4,4,4,40,,2,39,6,4,4,1,45,2,,Very High,Normal,Expert,1,0,1,Level 3
7345,21,,,,,1,16071,55,15,7,4,1,1,3,10,,3,55,1,1,4,1,14,4,,,High,,1,0,0,Level 4
7346,44,,,,,2,11747,52,3,8,8,2,4,3,71,,8,49,13,2,4,3,42,3,,Very High,High,New,0,0,0,Level 3
7347,32,,,,,4,12414,96,6,1,4,3,4,3,65,,4,41,3,1,2,3,29,1,,,Normal,Senior,1,0,0,Level 3
7348,53,,,,,2,19492,29,2,11,9,3,1,1,72,,5,36,17,1,1,1,3,4,,,Normal,New,0,1,0,Level 4
7349,53,,,,,2,9034,62,21,10,1,1,4,3,40,,9,35,3,4,4,3,24,2,,Very High,Low,,1,1,0,Level 2
7350,54,,,,,3,16409,44,25,4,7,4,5,4,5,,8,44,2,4,3,4,26,3,,,Normal,,1,1,1,Level 4
7351,57,,,,,5,14392,77,23,2,7,4,1,2,63,,4,57,4,4,4,4,24,4,,,High,,1,1,0,Level 3
7352,22,,,,,4,8720,39,20,5,8,2,3,3,28,,4,58,19,1,4,3,13,4,,High,High,,1,0,0,Level 2
7353,25,,,,,1,15254,18,3,2,3,2,4,4,13,,4,48,10,2,3,4,14,3,,,High,New,0,0,1,Level 3
7354,38,,,,,4,6927,32,9,9,2,1,4,4,78,,9,45,1,4,4,4,11,4,,High,Normal,Expert,1,0,1,Level 1
7355,22,,,,,1,5497,59,20,9,9,1,5,1,50,,3,55,19,2,1,1,4,4,,Medium,High,,1,0,0,Level 1
7356,37,,,,,1,5976,98,5,10,5,1,1,4,46,,9,47,5,2,4,1,3,1,,Medium,High,Experienced,1,0,1,Level 1
7357,58,,,,,5,3740,99,6,5,0,3,4,2,47,,8,53,6,4,2,2,38,3,,Medium,High,Senior,1,1,0,Level 1
7358,28,,,,,2,19854,79,10,5,5,4,5,4,46,,4,50,17,2,2,1,12,1,,,High,Expert,1,0,1,Level 4
7359,31,,,,,1,14907,87,21,4,4,3,3,1,4,,8,50,4,2,2,1,39,3,,,High,,1,0,0,Level 3
7360,24,,,,,5,15072,79,9,1,0,1,3,4,74,,3,52,19,4,3,4,1,1,,,High,Expert,1,0,1,Level 3
7361,22,,,,,2,16623,41,1,10,5,2,5,3,86,,4,54,12,3,2,2,14,1,,,High,New,0,0,0,Level 4
7362,30,,,,,2,16515,93,27,12,2,1,1,4,17,,8,44,0,1,2,3,22,4,,,Normal,,1,0,1,Level 4
7363,49,,,,,4,3959,74,16,3,7,4,4,1,73,,7,53,5,2,1,3,24,4,,Medium,High,,1,0,0,Level 1
7364,23,,,,,4,4559,73,6,4,2,1,5,3,46,,4,50,6,1,4,4,13,1,,Medium,High,Senior,1,0,0,Level 1
7365,24,,,,,4,18677,39,16,7,2,1,5,2,84,,1,56,1,1,2,1,5,2,,,High,,1,0,0,Level 4
7366,20,,,,,3,15553,48,20,14,6,1,5,2,69,,6,30,15,1,2,1,35,1,,,Low,,1,0,0,Level 3
7367,46,,,,,2,7991,64,20,7,0,3,2,3,75,,1,50,12,2,2,4,25,2,,High,High,,1,0,0,Level 2
7368,47,,,,,3,18329,69,3,11,9,3,3,3,5,,8,43,3,2,4,3,45,1,,,Normal,New,0,0,0,Level 4
7369,48,,,,,4,7694,24,14,7,9,2,2,3,11,,4,47,3,2,3,1,21,2,,High,High,,1,0,0,Level 2
7370,37,,,,,5,16830,72,21,7,7,3,5,1,1,,7,55,9,1,2,3,37,3,,,High,,1,0,0,Level 4
7371,31,,,,,4,7762,17,8,11,3,4,3,1,90,,7,58,9,3,2,4,29,1,,High,High,Expert,1,0,0,Level 2
7372,32,,,,,1,13120,70,20,4,4,1,4,2,76,,4,32,13,1,4,1,21,3,,,Low,,1,0,0,Level 3
7373,21,,,,,5,15027,41,23,9,4,1,4,4,75,,1,54,19,2,4,3,27,4,,,High,,1,0,1,Level 3
7374,56,,,,,5,13100,30,14,4,3,1,2,2,2,,5,32,14,1,1,4,21,3,,,Low,,1,1,0,Level 3
7375,35,,,,,2,11148,52,24,12,0,2,2,3,24,,9,30,2,2,3,4,22,2,,Very High,Low,,1,0,0,Level 2
7376,43,,,,,3,12563,67,15,6,2,3,3,2,23,,7,54,1,2,1,3,15,3,,,High,,1,0,0,Level 3
7377,54,,,,,1,13306,82,21,1,7,1,4,2,62,,5,59,3,2,2,3,18,2,,,High,,1,1,0,Level 3
7378,41,,,,,5,9508,37,10,1,1,1,2,3,45,,6,36,14,2,4,3,34,1,,Very High,Normal,Expert,1,0,0,Level 2
7379,55,,,,,3,14152,97,17,6,7,1,5,1,32,,1,42,11,2,2,2,2,2,,,Normal,,1,1,0,Level 3
7380,30,,,,,3,18312,70,8,1,3,2,5,1,70,,9,53,9,1,3,1,43,2,,,High,Expert,1,0,0,Level 4
7381,48,,,,,1,6231,93,26,1,8,4,2,3,10,,6,37,8,1,2,4,30,1,,High,Normal,,1,0,0,Level 1
7382,54,,,,,1,18151,89,19,6,7,3,1,3,5,,2,47,9,3,1,4,2,2,,,High,,1,1,0,Level 4
7383,34,,,,,4,15315,67,4,8,7,2,2,4,95,,6,44,0,4,2,1,35,2,,,Normal,Experienced,0,0,1,Level 3
7384,50,,,,,4,19059,88,10,9,3,3,1,2,88,,3,40,15,2,2,2,30,1,,,Normal,Expert,1,1,0,Level 4
7385,35,,,,,5,16748,86,23,6,1,4,4,2,49,,5,40,9,4,1,1,17,4,,,Normal,,1,0,0,Level 4
7386,29,,,,,5,5313,81,25,1,7,1,2,2,68,,3,40,3,1,2,1,13,1,,Medium,Normal,,1,0,0,Level 1
7387,51,,,,,5,10136,33,4,12,6,4,4,1,75,,6,58,5,2,1,4,33,3,,Very High,High,Experienced,0,1,0,Level 2
7388,21,,,,,4,6562,18,29,7,1,2,2,1,84,,1,49,16,2,1,1,15,2,,High,High,,1,0,0,Level 1
7389,43,,,,,5,12624,43,20,14,6,4,2,2,63,,2,39,0,2,1,3,3,1,,,Normal,,1,0,0,Level 3
7390,42,,,,,5,13149,59,22,2,0,2,5,3,97,,1,46,6,3,4,1,33,3,,,High,,1,0,0,Level 3
7391,21,,,,,4,13496,35,25,7,5,2,5,4,71,,3,59,4,2,1,1,11,4,,,High,,1,0,1,Level 3
7392,57,,,,,4,4359,68,4,10,6,3,1,3,61,,1,38,2,4,1,4,11,1,,Medium,Normal,Experienced,0,1,0,Level 1
7393,50,,,,,5,10883,87,10,10,1,4,4,3,78,,1,34,18,4,4,3,26,4,,Very High,Low,Expert,1,1,0,Level 2
7394,59,,,,,5,11264,66,24,4,1,2,3,1,56,,4,57,14,4,4,3,21,1,,Very High,High,,1,1,0,Level 2
7395,45,,,,,3,16324,32,3,1,7,4,1,2,16,,9,55,8,1,2,1,42,4,,,High,New,0,0,0,Level 4
7396,48,,,,,2,8120,97,18,11,1,2,2,3,69,,8,35,5,1,4,2,39,1,,High,Low,,1,0,0,Level 2
7397,22,,,,,4,12374,31,14,9,9,1,2,4,21,,7,52,18,3,1,1,30,2,,,High,,1,0,1,Level 3
7398,33,,,,,2,8628,58,20,13,1,4,5,4,22,,1,41,4,4,1,2,30,3,,High,Normal,,1,0,1,Level 2
7399,44,,,,,4,11674,38,14,1,4,2,1,1,45,,2,55,17,3,3,2,14,4,,Very High,High,,1,0,0,Level 3
7400,20,,,,,3,5242,20,29,7,3,1,2,3,48,,5,35,15,3,3,4,39,4,,Medium,Low,,1,0,0,Level 1
7401,22,,,,,2,11594,41,20,14,0,4,4,1,69,,4,56,17,1,1,1,39,2,,Very High,High,,1,0,0,Level 3
7402,45,,,,,3,9147,61,23,6,7,1,3,2,19,,1,58,17,3,3,1,13,2,,Very High,High,,1,0,0,Level 2
7403,37,,,,,1,3764,60,14,7,3,2,3,4,96,,6,57,18,1,1,4,49,4,,Medium,High,,1,0,1,Level 1
7404,28,,,,,2,4835,49,7,10,8,1,4,3,25,,1,38,0,4,2,2,14,3,,Medium,Normal,Senior,1,0,0,Level 1
7405,57,,,,,2,13781,71,9,1,1,3,1,4,62,,3,40,12,1,1,3,29,2,,,Normal,Expert,1,1,1,Level 3
7406,42,,,,,2,11995,26,26,1,1,3,1,1,18,,3,39,7,4,4,4,45,4,,Very High,Normal,,1,0,0,Level 3
7407,40,,,,,1,9068,43,2,6,5,3,3,2,3,,1,36,11,2,3,1,34,3,,Very High,Normal,New,0,0,0,Level 2
7408,20,,,,,1,15409,71,20,13,1,4,3,4,71,,5,58,8,3,4,2,47,2,,,High,,1,0,1,Level 3
7409,40,,,,,3,16552,84,3,8,1,4,4,1,55,,8,32,3,2,1,2,42,4,,,Low,New,0,0,0,Level 4
7410,46,,,,,1,6124,69,12,11,5,1,3,3,91,,8,43,19,1,1,4,3,2,,High,Normal,,1,0,0,Level 1
7411,25,,,,,4,6195,51,19,3,5,4,4,3,34,,1,48,14,1,4,3,38,1,,High,High,,1,0,0,Level 1
7412,55,,,,,5,16399,85,16,10,7,4,4,3,91,,4,32,15,3,2,4,16,1,,,Low,,1,1,0,Level 4
7413,47,,,,,2,9995,84,7,14,9,3,5,1,42,,2,56,0,1,4,4,14,3,,Very High,High,Senior,1,0,0,Level 2
7414,36,,,,,3,15844,67,12,11,0,4,5,3,83,,7,50,13,4,3,4,35,3,,,High,,1,0,0,Level 4
7415,59,,,,,3,14152,97,10,2,0,3,2,3,50,,6,52,12,4,4,4,46,1,,,High,Expert,1,1,0,Level 3
7416,22,,,,,3,16887,28,22,4,6,1,4,3,25,,1,51,10,2,4,2,41,2,,,High,,1,0,0,Level 4
7417,31,,,,,3,9841,35,3,8,8,2,4,3,47,,2,50,16,4,2,1,26,4,,Very High,High,New,0,0,0,Level 2
7418,58,,,,,2,5256,92,8,13,6,1,2,3,31,,6,49,17,4,1,3,37,1,,Medium,High,Expert,1,1,0,Level 1
7419,31,,,,,3,19818,28,24,9,3,1,5,4,93,,8,58,16,1,4,3,31,3,,,High,,1,0,1,Level 4
7420,21,,,,,2,14315,67,7,13,8,2,4,1,21,,5,34,14,2,2,3,33,1,,,Low,Senior,1,0,0,Level 3
7421,41,,,,,3,11078,81,9,11,5,3,1,4,50,,1,43,5,4,3,1,44,3,,Very High,Normal,Expert,1,0,1,Level 2
7422,42,,,,,3,9019,93,19,6,9,4,3,3,31,,4,59,11,2,2,4,45,2,,Very High,High,,1,0,0,Level 2
7423,49,,,,,5,3849,99,5,7,0,3,3,2,83,,6,44,6,1,1,1,32,4,,Medium,Normal,Experienced,1,0,0,Level 1
7424,24,,,,,4,9210,62,22,1,5,4,2,3,13,,4,30,11,1,4,2,28,2,,Very High,Low,,1,0,0,Level 2
7425,28,,,,,1,17417,92,9,5,9,1,5,1,75,,4,43,11,3,4,4,7,3,,,Normal,Expert,1,0,0,Level 4
7426,40,,,,,1,11144,70,16,13,5,3,3,3,0,,5,51,8,4,4,3,42,1,,Very High,High,,1,0,0,Level 2
7427,30,,,,,1,16001,53,20,6,0,1,2,4,42,,2,46,9,2,3,1,10,1,,,High,,1,0,1,Level 4
7428,24,,,,,4,8788,55,21,14,7,1,2,3,22,,8,36,12,2,3,1,21,4,,High,Normal,,1,0,0,Level 2
7429,54,,,,,2,18987,62,9,10,4,4,5,1,27,,2,47,11,3,4,2,28,4,,,High,Expert,1,1,0,Level 4
7430,46,,,,,1,5161,42,12,14,3,3,5,1,21,,8,33,1,4,2,1,13,4,,Medium,Low,,1,0,0,Level 1
7431,21,,,,,1,11951,16,27,6,9,1,1,3,48,,9,57,15,3,2,4,22,4,,Very High,High,,1,0,0,Level 3
7432,43,,,,,1,4646,36,20,6,0,4,2,3,9,,1,31,1,2,4,1,21,1,,Medium,Low,,1,0,0,Level 1
7433,50,,,,,2,16247,85,15,7,4,3,2,4,60,,4,54,18,4,2,2,40,2,,,High,,1,1,1,Level 4
7434,52,,,,,4,11423,75,18,4,0,2,1,1,35,,5,42,18,2,2,3,45,2,,Very High,Normal,,1,1,0,Level 3
7435,58,,,,,4,12786,94,9,5,2,1,4,4,88,,3,51,7,1,2,3,26,4,,,High,Expert,1,1,1,Level 3
7436,49,,,,,2,19945,50,27,6,9,3,5,1,31,,5,33,18,3,2,3,47,4,,,Low,,1,0,0,Level 4
7437,56,,,,,5,4806,80,28,9,0,2,1,3,22,,4,59,3,4,4,3,12,3,,Medium,High,,1,1,0,Level 1
7438,47,,,,,3,3875,95,3,4,9,1,3,1,82,,3,31,13,2,4,3,2,2,,Medium,Low,New,0,0,0,Level 1
7439,50,,,,,2,9514,63,11,4,2,2,2,3,45,,4,37,5,1,2,2,35,3,,Very High,Normal,Expert,1,1,0,Level 2
7440,30,,,,,3,12748,17,6,7,1,1,2,4,16,,5,42,14,1,4,4,17,2,,,Normal,Senior,1,0,1,Level 3
7441,42,,,,,4,16010,37,9,14,3,3,5,4,52,,1,33,5,3,2,3,12,3,,,Low,Expert,1,0,1,Level 4
7442,21,,,,,3,5476,73,3,1,6,2,4,3,51,,9,58,10,2,2,1,42,3,,Medium,High,New,0,0,0,Level 1
7443,59,,,,,1,10761,42,24,12,0,2,4,2,49,,4,53,1,4,4,2,18,2,,Very High,High,,1,1,0,Level 2
7444,46,,,,,3,16321,86,9,11,6,2,5,2,41,,4,38,5,4,2,2,6,4,,,Normal,Expert,1,0,0,Level 4
7445,54,,,,,3,19300,47,3,7,5,3,5,3,53,,4,55,7,2,3,4,14,2,,,High,New,0,1,0,Level 4
7446,21,,,,,4,3676,82,19,8,3,1,4,1,61,,2,38,12,3,4,1,19,1,,Medium,Normal,,1,0,0,Level 1
7447,58,,,,,5,11616,85,4,12,8,3,5,1,23,,2,52,12,3,2,3,49,2,,Very High,High,Experienced,0,1,0,Level 3
7448,56,,,,,3,4600,25,13,2,6,2,4,2,56,,1,38,5,2,1,1,44,3,,Medium,Normal,,1,1,0,Level 1
7449,40,,,,,4,4340,22,17,4,9,2,1,2,5,,9,44,13,2,1,4,29,3,,Medium,Normal,,1,0,0,Level 1
7450,24,,,,,1,10934,34,2,13,9,2,2,3,82,,3,30,9,4,1,1,48,3,,Very High,Low,New,0,0,0,Level 2
7451,40,,,,,3,3167,76,16,14,4,4,5,3,82,,8,48,13,2,3,4,7,4,,Medium,High,,1,0,0,Level 1
7452,48,,,,,3,11208,57,1,4,1,3,3,1,75,,3,30,16,2,4,4,31,2,,Very High,Low,New,0,0,0,Level 2
7453,39,,,,,1,10052,89,3,10,0,2,3,2,31,,4,59,13,4,1,4,6,4,,Very High,High,New,0,0,0,Level 2
7454,57,,,,,2,4545,84,16,10,1,1,3,2,24,,2,34,19,4,4,4,36,3,,Medium,Low,,1,1,0,Level 1
7455,39,,,,,5,6813,21,6,6,8,1,4,1,63,,1,35,2,3,3,4,47,2,,High,Low,Senior,1,0,0,Level 1
7456,44,,,,,1,4497,24,8,7,1,3,1,4,95,,9,30,9,1,2,4,25,4,,Medium,Low,Expert,1,0,1,Level 1
7457,21,,,,,1,3542,54,5,7,4,1,1,1,3,,4,51,4,1,2,3,42,2,,Medium,High,Experienced,1,0,0,Level 1
7458,51,,,,,1,17641,18,8,4,7,3,5,2,38,,2,48,4,4,4,2,21,3,,,High,Expert,1,1,0,Level 4
7459,45,,,,,2,19762,87,22,3,7,3,1,4,1,,9,31,5,3,1,4,16,2,,,Low,,1,0,1,Level 4
7460,25,,,,,1,7435,33,1,4,8,2,3,3,22,,5,51,1,3,4,1,5,4,,High,High,New,0,0,0,Level 2
7461,22,,,,,2,7302,52,19,9,3,3,1,4,70,,2,49,4,4,3,2,19,3,,High,High,,1,0,1,Level 2
7462,52,,,,,5,14685,36,2,10,9,2,5,3,83,,6,37,7,2,2,4,27,4,,,Normal,New,0,1,0,Level 3
7463,20,,,,,2,9282,15,6,12,6,1,2,4,35,,9,31,14,1,4,1,35,1,,Very High,Low,Senior,1,0,1,Level 2
7464,24,,,,,5,12037,67,24,11,8,1,3,3,59,,9,45,9,4,4,4,7,2,,,Normal,,1,0,0,Level 3
7465,32,,,,,5,17719,35,6,7,6,2,4,1,52,,2,44,9,2,3,4,4,1,,,Normal,Senior,1,0,0,Level 4
7466,38,,,,,5,6852,21,20,3,0,2,3,4,16,,5,35,18,4,1,4,30,3,,High,Low,,1,0,1,Level 1
7467,31,,,,,4,3673,21,20,3,5,1,5,1,85,,3,31,3,4,3,3,40,2,,Medium,Low,,1,0,0,Level 1
7468,44,,,,,5,6520,91,9,5,1,3,3,2,70,,5,31,1,1,4,4,28,2,,High,Low,Expert,1,0,0,Level 1
7469,54,,,,,2,17180,37,1,8,6,4,1,1,86,,9,46,1,4,1,4,33,1,,,High,New,0,1,0,Level 4
7470,31,,,,,4,14231,74,2,5,8,2,5,2,77,,9,45,3,2,1,3,16,2,,,Normal,New,0,0,0,Level 3
7471,49,,,,,1,5057,32,20,13,6,2,5,1,73,,1,53,18,2,1,1,27,4,,Medium,High,,1,0,0,Level 1
7472,24,,,,,1,15150,85,19,6,7,4,2,2,64,,8,49,16,1,4,3,14,2,,,High,,1,0,0,Level 3
7473,53,,,,,3,9147,80,16,9,1,2,3,4,59,,3,34,12,3,2,1,18,3,,Very High,Low,,1,1,1,Level 2
7474,41,,,,,5,16972,67,9,9,9,3,3,3,80,,8,53,16,2,1,1,42,4,,,High,Expert,1,0,0,Level 4
7475,58,,,,,3,5653,33,5,6,4,3,3,3,39,,8,44,8,4,4,4,18,3,,Medium,Normal,Experienced,1,1,0,Level 1
7476,32,,,,,5,12253,78,24,12,9,4,5,4,77,,9,55,19,2,1,4,22,1,,,High,,1,0,1,Level 3
7477,22,,,,,5,10256,28,20,5,0,4,1,3,48,,2,59,11,1,3,4,40,2,,Very High,High,,1,0,0,Level 2
7478,39,,,,,2,14413,39,11,13,2,4,2,4,55,,3,30,7,4,3,4,4,2,,,Low,Expert,1,0,1,Level 3
7479,50,,,,,2,9749,47,20,8,0,2,2,2,80,,2,43,10,1,4,3,20,3,,Very High,Normal,,1,1,0,Level 2
7480,24,,,,,1,14576,62,14,1,1,4,4,4,9,,7,48,8,3,4,3,44,3,,,High,,1,0,1,Level 3
7481,43,,,,,4,8106,53,26,11,3,1,2,4,81,,6,39,16,3,1,3,16,1,,High,Normal,,1,0,1,Level 2
7482,59,,,,,1,6075,98,13,3,5,3,3,4,34,,4,51,2,2,3,2,31,3,,High,High,,1,1,1,Level 1
7483,52,,,,,5,9733,19,27,6,0,2,4,4,9,,9,48,0,4,2,4,8,2,,Very High,High,,1,1,1,Level 2
7484,27,,,,,4,7805,35,3,8,8,3,4,2,42,,1,38,13,4,1,2,12,4,,High,Normal,New,0,0,0,Level 2
7485,43,,,,,3,17661,73,25,6,0,1,1,3,19,,1,40,19,1,3,2,20,4,,,Normal,,1,0,0,Level 4
7486,39,,,,,5,13152,91,26,14,7,4,2,1,79,,9,55,11,3,1,1,42,1,,,High,,1,0,0,Level 3
7487,35,,,,,2,4024,28,2,10,0,3,2,2,16,,5,55,6,4,2,4,15,2,,Medium,High,New,0,0,0,Level 1
7488,31,,,,,1,19315,77,27,6,0,1,3,4,38,,5,32,19,1,1,3,38,3,,,Low,,1,0,1,Level 4
7489,32,,,,,1,10619,68,16,4,7,4,1,1,49,,1,41,3,2,2,1,28,2,,Very High,Normal,,1,0,0,Level 2
7490,58,,,,,3,4991,94,28,12,1,4,5,3,91,,2,31,13,4,3,2,17,3,,Medium,Low,,1,1,0,Level 1
7491,44,,,,,1,18791,59,11,7,0,4,5,4,72,,3,35,6,4,1,4,16,4,,,Low,Expert,1,0,1,Level 4
7492,51,,,,,1,7747,64,3,7,6,3,5,3,83,,8,33,11,1,2,1,8,3,,High,Low,New,0,1,0,Level 2
7493,43,,,,,4,4646,55,15,13,0,2,4,1,69,,4,41,9,3,1,1,12,3,,Medium,Normal,,1,0,0,Level 1
7494,28,,,,,5,17559,15,3,1,3,2,5,2,76,,1,47,14,1,2,1,21,3,,,High,New,0,0,0,Level 4
7495,59,,,,,4,3750,16,27,12,9,2,3,4,72,,8,49,17,4,1,4,30,1,,Medium,High,,1,1,1,Level 1
7496,42,,,,,4,3842,86,27,3,9,1,5,1,47,,1,44,2,1,3,3,24,4,,Medium,Normal,,1,0,0,Level 1
7497,32,,,,,1,16859,27,19,9,8,4,2,3,32,,2,56,9,3,2,3,36,3,,,High,,1,0,0,Level 4
7498,51,,,,,5,14620,33,4,13,9,1,1,1,34,,8,54,5,2,4,3,41,1,,,High,Experienced,0,1,0,Level 3
7499,34,,,,,1,16699,65,21,6,2,3,1,4,21,,8,50,16,1,1,1,33,3,,,High,,1,0,1,Level 4
7500,55,,,,,1,16340,16,22,13,5,2,2,2,22,,1,36,11,1,2,1,44,1,,,Normal,,1,1,0,Level 4
7501,24,,,,,4,7071,24,5,4,9,3,1,3,45,,2,55,16,3,3,3,12,4,,High,High,Experienced,1,0,0,Level 1
7502,41,,,,,2,14466,83,9,8,8,1,1,1,88,,8,39,12,4,4,4,26,1,,,Normal,Expert,1,0,0,Level 3
7503,35,,,,,2,5374,44,7,12,3,2,2,1,99,,4,47,3,2,3,2,4,2,,Medium,High,Senior,1,0,0,Level 1
7504,29,,,,,4,16365,79,23,7,2,3,3,1,6,,9,41,1,1,3,2,19,4,,,Normal,,1,0,0,Level 4
7505,43,,,,,4,8609,58,23,14,4,3,4,2,14,,3,55,5,2,4,2,43,3,,High,High,,1,0,0,Level 2
7506,37,,,,,1,16309,56,13,10,6,3,5,4,92,,8,36,15,2,2,3,45,1,,,Normal,,1,0,1,Level 4
7507,37,,,,,5,14812,17,28,14,4,3,2,4,71,,7,48,6,1,2,3,38,3,,,High,,1,0,1,Level 3
7508,26,,,,,1,3279,44,27,6,3,1,2,1,36,,8,46,19,2,4,4,27,1,,Medium,High,,1,0,0,Level 1
7509,23,,,,,1,5270,51,23,4,0,1,1,1,73,,9,42,11,3,1,2,40,2,,Medium,Normal,,1,0,0,Level 1
7510,45,,,,,3,13347,42,18,4,5,4,5,1,73,,4,45,19,4,1,2,2,2,,,Normal,,1,0,0,Level 3
7511,24,,,,,1,9861,65,24,8,3,3,4,4,59,,5,53,3,4,1,2,5,3,,Very High,High,,1,0,1,Level 2
7512,35,,,,,5,19985,99,15,3,5,1,4,2,49,,7,49,8,4,3,2,15,4,,,High,,1,0,0,Level 4
7513,54,,,,,1,3960,27,12,11,5,2,2,1,12,,6,54,8,2,2,4,48,1,,Medium,High,,1,1,0,Level 1
7514,45,,,,,4,6077,54,10,9,3,2,3,4,18,,3,39,9,2,1,1,37,4,,High,Normal,Expert,1,0,1,Level 1
7515,37,,,,,5,3506,40,17,8,7,4,3,4,48,,8,39,18,1,3,1,38,4,,Medium,Normal,,1,0,1,Level 1
7516,48,,,,,4,13014,44,6,4,3,3,2,2,22,,2,53,1,2,4,1,35,3,,,High,Senior,1,0,0,Level 3
7517,42,,,,,3,15480,38,28,12,4,4,3,2,54,,1,31,5,4,2,2,16,3,,,Low,,1,0,0,Level 3
7518,33,,,,,3,5803,52,11,13,4,2,5,3,14,,6,47,3,3,1,2,9,2,,Medium,High,Expert,1,0,0,Level 1
7519,34,,,,,5,8299,83,3,3,1,2,3,3,80,,1,42,19,2,2,2,22,4,,High,Normal,New,0,0,0,Level 2
7520,52,,,,,2,13309,30,6,13,7,4,5,2,9,,1,54,4,1,4,4,27,4,,,High,Senior,1,1,0,Level 3
7521,44,,,,,2,19092,69,22,4,7,3,3,2,55,,9,36,2,3,2,2,12,2,,,Normal,,1,0,0,Level 4
7522,40,,,,,5,8149,63,24,11,9,1,4,3,62,,1,44,9,4,1,4,5,1,,High,Normal,,1,0,0,Level 2
7523,36,,,,,5,3733,94,20,12,7,4,2,2,56,,9,33,12,4,2,2,39,1,,Medium,Low,,1,0,0,Level 1
7524,42,,,,,4,7555,66,12,2,0,4,5,4,45,,3,50,3,4,4,1,24,2,,High,High,,1,0,1,Level 2
7525,36,,,,,3,4661,63,3,6,6,4,4,3,32,,2,49,10,1,3,4,34,3,,Medium,High,New,0,0,0,Level 1
7526,33,,,,,5,7553,78,2,13,2,3,2,1,55,,3,54,10,2,4,1,14,4,,High,High,New,0,0,0,Level 2
7527,48,,,,,1,7662,62,28,3,0,4,4,3,17,,2,31,4,1,4,2,21,1,,High,Low,,1,0,0,Level 2
7528,39,,,,,4,3969,88,22,3,4,3,5,4,67,,2,38,13,1,4,1,6,4,,Medium,Normal,,1,0,1,Level 1
7529,49,,,,,3,3261,96,3,12,3,1,3,1,58,,1,31,9,3,2,3,48,3,,Medium,Low,New,0,0,0,Level 1
7530,38,,,,,4,18208,52,13,12,6,1,2,2,3,,4,56,9,2,1,2,39,1,,,High,,1,0,0,Level 4
7531,58,,,,,3,6599,31,20,1,0,4,4,1,14,,5,45,18,3,1,3,20,2,,High,Normal,,1,1,0,Level 1
7532,32,,,,,1,19769,55,9,8,0,1,3,4,30,,4,44,14,3,2,4,22,4,,,Normal,Expert,1,0,1,Level 4
7533,37,,,,,3,17911,68,23,8,7,4,1,4,1,,1,37,5,3,4,1,36,3,,,Normal,,1,0,1,Level 4
7534,42,,,,,4,15540,54,17,9,3,2,5,2,75,,2,52,1,4,4,4,40,1,,,High,,1,0,0,Level 3
7535,52,,,,,3,4034,45,14,13,8,1,5,1,61,,3,42,0,2,2,1,34,2,,Medium,Normal,,1,1,0,Level 1
7536,58,,,,,4,16954,40,20,11,9,2,3,3,32,,1,58,7,1,2,2,34,3,,,High,,1,1,0,Level 4
7537,59,,,,,5,4806,90,27,12,9,1,3,1,45,,3,45,19,2,4,2,32,1,,Medium,Normal,,1,1,0,Level 1
7538,37,,,,,1,15355,32,8,5,4,4,2,4,49,,6,36,8,3,4,3,4,4,,,Normal,Expert,1,0,1,Level 3
7539,28,,,,,4,17160,49,26,11,5,3,4,4,19,,9,48,6,1,1,1,29,1,,,High,,1,0,1,Level 4
7540,52,,,,,2,4600,89,4,4,1,1,1,2,65,,2,48,1,3,3,3,47,2,,Medium,High,Experienced,0,1,0,Level 1
7541,51,,,,,2,7790,70,1,9,2,3,2,3,64,,7,44,3,3,4,3,18,2,,High,Normal,New,0,1,0,Level 2
7542,36,,,,,3,16484,44,10,3,6,4,2,1,83,,6,41,8,4,2,4,41,1,,,Normal,Expert,1,0,0,Level 4
7543,38,,,,,5,5069,59,13,4,6,4,1,3,23,,6,49,6,2,2,2,21,1,,Medium,High,,1,0,0,Level 1
7544,46,,,,,5,10209,89,2,8,5,3,5,1,13,,1,52,13,3,3,2,22,4,,Very High,High,New,0,0,0,Level 2
7545,25,,,,,2,14467,66,5,13,3,1,2,4,48,,2,33,13,4,3,1,8,2,,,Low,Experienced,1,0,1,Level 3
7546,54,,,,,3,14786,82,6,13,9,2,5,2,40,,4,49,17,3,1,3,23,2,,,High,Senior,1,1,0,Level 3
7547,56,,,,,5,19008,69,1,2,3,2,4,4,28,,3,55,7,3,3,3,12,3,,,High,New,0,1,1,Level 4
7548,53,,,,,5,16050,24,5,3,7,4,3,1,20,,3,46,8,2,1,2,17,4,,,High,Experienced,1,1,0,Level 4
7549,39,,,,,3,17048,68,24,13,8,4,4,4,31,,4,59,0,4,3,3,36,1,,,High,,1,0,1,Level 4
7550,44,,,,,4,11530,48,15,11,7,4,3,2,58,,6,35,7,1,1,4,39,1,,Very High,Low,,1,0,0,Level 3
7551,23,,,,,2,10966,77,8,13,7,2,2,4,52,,7,50,10,4,4,2,29,1,,Very High,High,Expert,1,0,1,Level 2
7552,29,,,,,5,11465,45,18,3,4,4,3,3,86,,3,37,17,3,1,3,44,3,,Very High,Normal,,1,0,0,Level 3
7553,29,,,,,4,10051,78,25,11,1,4,1,4,92,,9,31,4,1,4,1,28,2,,Very High,Low,,1,0,1,Level 2
7554,43,,,,,4,7528,64,18,8,9,4,1,3,77,,1,36,2,4,4,4,9,4,,High,Normal,,1,0,0,Level 2
7555,40,,,,,4,11064,42,4,11,1,3,4,2,62,,1,59,19,1,4,4,18,1,,Very High,High,Experienced,0,0,0,Level 2
7556,30,,,,,4,13630,51,26,2,1,4,1,2,70,,3,33,9,2,4,4,17,2,,,Low,,1,0,0,Level 3
7557,46,,,,,1,13113,46,20,8,5,2,4,3,22,,1,36,5,3,2,2,18,3,,,Normal,,1,0,0,Level 3
7558,35,,,,,1,4283,95,20,7,9,3,5,4,80,,5,38,12,3,3,1,14,4,,Medium,Normal,,1,0,1,Level 1
7559,45,,,,,3,7091,49,7,1,4,1,5,2,33,,3,30,3,2,2,3,44,4,,High,Low,Senior,1,0,0,Level 1
7560,49,,,,,2,5221,71,8,14,3,2,4,1,95,,4,40,11,4,1,3,32,3,,Medium,Normal,Expert,1,0,0,Level 1
7561,35,,,,,3,12939,75,29,8,3,4,4,3,36,,5,47,6,1,3,4,41,3,,,High,,1,0,0,Level 3
7562,26,,,,,1,14458,99,24,11,7,1,4,4,4,,3,36,18,2,4,4,18,1,,,Normal,,1,0,1,Level 3
7563,35,,,,,3,10121,46,20,1,9,1,3,4,41,,7,31,12,3,4,3,13,1,,Very High,Low,,1,0,1,Level 2
7564,54,,,,,3,9415,22,13,14,1,3,1,4,83,,3,34,11,1,3,4,29,2,,Very High,Low,,1,1,1,Level 2
7565,35,,,,,4,15595,94,4,9,4,4,3,2,71,,9,45,4,1,1,1,39,3,,,Normal,Experienced,0,0,0,Level 3
7566,59,,,,,5,5642,49,22,1,6,3,3,2,71,,3,37,1,4,4,2,26,4,,Medium,Normal,,1,1,0,Level 1
7567,31,,,,,1,3555,37,25,5,6,4,3,1,87,,9,57,10,1,2,1,22,4,,Medium,High,,1,0,0,Level 1
7568,54,,,,,1,5254,52,21,8,7,4,5,1,24,,5,49,11,1,3,2,31,2,,Medium,High,,1,1,0,Level 1
7569,40,,,,,3,4140,33,18,4,2,3,5,1,45,,4,33,4,4,1,2,1,3,,Medium,Low,,1,0,0,Level 1
7570,55,,,,,5,17213,68,13,6,1,4,3,1,26,,7,35,11,3,3,4,16,1,,,Low,,1,1,0,Level 4
7571,36,,,,,3,14996,59,14,1,7,3,2,1,95,,2,31,4,1,3,4,25,4,,,Low,,1,0,0,Level 3
7572,51,,,,,2,17253,50,9,3,8,2,3,2,6,,5,44,7,2,1,2,12,2,,,Normal,Expert,1,1,0,Level 4
7573,25,,,,,1,8745,63,12,12,0,3,2,3,59,,9,59,2,4,1,2,41,1,,High,High,,1,0,0,Level 2
7574,43,,,,,4,18660,74,9,5,8,1,2,3,11,,3,59,12,1,4,3,12,2,,,High,Expert,1,0,0,Level 4
7575,46,,,,,4,10592,70,27,2,7,2,1,4,6,,8,35,18,4,1,4,46,4,,Very High,Low,,1,0,1,Level 2
7576,39,,,,,4,6099,87,1,1,6,2,4,4,44,,3,44,1,1,2,2,44,1,,High,Normal,New,0,0,1,Level 1
7577,44,,,,,1,4240,78,9,9,7,4,3,4,7,,3,31,1,2,2,2,31,2,,Medium,Low,Expert,1,0,1,Level 1
7578,21,,,,,1,10931,76,7,13,2,2,3,2,3,,3,35,13,1,2,2,11,1,,Very High,Low,Senior,1,0,0,Level 2
7579,28,,,,,4,15317,73,1,8,1,2,3,1,27,,6,44,1,2,3,3,1,3,,,Normal,New,0,0,0,Level 3
7580,47,,,,,1,18615,15,2,3,3,3,4,4,45,,7,30,3,3,4,2,6,3,,,Low,New,0,0,1,Level 4
7581,57,,,,,4,15958,95,18,6,6,2,2,4,60,,7,59,14,1,3,2,5,3,,,High,,1,1,1,Level 4
7582,22,,,,,2,16707,91,8,8,1,2,3,4,79,,1,33,4,3,2,1,19,1,,,Low,Expert,1,0,1,Level 4
7583,39,,,,,2,16293,19,1,14,6,2,3,1,39,,8,33,0,4,1,4,47,1,,,Low,New,0,0,0,Level 4
7584,25,,,,,2,4106,33,27,6,6,3,4,2,33,,6,32,9,1,3,3,32,2,,Medium,Low,,1,0,0,Level 1
7585,58,,,,,3,13644,72,3,8,9,3,5,3,26,,7,46,1,3,4,3,5,3,,,High,New,0,1,0,Level 3
7586,52,,,,,3,10177,71,29,3,8,2,4,3,25,,5,49,17,3,2,4,11,3,,Very High,High,,1,1,0,Level 2
7587,20,,,,,5,14543,56,1,12,2,2,4,2,10,,7,44,5,3,4,2,44,3,,,Normal,New,0,0,0,Level 3
7588,56,,,,,5,19664,87,21,4,8,4,5,1,0,,1,50,11,2,4,3,29,2,,,High,,1,1,0,Level 4
7589,25,,,,,5,12907,20,20,8,6,1,1,3,20,,1,36,18,2,2,2,7,4,,,Normal,,1,0,0,Level 3
7590,53,,,,,2,12305,99,3,11,7,2,4,1,31,,8,41,15,3,4,3,42,3,,,Normal,New,0,1,0,Level 3
7591,34,,,,,2,13368,36,8,10,2,1,4,4,74,,6,36,5,1,3,2,27,2,,,Normal,Expert,1,0,1,Level 3
7592,45,,,,,2,7404,67,12,11,4,1,3,2,86,,2,31,3,1,4,3,28,1,,High,Low,,1,0,0,Level 2
7593,33,,,,,1,13179,71,7,10,6,4,2,3,59,,6,33,9,3,4,2,20,1,,,Low,Senior,1,0,0,Level 3
7594,26,,,,,1,6021,65,20,13,7,2,2,2,67,,4,34,19,2,1,1,14,2,,High,Low,,1,0,0,Level 1
7595,50,,,,,2,12720,19,1,8,5,3,4,1,1,,3,53,4,4,4,3,44,3,,,High,New,0,1,0,Level 3
7596,43,,,,,4,14031,36,23,6,5,3,2,1,83,,9,48,9,3,3,2,42,3,,,High,,1,0,0,Level 3
7597,50,,,,,5,15570,21,3,10,4,2,3,1,91,,4,44,13,4,4,3,32,4,,,Normal,New,0,1,0,Level 3
7598,48,,,,,3,4130,78,21,14,3,1,4,4,53,,6,53,4,2,3,3,17,1,,Medium,High,,1,0,1,Level 1
7599,51,,,,,5,11023,71,12,13,6,3,4,4,8,,3,31,4,4,3,3,45,3,,Very High,Low,,1,1,1,Level 2
7600,36,,,,,4,10616,40,8,14,9,3,4,4,68,,6,52,8,1,2,1,28,2,,Very High,High,Expert,1,0,1,Level 2
7601,33,,,,,1,14596,39,9,6,4,1,3,2,9,,8,30,3,2,3,2,24,3,,,Low,Expert,1,0,0,Level 3
7602,59,,,,,2,9739,83,15,9,7,4,2,2,72,,2,57,13,3,1,3,11,4,,Very High,High,,1,1,0,Level 2
7603,55,,,,,1,19291,46,26,8,0,4,4,4,2,,6,40,9,2,3,3,46,2,,,Normal,,1,1,1,Level 4
7604,43,,,,,1,10504,22,11,3,7,3,5,3,30,,6,56,1,2,1,4,29,2,,Very High,High,Expert,1,0,0,Level 2
7605,46,,,,,4,4929,23,26,7,4,1,4,1,98,,5,34,13,2,2,3,25,2,,Medium,Low,,1,0,0,Level 1
7606,44,,,,,1,15508,68,23,12,3,2,2,2,3,,9,31,15,4,1,3,23,2,,,Low,,1,0,0,Level 3
7607,51,,,,,1,13637,34,6,9,5,1,1,4,6,,5,51,2,1,4,4,46,2,,,High,Senior,1,1,1,Level 3
7608,37,,,,,5,14036,82,5,12,6,3,1,4,15,,8,43,7,3,2,3,13,2,,,Normal,Experienced,1,0,1,Level 3
7609,37,,,,,5,7725,81,5,10,2,4,1,1,15,,3,44,19,4,4,3,22,3,,High,Normal,Experienced,1,0,0,Level 2
7610,56,,,,,4,9544,58,16,11,3,2,5,4,91,,2,47,4,1,1,4,31,3,,Very High,High,,1,1,1,Level 2
7611,45,,,,,2,9317,55,15,3,6,2,1,1,12,,9,57,4,1,1,2,6,4,,Very High,High,,1,0,0,Level 2
7612,28,,,,,5,7092,56,29,11,6,3,3,4,60,,3,31,2,4,2,3,33,4,,High,Low,,1,0,1,Level 1
7613,54,,,,,1,9246,25,11,9,2,4,3,4,83,,8,31,7,3,4,2,32,3,,Very High,Low,Expert,1,1,1,Level 2
7614,27,,,,,3,6918,57,20,5,8,3,1,4,44,,2,33,4,2,1,4,16,2,,High,Low,,1,0,1,Level 1
7615,39,,,,,5,17152,22,23,10,2,1,1,1,67,,6,48,17,2,3,3,25,1,,,High,,1,0,0,Level 4
7616,41,,,,,3,8720,60,17,9,7,4,2,4,23,,2,40,0,4,3,2,35,1,,High,Normal,,1,0,1,Level 2
7617,38,,,,,2,17513,48,28,1,7,4,3,1,95,,4,38,0,2,3,1,35,3,,,Normal,,1,0,0,Level 4
7618,49,,,,,1,13011,82,19,13,2,1,2,4,85,,4,37,10,2,1,1,17,4,,,Normal,,1,0,1,Level 3
7619,47,,,,,5,4710,29,22,4,6,4,2,1,59,,8,52,2,3,3,4,19,3,,Medium,High,,1,0,0,Level 1
7620,54,,,,,2,10328,32,26,12,2,2,1,3,59,,5,49,10,3,1,4,3,3,,Very High,High,,1,1,0,Level 2
7621,30,,,,,4,15665,25,17,11,1,2,2,4,4,,9,33,10,1,3,3,26,1,,,Low,,1,0,1,Level 3
7622,50,,,,,2,3387,33,15,9,6,3,1,1,97,,3,45,19,3,4,4,19,1,,Medium,Normal,,1,1,0,Level 1
7623,58,,,,,4,4903,87,13,13,7,1,1,4,31,,4,54,6,1,1,3,40,4,,Medium,High,,1,1,1,Level 1
7624,55,,,,,4,12630,39,23,13,8,2,4,2,87,,1,38,5,4,3,2,31,3,,,Normal,,1,1,0,Level 3
7625,49,,,,,5,4001,36,18,12,0,4,3,4,7,,9,53,0,1,2,3,49,2,,Medium,High,,1,0,1,Level 1
7626,42,,,,,3,12004,76,23,13,8,4,5,2,46,,8,59,7,3,1,4,16,3,,,High,,1,0,0,Level 3
7627,38,,,,,4,8421,51,16,12,1,3,3,1,81,,7,39,11,1,3,3,44,2,,High,Normal,,1,0,0,Level 2
7628,31,,,,,1,15681,24,20,12,2,4,5,1,72,,5,51,8,3,3,1,42,2,,,High,,1,0,0,Level 4
7629,34,,,,,5,16635,95,25,14,7,1,4,3,1,,8,57,18,2,1,3,15,2,,,High,,1,0,0,Level 4
7630,50,,,,,4,16130,66,21,9,1,2,4,2,64,,2,34,15,1,2,1,47,4,,,Low,,1,1,0,Level 4
7631,56,,,,,5,4782,91,1,6,6,3,3,3,70,,3,41,5,3,3,1,33,1,,Medium,Normal,New,0,1,0,Level 1
7632,56,,,,,1,4750,82,28,10,7,3,4,2,41,,5,36,2,2,4,3,41,2,,Medium,Normal,,1,1,0,Level 1
7633,34,,,,,5,9885,42,27,6,9,2,4,1,19,,9,51,8,2,4,1,22,2,,Very High,High,,1,0,0,Level 2
7634,48,,,,,5,8873,44,20,3,4,2,1,1,10,,3,37,6,4,4,2,48,1,,High,Normal,,1,0,0,Level 2
7635,45,,,,,4,13205,60,27,10,2,1,4,1,83,,6,36,5,1,2,3,13,1,,,Normal,,1,0,0,Level 3
7636,21,,,,,2,5235,54,13,5,8,4,2,1,1,,1,44,16,2,4,2,34,4,,Medium,Normal,,1,0,0,Level 1
7637,39,,,,,5,6564,35,4,14,7,4,4,1,96,,7,39,7,3,2,1,15,3,,High,Normal,Experienced,0,0,0,Level 1
7638,34,,,,,4,13740,29,12,8,2,2,5,3,85,,5,41,6,1,2,4,12,2,,,Normal,,1,0,0,Level 3
7639,23,,,,,1,7724,17,15,2,7,4,3,2,91,,2,37,10,3,1,4,20,3,,High,Normal,,1,0,0,Level 2
7640,41,,,,,1,3969,95,20,2,2,2,5,3,30,,3,31,6,1,3,4,45,1,,Medium,Low,,1,0,0,Level 1
7641,57,,,,,2,11127,93,12,4,5,4,1,2,98,,2,36,13,1,1,4,48,4,,Very High,Normal,,1,1,0,Level 2
7642,42,,,,,1,9542,83,19,9,0,2,4,4,9,,2,53,1,3,1,3,47,4,,Very High,High,,1,0,1,Level 2
7643,45,,,,,4,16375,22,19,5,3,4,2,3,85,,8,41,10,1,2,3,45,2,,,Normal,,1,0,0,Level 4
7644,30,,,,,2,6518,23,26,3,7,1,1,1,80,,4,44,13,3,4,1,25,3,,High,Normal,,1,0,0,Level 1
7645,47,,,,,4,16540,16,15,8,5,3,3,2,58,,1,31,13,1,1,4,32,1,,,Low,,1,0,0,Level 4
7646,21,,,,,2,15012,51,21,12,4,4,4,2,6,,6,37,1,1,2,3,11,3,,,Normal,,1,0,0,Level 3
7647,27,,,,,2,13976,26,5,11,5,2,3,3,36,,8,38,19,3,2,3,23,2,,,Normal,Experienced,1,0,0,Level 3
7648,48,,,,,4,18429,33,11,7,6,1,1,3,12,,5,47,12,4,3,4,35,2,,,High,Expert,1,0,0,Level 4
7649,30,,,,,2,7607,41,18,9,0,1,2,4,92,,2,40,11,1,1,3,34,2,,High,Normal,,1,0,1,Level 2
7650,56,,,,,4,19728,38,10,10,2,3,3,1,25,,5,49,18,2,2,2,33,2,,,High,Expert,1,1,0,Level 4
7651,37,,,,,1,7642,80,28,6,0,1,4,4,2,,6,49,8,2,3,1,29,3,,High,High,,1,0,1,Level 2
7652,33,,,,,1,18632,30,26,2,8,3,5,2,38,,1,41,3,4,2,1,28,3,,,Normal,,1,0,0,Level 4
7653,29,,,,,5,11747,16,13,1,3,4,5,1,9,,3,46,11,4,3,3,13,2,,Very High,High,,1,0,0,Level 3
7654,54,,,,,3,8082,35,25,5,1,4,3,3,36,,2,35,8,2,2,1,37,2,,High,Low,,1,1,0,Level 2
7655,28,,,,,3,7010,24,19,12,4,4,2,4,22,,1,32,15,4,1,4,42,4,,High,Low,,1,0,1,Level 1
7656,54,,,,,1,18704,72,20,7,1,2,1,4,19,,6,59,13,2,1,3,36,1,,,High,,1,1,1,Level 4
7657,30,,,,,5,19843,31,15,7,6,4,4,2,33,,4,53,16,1,2,4,44,4,,,High,,1,0,0,Level 4
7658,31,,,,,3,6115,90,18,2,3,3,3,4,3,,6,52,8,3,2,3,49,2,,High,High,,1,0,1,Level 1
7659,22,,,,,4,8544,21,8,6,4,4,4,1,31,,4,45,5,4,4,2,20,2,,High,Normal,Expert,1,0,0,Level 2
7660,58,,,,,4,16208,87,23,1,8,1,2,3,41,,4,43,11,1,2,2,43,2,,,Normal,,1,1,0,Level 4
7661,33,,,,,2,17384,60,3,12,1,3,5,3,17,,4,46,7,4,1,2,44,2,,,High,New,0,0,0,Level 4
7662,47,,,,,3,15864,64,11,12,4,4,1,3,51,,7,58,1,4,3,4,27,4,,,High,Expert,1,0,0,Level 4
7663,30,,,,,4,14377,24,27,1,3,2,5,4,0,,8,58,18,2,2,3,48,1,,,High,,1,0,1,Level 3
7664,58,,,,,3,9541,30,5,2,2,3,1,1,86,,5,39,13,3,3,4,37,2,,Very High,Normal,Experienced,1,1,0,Level 2
7665,44,,,,,2,7769,15,12,5,0,3,5,2,76,,1,58,4,1,3,1,36,4,,High,High,,1,0,0,Level 2
7666,40,,,,,1,12685,23,1,10,5,3,3,1,3,,6,39,18,1,3,2,1,3,,,Normal,New,0,0,0,Level 3
7667,29,,,,,5,15963,27,28,10,6,2,2,3,72,,1,38,19,3,1,4,10,2,,,Normal,,1,0,0,Level 4
7668,34,,,,,2,7233,75,6,2,0,4,5,3,45,,3,36,9,4,3,2,1,1,,High,Normal,Senior,1,0,0,Level 2
7669,38,,,,,2,16105,62,26,14,5,1,2,3,30,,6,30,10,1,2,1,40,4,,,Low,,1,0,0,Level 4
7670,41,,,,,2,18266,30,6,10,0,1,5,1,65,,4,37,11,4,1,2,21,4,,,Normal,Senior,1,0,0,Level 4
7671,40,,,,,5,16585,55,12,14,5,2,4,3,49,,2,39,6,1,2,2,21,3,,,Normal,,1,0,0,Level 4
7672,51,,,,,4,10280,44,21,14,3,1,5,2,79,,8,42,4,1,2,1,28,3,,Very High,Normal,,1,1,0,Level 2
7673,42,,,,,3,5456,91,25,3,5,3,1,1,20,,6,39,12,4,3,1,43,1,,Medium,Normal,,1,0,0,Level 1
7674,32,,,,,1,17242,86,15,9,0,3,4,2,20,,3,53,7,4,4,1,1,3,,,High,,1,0,0,Level 4
7675,24,,,,,1,13959,69,4,5,0,1,3,3,65,,8,57,1,2,4,3,7,2,,,High,Experienced,0,0,0,Level 3
7676,23,,,,,5,5412,25,18,14,2,3,3,1,51,,2,45,1,4,1,3,45,1,,Medium,Normal,,1,0,0,Level 1
7677,47,,,,,1,14254,66,12,13,5,2,3,3,35,,8,40,5,2,1,2,10,3,,,Normal,,1,0,0,Level 3
7678,33,,,,,5,8391,89,7,3,2,3,2,1,70,,9,46,17,4,1,1,18,2,,High,High,Senior,1,0,0,Level 2
7679,27,,,,,5,11023,62,5,5,6,2,3,3,14,,6,45,13,2,4,2,13,1,,Very High,Normal,Experienced,1,0,0,Level 2
7680,28,,,,,3,12995,21,23,3,3,4,5,1,72,,8,53,1,2,3,1,43,4,,,High,,1,0,0,Level 3
7681,54,,,,,3,12288,68,23,11,8,3,4,1,0,,8,30,9,2,1,1,27,1,,,Low,,1,1,0,Level 3
7682,56,,,,,5,14940,15,23,14,6,4,1,1,15,,8,55,1,1,1,1,23,4,,,High,,1,1,0,Level 3
7683,40,,,,,3,3533,46,3,5,3,1,3,3,86,,1,46,1,4,4,1,29,1,,Medium,High,New,0,0,0,Level 1
7684,37,,,,,4,12132,76,29,13,8,1,1,3,87,,2,39,19,1,4,2,14,4,,,Normal,,1,0,0,Level 3
7685,52,,,,,2,12457,29,5,10,4,3,2,3,87,,2,42,14,4,3,4,13,1,,,Normal,Experienced,1,1,0,Level 3
7686,27,,,,,1,19395,96,29,6,3,2,2,1,9,,8,31,3,1,3,2,22,1,,,Low,,1,0,0,Level 4
7687,36,,,,,1,3516,75,17,11,1,2,1,3,38,,4,54,7,2,2,1,12,3,,Medium,High,,1,0,0,Level 1
7688,50,,,,,1,18475,92,6,12,8,2,5,2,10,,3,47,13,4,3,3,1,1,,,High,Senior,1,1,0,Level 4
7689,53,,,,,1,13259,91,20,9,9,2,1,1,29,,9,55,19,4,4,2,23,1,,,High,,1,1,0,Level 3
7690,25,,,,,4,4724,70,2,2,7,2,4,2,39,,5,57,7,3,1,4,48,2,,Medium,High,New,0,0,0,Level 1
7691,41,,,,,4,5183,48,19,14,5,2,3,2,32,,2,58,1,3,4,3,37,1,,Medium,High,,1,0,0,Level 1
7692,33,,,,,2,17159,34,15,3,0,2,5,4,6,,2,41,10,1,1,1,32,4,,,Normal,,1,0,1,Level 4
7693,22,,,,,5,18929,38,3,6,7,1,1,2,5,,5,32,14,2,1,4,37,2,,,Low,New,0,0,0,Level 4
7694,31,,,,,3,18040,42,1,2,3,4,4,4,49,,1,47,19,4,4,4,19,4,,,High,New,0,0,1,Level 4
7695,55,,,,,2,17852,25,23,8,0,4,1,4,51,,8,51,19,4,2,4,47,2,,,High,,1,1,1,Level 4
7696,31,,,,,1,15446,44,26,10,2,1,3,1,71,,5,56,4,2,4,1,25,4,,,High,,1,0,0,Level 3
7697,21,,,,,3,13006,52,19,14,5,1,2,1,79,,6,37,12,2,3,4,44,4,,,Normal,,1,0,0,Level 3
7698,21,,,,,2,16716,95,7,7,1,1,1,3,48,,7,47,15,4,4,1,5,4,,,High,Senior,1,0,0,Level 4
7699,34,,,,,1,9655,15,26,14,7,3,4,2,20,,7,59,5,2,4,3,12,1,,Very High,High,,1,0,0,Level 2
7700,42,,,,,2,4675,98,10,1,4,2,1,4,67,,7,36,2,2,1,1,45,3,,Medium,Normal,Expert,1,0,1,Level 1
7701,48,,,,,1,5793,83,28,5,4,4,3,1,90,,9,39,0,4,1,1,33,3,,Medium,Normal,,1,0,0,Level 1
7702,36,,,,,1,7377,47,9,5,0,1,4,3,34,,9,32,7,4,2,3,11,2,,High,Low,Expert,1,0,0,Level 2
7703,51,,,,,4,13982,79,29,14,8,2,2,4,0,,6,46,14,3,1,4,37,1,,,High,,1,1,1,Level 3
7704,26,,,,,1,13522,58,16,1,1,2,3,3,15,,5,38,5,3,1,4,14,3,,,Normal,,1,0,0,Level 3
7705,49,,,,,2,4500,78,15,6,8,2,1,3,30,,8,43,6,4,2,3,18,3,,Medium,Normal,,1,0,0,Level 1
7706,47,,,,,3,19109,23,13,2,9,2,5,4,58,,5,38,18,3,4,3,24,1,,,Normal,,1,0,1,Level 4
7707,33,,,,,4,7330,46,22,3,9,3,1,1,17,,3,39,17,3,2,2,41,2,,High,Normal,,1,0,0,Level 2
7708,49,,,,,3,18537,68,8,5,0,4,2,2,36,,4,52,0,1,1,3,24,2,,,High,Expert,1,0,0,Level 4
7709,36,,,,,5,18861,40,27,12,9,2,1,1,9,,9,38,12,1,2,3,5,1,,,Normal,,1,0,0,Level 4
7710,51,,,,,3,3455,76,11,6,7,1,5,1,48,,3,47,19,4,1,4,36,4,,Medium,High,Expert,1,1,0,Level 1
7711,25,,,,,5,19085,56,1,14,2,1,2,4,22,,5,46,0,4,4,3,24,2,,,High,New,0,0,1,Level 4
7712,43,,,,,5,15697,62,24,11,2,3,2,3,18,,9,49,7,2,2,4,3,3,,,High,,1,0,0,Level 4
7713,25,,,,,4,3557,20,8,2,6,3,1,2,41,,4,45,4,3,2,4,3,4,,Medium,Normal,Expert,1,0,0,Level 1
7714,46,,,,,3,15749,44,12,4,6,4,3,1,6,,4,46,17,2,2,2,18,2,,,High,,1,0,0,Level 4
7715,37,,,,,1,15478,37,19,3,6,2,2,2,93,,1,45,1,1,4,1,18,4,,,Normal,,1,0,0,Level 3
7716,43,,,,,4,6990,39,6,1,6,3,4,1,37,,2,41,1,2,1,3,19,3,,High,Normal,Senior,1,0,0,Level 1
7717,56,,,,,4,4367,27,16,4,2,3,2,2,40,,1,31,4,4,3,1,2,2,,Medium,Low,,1,1,0,Level 1
7718,43,,,,,1,14879,39,14,6,7,1,4,3,61,,3,44,17,2,3,2,14,1,,,Normal,,1,0,0,Level 3
7719,57,,,,,3,12791,31,22,10,0,3,3,3,42,,2,53,18,1,2,4,30,1,,,High,,1,1,0,Level 3
7720,53,,,,,4,11348,41,7,7,2,1,5,2,81,,4,36,19,1,4,2,6,2,,Very High,Normal,Senior,1,1,0,Level 2
7721,59,,,,,5,7989,25,3,6,7,4,4,4,69,,3,58,13,4,2,2,24,2,,High,High,New,0,1,1,Level 2
7722,34,,,,,1,3930,20,10,12,1,4,4,3,75,,3,31,12,1,3,1,45,2,,Medium,Low,Expert,1,0,0,Level 1
7723,30,,,,,2,10342,93,1,1,6,1,5,1,10,,8,37,19,1,2,1,25,3,,Very High,Normal,New,0,0,0,Level 2
7724,41,,,,,4,4281,51,29,5,3,1,2,1,47,,3,50,1,3,1,4,22,4,,Medium,High,,1,0,0,Level 1
7725,43,,,,,5,12320,89,25,5,5,4,4,2,1,,5,45,7,2,2,3,47,1,,,Normal,,1,0,0,Level 3
7726,20,,,,,3,13274,86,6,6,8,2,4,2,91,,8,50,19,4,4,1,42,3,,,High,Senior,1,0,0,Level 3
7727,37,,,,,3,17763,51,5,5,7,1,5,3,81,,5,49,9,4,4,2,6,3,,,High,Experienced,1,0,0,Level 4
7728,31,,,,,1,19034,88,15,9,3,3,2,2,86,,7,42,19,2,1,3,31,1,,,Normal,,1,0,0,Level 4
7729,47,,,,,5,7815,73,18,6,6,4,1,4,76,,5,46,18,2,3,1,20,1,,High,High,,1,0,1,Level 2
7730,59,,,,,1,19889,24,4,11,2,3,4,3,83,,8,48,18,4,1,1,18,2,,,High,Experienced,0,1,0,Level 4
7731,26,,,,,4,9223,15,5,9,8,4,3,4,23,,5,39,18,2,2,4,45,2,,Very High,Normal,Experienced,1,0,1,Level 2
7732,42,,,,,1,18390,66,10,4,1,1,5,4,76,,2,31,2,2,1,4,1,2,,,Low,Expert,1,0,1,Level 4
7733,40,,,,,2,11416,32,4,3,5,1,4,1,26,,9,37,0,1,1,3,26,4,,Very High,Normal,Experienced,0,0,0,Level 3
7734,53,,,,,1,6838,19,10,13,4,1,2,1,14,,6,49,4,2,2,3,39,1,,High,High,Expert,1,1,0,Level 1
7735,30,,,,,1,7052,98,20,6,3,1,3,2,84,,4,48,6,2,3,1,29,3,,High,High,,1,0,0,Level 1
7736,41,,,,,4,18856,62,27,1,1,1,1,4,1,,5,58,4,4,2,3,35,2,,,High,,1,0,1,Level 4
7737,54,,,,,5,19278,47,22,10,8,4,3,4,9,,8,59,12,3,3,3,25,4,,,High,,1,1,1,Level 4
7738,48,,,,,2,15943,71,4,5,4,3,4,1,81,,3,54,9,3,4,1,47,4,,,High,Experienced,0,0,0,Level 4
7739,47,,,,,1,3741,39,29,2,0,2,3,3,50,,3,46,15,2,1,3,3,4,,Medium,High,,1,0,0,Level 1
7740,37,,,,,4,7409,58,12,6,4,4,1,2,72,,7,59,0,4,2,4,23,2,,High,High,,1,0,0,Level 2
7741,33,,,,,4,18423,80,9,3,6,1,2,1,75,,1,49,6,3,2,2,19,3,,,High,Expert,1,0,0,Level 4
7742,37,,,,,4,9183,82,28,13,2,1,1,4,60,,9,47,12,3,4,1,14,2,,Very High,High,,1,0,1,Level 2
7743,47,,,,,5,12458,39,2,14,6,2,1,1,17,,9,46,3,3,1,2,31,3,,,High,New,0,0,0,Level 3
7744,43,,,,,1,17696,59,5,9,5,1,5,1,66,,2,52,6,2,2,4,13,4,,,High,Experienced,1,0,0,Level 4
7745,27,,,,,3,10989,37,16,2,6,3,5,1,19,,4,46,19,3,3,2,36,2,,Very High,High,,1,0,0,Level 2
7746,27,,,,,2,6680,55,19,1,8,3,1,4,34,,9,34,19,1,4,4,37,2,,High,Low,,1,0,1,Level 1
7747,23,,,,,3,14220,47,24,7,1,2,3,4,93,,4,32,9,4,4,2,45,2,,,Low,,1,0,1,Level 3
7748,46,,,,,5,10312,42,14,5,1,1,3,2,66,,8,48,0,1,4,2,7,4,,Very High,High,,1,0,0,Level 2
7749,55,,,,,1,18927,22,15,1,0,1,1,3,14,,3,51,12,4,3,4,43,1,,,High,,1,1,0,Level 4
7750,24,,,,,3,12245,43,19,5,1,3,3,2,17,,4,40,11,1,2,2,24,3,,,Normal,,1,0,0,Level 3
7751,52,,,,,3,13220,70,24,4,2,3,2,2,98,,1,32,0,2,2,1,24,3,,,Low,,1,1,0,Level 3
7752,53,,,,,3,16217,29,24,1,6,1,3,1,59,,4,42,13,3,3,1,34,2,,,Normal,,1,1,0,Level 4
7753,49,,,,,2,10595,29,18,8,2,1,3,2,9,,6,56,18,2,1,2,12,3,,Very High,High,,1,0,0,Level 2
7754,27,,,,,1,13217,51,11,4,7,1,1,3,42,,7,53,8,3,2,3,24,4,,,High,Expert,1,0,0,Level 3
7755,58,,,,,4,13222,33,13,10,2,1,3,2,71,,6,46,10,3,4,3,41,3,,,High,,1,1,0,Level 3
7756,45,,,,,1,18812,73,10,7,1,1,3,2,41,,4,37,11,1,1,3,39,1,,,Normal,Expert,1,0,0,Level 4
7757,56,,,,,3,16492,65,29,6,9,3,5,3,27,,8,52,1,3,3,1,26,4,,,High,,1,1,0,Level 4
7758,53,,,,,1,13200,99,7,9,9,4,5,3,56,,7,56,5,3,4,1,8,4,,,High,Senior,1,1,0,Level 3
7759,26,,,,,4,15785,49,27,1,3,3,3,1,96,,1,30,4,2,2,2,47,2,,,Low,,1,0,0,Level 4
7760,59,,,,,2,9341,50,22,10,3,3,3,3,80,,1,36,2,2,2,1,44,3,,Very High,Normal,,1,1,0,Level 2
7761,47,,,,,1,3032,67,27,9,4,4,1,3,12,,9,34,14,3,4,1,33,2,,Medium,Low,,1,0,0,Level 1
7762,58,,,,,1,9477,94,1,8,4,3,2,1,18,,9,33,5,1,1,1,2,4,,Very High,Low,New,0,1,0,Level 2
7763,58,,,,,2,5281,26,18,13,2,2,5,1,38,,9,49,11,4,4,3,39,4,,Medium,High,,1,1,0,Level 1
7764,47,,,,,2,18907,42,4,12,0,3,4,1,52,,8,47,12,3,4,4,14,2,,,High,Experienced,0,0,0,Level 4
7765,33,,,,,3,7982,85,16,11,7,4,3,4,78,,9,33,6,1,3,3,47,4,,High,Low,,1,0,1,Level 2
7766,57,,,,,3,18288,47,18,5,9,1,4,3,58,,1,43,7,4,1,4,32,3,,,Normal,,1,1,0,Level 4
7767,23,,,,,2,4289,89,21,3,1,3,1,2,36,,2,39,4,4,1,1,38,4,,Medium,Normal,,1,0,0,Level 1
7768,37,,,,,4,19953,93,19,10,4,3,4,2,10,,9,38,3,2,2,3,22,1,,,Normal,,1,0,0,Level 4
7769,44,,,,,3,18691,97,15,2,1,4,2,4,96,,4,48,18,4,3,4,29,2,,,High,,1,0,1,Level 4
7770,26,,,,,4,11037,69,22,9,5,3,2,2,75,,5,54,10,2,2,4,22,2,,Very High,High,,1,0,0,Level 2
7771,57,,,,,2,10468,93,25,13,6,2,1,3,15,,1,36,5,3,4,2,22,2,,Very High,Normal,,1,1,0,Level 2
7772,47,,,,,1,19728,87,10,14,6,3,5,4,0,,2,46,18,1,3,4,15,3,,,High,Expert,1,0,1,Level 4
7773,24,,,,,2,4659,91,7,3,0,3,3,1,21,,2,37,4,1,4,2,31,2,,Medium,Normal,Senior,1,0,0,Level 1
7774,22,,,,,2,3933,64,21,4,8,1,4,4,80,,5,30,17,4,2,3,40,4,,Medium,Low,,1,0,1,Level 1
7775,50,,,,,5,7716,43,1,6,0,1,1,2,57,,5,57,8,4,4,4,36,4,,High,High,New,0,1,0,Level 2
7776,39,,,,,2,16032,72,1,5,7,4,2,4,47,,9,30,6,1,1,4,35,1,,,Low,New,0,0,1,Level 4
7777,38,,,,,3,15554,40,1,6,0,1,2,2,46,,5,43,15,4,4,2,31,1,,,Normal,New,0,0,0,Level 3
7778,30,,,,,1,8609,37,19,2,2,1,1,2,53,,8,57,1,3,4,1,18,4,,High,High,,1,0,0,Level 2
7779,59,,,,,4,15434,31,7,5,9,2,1,1,18,,8,46,6,3,3,4,31,1,,,High,Senior,1,1,0,Level 3
7780,22,,,,,5,9746,19,15,4,3,3,1,3,63,,3,45,19,3,4,3,11,3,,Very High,Normal,,1,0,0,Level 2
7781,42,,,,,3,17710,73,13,13,8,2,4,1,65,,3,50,5,4,2,3,5,1,,,High,,1,0,0,Level 4
7782,26,,,,,1,6575,30,9,1,7,3,2,3,15,,3,41,3,4,1,2,7,3,,High,Normal,Expert,1,0,0,Level 1
7783,42,,,,,4,5551,35,14,14,4,1,1,1,38,,5,55,19,1,1,4,37,2,,Medium,High,,1,0,0,Level 1
7784,26,,,,,1,8380,19,6,4,3,3,3,1,20,,1,48,5,3,1,4,20,4,,High,High,Senior,1,0,0,Level 2
7785,53,,,,,3,13500,72,7,11,9,3,1,1,44,,8,32,16,2,1,3,6,3,,,Low,Senior,1,1,0,Level 3
7786,38,,,,,1,15983,40,14,2,8,3,1,2,64,,5,31,14,2,4,4,12,4,,,Low,,1,0,0,Level 4
7787,28,,,,,2,3860,57,11,7,0,2,4,3,22,,4,45,6,1,3,1,38,3,,Medium,Normal,Expert,1,0,0,Level 1
7788,37,,,,,1,4439,73,3,7,5,1,5,3,41,,3,49,15,3,2,1,15,2,,Medium,High,New,0,0,0,Level 1
7789,44,,,,,2,6416,72,11,5,7,4,2,2,86,,1,41,0,3,4,2,38,1,,High,Normal,Expert,1,0,0,Level 1
7790,33,,,,,3,6953,16,8,12,6,1,1,1,9,,9,58,0,4,4,1,13,2,,High,High,Expert,1,0,0,Level 1
7791,44,,,,,5,9760,58,26,1,7,2,4,3,83,,9,51,18,4,2,2,14,3,,Very High,High,,1,0,0,Level 2
7792,38,,,,,2,16665,90,6,1,2,2,5,3,11,,2,43,3,4,4,2,21,3,,,Normal,Senior,1,0,0,Level 4
7793,58,,,,,1,12653,40,3,11,4,2,5,2,94,,5,38,2,4,3,2,43,4,,,Normal,New,0,1,0,Level 3
7794,34,,,,,1,16331,58,29,7,0,4,5,4,40,,2,58,6,4,3,2,30,2,,,High,,1,0,1,Level 4
7795,35,,,,,1,9615,33,12,10,7,4,1,1,55,,8,43,11,1,4,4,6,1,,Very High,Normal,,1,0,0,Level 2
7796,46,,,,,3,19545,63,18,1,1,4,1,2,77,,1,32,12,1,4,1,36,4,,,Low,,1,0,0,Level 4
7797,59,,,,,4,7826,95,25,2,9,1,4,2,5,,9,47,12,2,4,4,35,4,,High,High,,1,1,0,Level 2
7798,29,,,,,1,16332,71,11,4,2,1,2,1,36,,5,34,11,3,3,3,34,3,,,Low,Expert,1,0,0,Level 4
7799,23,,,,,1,6367,20,7,5,9,1,4,4,25,,7,56,1,4,1,4,40,2,,High,High,Senior,1,0,1,Level 1
7800,38,,,,,2,14427,37,10,11,1,2,5,2,78,,3,55,8,2,2,4,36,3,,,High,Expert,1,0,0,Level 3
7801,47,,,,,5,9966,96,16,1,0,4,3,2,63,,6,50,4,2,3,3,29,4,,Very High,High,,1,0,0,Level 2
7802,40,,,,,1,7294,57,26,13,1,4,2,2,1,,9,38,1,1,2,1,3,4,,High,Normal,,1,0,0,Level 2
7803,33,,,,,3,12657,58,16,1,9,2,4,3,0,,9,57,4,2,2,1,5,1,,,High,,1,0,0,Level 3
7804,52,,,,,4,5327,80,15,3,1,1,2,3,86,,1,43,13,2,1,3,9,3,,Medium,Normal,,1,1,0,Level 1
7805,29,,,,,4,7041,59,13,1,5,3,3,4,2,,2,41,16,4,2,3,20,4,,High,Normal,,1,0,1,Level 1
7806,38,,,,,4,5618,33,25,3,3,3,5,3,2,,5,36,9,2,3,3,36,2,,Medium,Normal,,1,0,0,Level 1
7807,49,,,,,3,18532,18,4,5,9,1,4,4,28,,5,45,1,1,3,3,36,2,,,Normal,Experienced,0,0,1,Level 4
7808,41,,,,,4,15441,71,4,12,3,4,2,1,21,,8,46,18,3,3,4,36,2,,,High,Experienced,0,0,0,Level 3
7809,22,,,,,4,19093,96,6,3,0,3,2,1,13,,5,37,19,2,2,2,15,2,,,Normal,Senior,1,0,0,Level 4
7810,56,,,,,2,4754,23,18,12,9,2,1,4,56,,6,39,11,2,4,4,7,2,,Medium,Normal,,1,1,1,Level 1
7811,37,,,,,4,10659,62,26,10,1,4,5,1,62,,1,56,4,2,3,4,19,2,,Very High,High,,1,0,0,Level 2
7812,30,,,,,2,18954,50,1,8,2,1,4,1,75,,6,43,9,4,4,1,34,3,,,Normal,New,0,0,0,Level 4
7813,21,,,,,2,11128,81,10,5,8,2,5,4,79,,4,40,10,2,3,1,11,2,,Very High,Normal,Expert,1,0,1,Level 2
7814,31,,,,,2,10089,32,3,11,4,3,1,1,44,,1,36,9,2,3,3,19,4,,Very High,Normal,New,0,0,0,Level 2
7815,25,,,,,3,16729,54,28,5,3,1,3,1,31,,4,50,8,2,2,3,19,1,,,High,,1,0,0,Level 4
7816,59,,,,,1,15559,80,14,6,9,4,5,1,3,,1,34,9,2,4,1,45,2,,,Low,,1,1,0,Level 3
7817,48,,,,,5,13682,79,11,12,2,3,1,2,5,,8,31,4,1,3,2,26,1,,,Low,Expert,1,0,0,Level 3
7818,49,,,,,4,11704,38,5,4,9,2,3,3,37,,9,59,9,3,3,4,22,3,,Very High,High,Experienced,1,0,0,Level 3
7819,21,,,,,5,9555,67,2,5,0,1,5,3,21,,6,48,9,1,3,3,21,1,,Very High,High,New,0,0,0,Level 2
7820,28,,,,,1,4038,56,9,13,0,4,3,3,38,,5,41,3,1,4,4,33,1,,Medium,Normal,Expert,1,0,0,Level 1
7821,21,,,,,2,11735,67,29,6,9,2,4,1,19,,9,51,13,2,3,2,21,3,,Very High,High,,1,0,0,Level 3
7822,48,,,,,2,14968,76,29,12,7,2,2,3,7,,5,46,19,3,3,4,26,2,,,High,,1,0,0,Level 3
7823,52,,,,,2,18599,76,17,6,9,2,3,4,26,,5,46,7,2,4,2,14,4,,,High,,1,1,1,Level 4
7824,29,,,,,2,18964,82,29,14,8,2,2,3,23,,1,40,14,4,2,3,43,2,,,Normal,,1,0,0,Level 4
7825,53,,,,,4,9282,49,19,5,2,1,4,4,90,,7,56,6,2,4,1,18,4,,Very High,High,,1,1,1,Level 2
7826,27,,,,,1,11901,71,21,14,8,3,3,4,83,,1,51,16,1,2,3,6,4,,Very High,High,,1,0,1,Level 3
7827,56,,,,,1,7401,75,17,12,7,4,2,1,73,,3,54,10,1,3,4,10,3,,High,High,,1,1,0,Level 2
7828,52,,,,,1,15459,26,20,10,0,4,3,3,83,,3,59,19,3,3,4,16,4,,,High,,1,1,0,Level 3
7829,25,,,,,5,10345,63,10,12,5,3,1,2,74,,2,42,10,2,2,3,47,1,,Very High,Normal,Expert,1,0,0,Level 2
7830,59,,,,,2,15894,36,17,6,8,2,3,2,64,,6,34,6,2,4,4,33,1,,,Low,,1,1,0,Level 4
7831,38,,,,,3,12964,82,11,9,3,2,3,4,88,,3,57,12,3,4,3,42,4,,,High,Expert,1,0,1,Level 3
7832,51,,,,,1,18579,85,27,8,8,2,5,4,75,,7,40,6,1,1,4,2,1,,,Normal,,1,1,1,Level 4
7833,46,,,,,5,7814,37,28,4,1,4,5,2,9,,4,41,14,4,4,3,43,3,,High,Normal,,1,0,0,Level 2
7834,20,,,,,4,8243,21,27,2,9,3,4,1,60,,3,33,13,1,1,3,35,4,,High,Low,,1,0,0,Level 2
7835,52,,,,,2,5453,36,7,4,8,1,4,1,80,,3,53,18,3,1,1,23,3,,Medium,High,Senior,1,1,0,Level 1
7836,59,,,,,5,19946,54,1,13,0,3,4,4,69,,4,45,18,1,2,4,26,4,,,Normal,New,0,1,1,Level 4
7837,51,,,,,3,14969,33,16,6,3,3,2,4,13,,4,34,2,1,2,1,20,4,,,Low,,1,1,1,Level 3
7838,24,,,,,3,17917,67,3,10,4,2,4,2,61,,7,39,15,4,4,3,21,4,,,Normal,New,0,0,0,Level 4
7839,36,,,,,4,11054,44,15,7,1,2,4,4,81,,7,48,17,3,2,4,43,1,,Very High,High,,1,0,1,Level 2
7840,27,,,,,1,19345,40,4,11,5,4,5,3,98,,8,56,12,1,3,2,43,4,,,High,Experienced,0,0,0,Level 4
7841,53,,,,,1,12947,55,4,4,7,1,3,4,89,,4,40,8,1,1,1,26,3,,,Normal,Experienced,0,1,1,Level 3
7842,28,,,,,5,14029,36,29,13,1,2,4,1,70,,1,49,12,3,2,2,25,2,,,High,,1,0,0,Level 3
7843,42,,,,,5,10500,75,23,11,8,4,4,2,11,,3,31,8,3,3,4,7,3,,Very High,Low,,1,0,0,Level 2
7844,54,,,,,1,11936,87,5,11,1,4,3,3,71,,1,47,8,2,3,4,28,2,,Very High,High,Experienced,1,1,0,Level 3
7845,26,,,,,1,18790,60,15,3,0,4,5,4,12,,8,30,6,2,2,3,12,4,,,Low,,1,0,1,Level 4
7846,34,,,,,5,11561,72,11,1,5,4,5,2,87,,9,31,16,2,2,3,37,3,,Very High,Low,Expert,1,0,0,Level 3
7847,39,,,,,2,17229,43,24,14,4,4,3,4,55,,2,50,19,2,1,1,43,2,,,High,,1,0,1,Level 4
7848,44,,,,,3,8886,67,19,13,9,2,5,2,30,,2,59,5,3,1,3,23,3,,High,High,,1,0,0,Level 2
7849,22,,,,,3,11657,32,8,7,2,2,5,3,67,,8,39,7,4,2,3,5,4,,Very High,Normal,Expert,1,0,0,Level 3
7850,43,,,,,4,3472,45,11,1,2,3,1,4,13,,6,30,6,1,3,3,14,4,,Medium,Low,Expert,1,0,1,Level 1
7851,53,,,,,3,12488,46,11,13,7,1,2,1,66,,2,34,2,1,3,1,35,3,,,Low,Expert,1,1,0,Level 3
7852,41,,,,,5,15460,23,29,8,3,4,3,3,36,,5,43,0,3,4,3,13,4,,,Normal,,1,0,0,Level 3
7853,30,,,,,2,19619,51,9,5,0,1,2,4,64,,6,38,11,1,2,2,4,4,,,Normal,Expert,1,0,1,Level 4
7854,27,,,,,5,8165,22,14,8,3,4,3,3,94,,6,32,2,3,4,1,13,3,,High,Low,,1,0,0,Level 2
7855,58,,,,,1,4678,38,25,14,5,3,1,4,92,,7,53,3,1,2,1,14,2,,Medium,High,,1,1,1,Level 1
7856,54,,,,,1,9064,82,25,2,1,4,3,4,11,,4,47,12,1,4,3,47,2,,Very High,High,,1,1,1,Level 2
7857,57,,,,,3,19649,66,14,3,6,4,3,4,68,,3,41,16,4,1,2,40,4,,,Normal,,1,1,1,Level 4
7858,27,,,,,2,9333,60,13,4,0,3,3,3,12,,3,48,7,3,1,4,18,1,,Very High,High,,1,0,0,Level 2
7859,56,,,,,4,5404,31,1,2,9,2,1,3,6,,4,37,11,2,3,2,32,2,,Medium,Normal,New,0,1,0,Level 1
7860,46,,,,,5,11330,35,9,4,8,1,5,1,57,,1,30,13,2,1,4,25,4,,Very High,Low,Expert,1,0,0,Level 2
7861,47,,,,,4,16816,62,8,6,1,3,4,2,54,,1,55,5,4,2,1,32,2,,,High,Expert,1,0,0,Level 4
7862,59,,,,,4,18711,23,29,11,8,3,2,1,85,,7,32,0,4,4,2,26,4,,,Low,,1,1,0,Level 4
7863,53,,,,,4,12557,83,18,13,0,2,2,1,49,,2,46,14,4,1,4,19,1,,,High,,1,1,0,Level 3
7864,51,,,,,4,19003,19,3,7,3,4,2,2,36,,6,58,2,2,2,3,37,1,,,High,New,0,1,0,Level 4
7865,34,,,,,5,18220,20,23,6,4,2,4,3,43,,6,58,0,2,2,2,12,2,,,High,,1,0,0,Level 4
7866,36,,,,,1,11264,86,3,7,7,4,5,1,10,,3,56,9,1,3,2,36,2,,Very High,High,New,0,0,0,Level 2
7867,52,,,,,5,19546,62,2,2,4,1,1,4,82,,5,49,13,2,3,4,22,1,,,High,New,0,1,1,Level 4
7868,35,,,,,1,10973,60,4,1,0,1,3,1,8,,6,37,9,1,2,1,38,3,,Very High,Normal,Experienced,0,0,0,Level 2
7869,48,,,,,1,19606,93,9,13,0,1,3,2,10,,6,44,0,2,1,2,7,2,,,Normal,Expert,1,0,0,Level 4
7870,28,,,,,5,19568,87,15,14,1,2,5,3,43,,4,48,7,3,3,3,20,2,,,High,,1,0,0,Level 4
7871,52,,,,,5,19478,77,18,9,8,1,1,2,70,,2,57,10,1,2,3,18,2,,,High,,1,1,0,Level 4
7872,48,,,,,5,3683,17,17,7,0,2,3,4,31,,2,40,5,1,1,1,11,4,,Medium,Normal,,1,0,1,Level 1
7873,32,,,,,1,14572,45,26,13,2,1,1,4,20,,4,43,17,1,3,2,1,3,,,Normal,,1,0,1,Level 3
7874,40,,,,,5,3975,21,23,13,7,2,5,3,70,,5,41,4,1,3,2,15,3,,Medium,Normal,,1,0,0,Level 1
7875,40,,,,,2,14411,30,11,11,0,1,5,1,92,,2,43,7,4,1,3,21,4,,,Normal,Expert,1,0,0,Level 3
7876,24,,,,,3,18678,29,1,2,3,3,5,3,87,,8,34,14,1,3,3,11,1,,,Low,New,0,0,0,Level 4
7877,29,,,,,3,14424,21,6,14,7,2,3,3,41,,5,53,4,3,3,2,3,4,,,High,Senior,1,0,0,Level 3
7878,25,,,,,2,3060,52,14,14,5,3,1,1,23,,7,51,1,4,2,3,39,1,,Medium,High,,1,0,0,Level 1
7879,32,,,,,3,18196,22,5,14,5,1,2,1,26,,6,46,2,1,2,2,38,1,,,High,Experienced,1,0,0,Level 4
7880,20,,,,,1,9215,70,27,7,0,2,2,1,44,,6,54,1,2,2,3,26,3,,Very High,High,,1,0,0,Level 2
7881,39,,,,,5,4460,94,24,4,6,1,3,1,5,,3,37,4,2,4,4,11,2,,Medium,Normal,,1,0,0,Level 1
7882,27,,,,,5,8325,15,3,3,0,2,4,1,6,,3,46,17,4,4,3,34,3,,High,High,New,0,0,0,Level 2
7883,29,,,,,5,18693,33,19,4,2,4,4,1,90,,2,42,1,3,1,4,41,1,,,Normal,,1,0,0,Level 4
7884,28,,,,,2,18665,92,1,5,0,3,5,1,9,,1,40,3,3,1,2,3,1,,,Normal,New,0,0,0,Level 4
7885,22,,,,,2,15841,33,4,9,7,4,1,3,2,,7,51,13,1,4,4,42,4,,,High,Experienced,0,0,0,Level 4
7886,30,,,,,1,9001,18,26,4,3,1,2,4,21,,4,32,5,4,2,1,30,2,,Very High,Low,,1,0,1,Level 2
7887,31,,,,,2,6651,78,16,9,4,2,5,1,74,,6,40,18,3,3,2,3,3,,High,Normal,,1,0,0,Level 1
7888,29,,,,,5,11008,16,26,4,0,3,3,2,30,,5,44,14,2,2,2,43,3,,Very High,Normal,,1,0,0,Level 2
7889,44,,,,,1,12366,90,6,1,0,3,4,2,41,,7,35,18,4,2,2,26,3,,,Low,Senior,1,0,0,Level 3
7890,44,,,,,1,13787,37,5,11,9,3,3,1,45,,3,30,16,4,4,2,18,3,,,Low,Experienced,1,0,0,Level 3
7891,30,,,,,5,15427,70,7,12,0,1,1,1,3,,3,41,0,3,2,3,14,1,,,Normal,Senior,1,0,0,Level 3
7892,55,,,,,4,9550,96,28,11,2,1,1,3,65,,1,42,0,3,3,4,14,4,,Very High,Normal,,1,1,0,Level 2
7893,58,,,,,5,3896,65,27,11,5,3,1,2,84,,4,46,9,2,2,2,15,2,,Medium,High,,1,1,0,Level 1
7894,45,,,,,1,7300,95,10,1,4,2,4,3,46,,8,49,6,1,1,1,48,4,,High,High,Expert,1,0,0,Level 2
7895,33,,,,,4,13534,45,1,4,9,1,4,1,51,,8,58,9,2,4,3,22,4,,,High,New,0,0,0,Level 3
7896,58,,,,,5,17917,72,19,4,6,1,5,2,35,,7,30,7,3,2,2,5,2,,,Low,,1,1,0,Level 4
7897,59,,,,,5,5718,50,27,10,0,1,3,4,87,,7,47,8,4,1,2,32,3,,Medium,High,,1,1,1,Level 1
7898,20,,,,,4,11209,26,14,7,7,4,2,3,2,,5,47,17,2,1,2,30,1,,Very High,High,,1,0,0,Level 2
7899,23,,,,,4,10550,49,4,1,4,3,2,3,54,,2,55,3,1,2,4,7,2,,Very High,High,Experienced,0,0,0,Level 2
7900,49,,,,,3,18930,94,15,12,5,2,2,3,45,,1,58,17,1,4,4,8,4,,,High,,1,0,0,Level 4
7901,31,,,,,4,9879,18,6,5,1,1,4,2,94,,3,39,4,1,1,3,41,3,,Very High,Normal,Senior,1,0,0,Level 2
7902,54,,,,,2,11733,42,20,10,8,2,5,3,73,,6,40,13,2,1,3,47,1,,Very High,Normal,,1,1,0,Level 3
7903,32,,,,,4,10675,47,23,8,2,1,1,4,73,,9,45,13,3,3,3,32,2,,Very High,Normal,,1,0,1,Level 2
7904,50,,,,,1,19581,88,26,8,4,1,1,3,10,,5,31,15,2,4,4,2,1,,,Low,,1,1,0,Level 4
7905,57,,,,,4,8121,45,10,7,9,2,5,2,76,,7,42,11,2,1,4,45,1,,High,Normal,Expert,1,1,0,Level 2
7906,42,,,,,5,16075,92,15,4,7,2,4,1,83,,9,44,4,4,1,2,6,3,,,Normal,,1,0,0,Level 4
7907,23,,,,,2,19992,19,19,7,0,2,2,3,58,,8,43,19,1,3,4,42,4,,,Normal,,1,0,0,Level 4
7908,35,,,,,4,19848,24,8,1,3,3,3,1,62,,3,39,17,1,2,2,35,2,,,Normal,Expert,1,0,0,Level 4
7909,26,,,,,2,17308,39,13,6,4,2,4,2,98,,7,47,1,1,2,3,49,3,,,High,,1,0,0,Level 4
7910,41,,,,,3,18112,55,23,13,5,2,2,2,26,,2,38,16,2,4,2,4,1,,,Normal,,1,0,0,Level 4
7911,48,,,,,2,14592,31,19,7,2,2,1,3,62,,6,49,13,2,3,3,20,2,,,High,,1,0,0,Level 3
7912,30,,,,,5,4817,75,16,12,3,2,5,3,66,,1,41,7,1,2,1,27,3,,Medium,Normal,,1,0,0,Level 1
7913,52,,,,,3,19624,98,25,3,2,2,5,2,86,,4,48,15,3,1,1,3,2,,,High,,1,1,0,Level 4
7914,48,,,,,4,8734,74,29,8,3,2,2,3,84,,3,33,13,1,1,3,20,3,,High,Low,,1,0,0,Level 2
7915,58,,,,,2,18231,47,26,8,6,2,4,3,30,,9,35,11,2,1,1,29,4,,,Low,,1,1,0,Level 4
7916,31,,,,,3,19333,23,29,8,8,1,2,1,84,,7,57,1,2,3,3,27,2,,,High,,1,0,0,Level 4
7917,26,,,,,4,10228,64,21,11,8,2,4,1,71,,2,37,6,4,4,4,47,4,,Very High,Normal,,1,0,0,Level 2
7918,58,,,,,4,18421,45,18,5,4,2,1,4,27,,5,57,18,2,3,1,47,4,,,High,,1,1,1,Level 4
7919,45,,,,,2,17076,19,9,13,5,4,5,2,21,,7,59,17,2,4,4,1,1,,,High,Expert,1,0,0,Level 4
7920,59,,,,,2,8571,60,24,7,8,2,4,4,89,,8,55,7,3,4,2,31,4,,High,High,,1,1,1,Level 2
7921,28,,,,,3,12374,18,15,5,3,4,1,3,71,,4,33,2,1,1,2,46,2,,,Low,,1,0,0,Level 3
7922,53,,,,,2,4940,45,8,13,6,2,3,3,94,,5,47,2,1,1,3,3,4,,Medium,High,Expert,1,1,0,Level 1
7923,32,,,,,4,3412,18,17,8,2,2,2,4,2,,6,31,10,3,3,4,37,4,,Medium,Low,,1,0,1,Level 1
7924,55,,,,,5,10606,32,4,9,8,1,4,1,54,,8,45,3,3,3,1,17,3,,Very High,Normal,Experienced,0,1,0,Level 2
7925,44,,,,,3,16625,96,23,11,8,4,2,3,81,,2,59,5,2,2,4,21,2,,,High,,1,0,0,Level 4
7926,43,,,,,5,19172,48,22,4,9,3,2,1,75,,8,49,9,3,4,2,22,4,,,High,,1,0,0,Level 4
7927,36,,,,,5,14400,62,28,4,4,2,5,2,30,,3,47,17,2,1,2,42,1,,,High,,1,0,0,Level 3
7928,21,,,,,4,17036,77,9,11,3,1,2,2,61,,8,57,16,1,1,2,22,4,,,High,Expert,1,0,0,Level 4
7929,32,,,,,5,8569,28,8,7,9,3,3,2,98,,5,54,9,1,1,1,41,3,,High,High,Expert,1,0,0,Level 2
7930,50,,,,,1,12601,47,9,7,9,4,5,2,44,,5,46,3,2,2,2,14,2,,,High,Expert,1,1,0,Level 3
7931,48,,,,,3,17637,95,4,12,8,2,2,2,83,,7,44,14,1,3,3,43,4,,,Normal,Experienced,0,0,0,Level 4
7932,47,,,,,4,16061,56,8,14,4,1,3,3,17,,6,57,15,2,4,1,31,2,,,High,Expert,1,0,0,Level 4
7933,46,,,,,2,19379,46,28,11,0,3,4,3,28,,4,37,5,4,3,3,12,2,,,Normal,,1,0,0,Level 4
7934,34,,,,,4,9791,57,22,8,1,3,1,3,81,,2,48,14,4,4,4,5,4,,Very High,High,,1,0,0,Level 2
7935,50,,,,,2,10199,71,25,7,9,3,3,4,73,,3,31,5,1,4,4,48,2,,Very High,Low,,1,1,1,Level 2
7936,59,,,,,4,5554,29,26,7,6,3,4,1,68,,1,41,6,4,1,2,41,1,,Medium,Normal,,1,1,0,Level 1
7937,34,,,,,1,3612,64,17,6,2,3,4,3,33,,2,47,14,3,4,1,23,3,,Medium,High,,1,0,0,Level 1
7938,52,,,,,3,11268,85,6,6,0,1,4,1,96,,1,41,2,2,3,2,24,2,,Very High,Normal,Senior,1,1,0,Level 2
7939,39,,,,,5,13946,77,26,10,8,2,1,3,82,,8,56,15,2,4,4,9,1,,,High,,1,0,0,Level 3
7940,31,,,,,4,14464,84,10,3,3,4,2,4,49,,1,52,13,1,3,2,7,2,,,High,Expert,1,0,1,Level 3
7941,56,,,,,3,15355,23,2,4,2,3,2,2,46,,1,52,8,2,3,3,7,4,,,High,New,0,1,0,Level 3
7942,28,,,,,3,4051,27,12,10,4,1,2,1,77,,5,55,8,1,1,4,18,3,,Medium,High,,1,0,0,Level 1
7943,42,,,,,3,5983,32,19,4,0,2,3,1,63,,2,34,15,2,1,1,21,1,,Medium,Low,,1,0,0,Level 1
7944,27,,,,,3,13296,49,25,9,0,1,1,4,89,,6,37,10,2,2,3,37,3,,,Normal,,1,0,1,Level 3
7945,51,,,,,3,4226,15,5,6,0,4,5,4,69,,9,30,11,1,4,3,1,2,,Medium,Low,Experienced,1,1,1,Level 1
7946,33,,,,,5,6154,50,16,12,6,1,1,3,38,,2,50,18,2,3,3,39,1,,High,High,,1,0,0,Level 1
7947,46,,,,,5,4274,94,5,10,6,3,5,3,85,,8,57,11,4,4,3,46,3,,Medium,High,Experienced,1,0,0,Level 1
7948,44,,,,,4,15726,96,1,3,8,2,4,1,3,,3,36,8,1,4,2,2,3,,,Normal,New,0,0,0,Level 4
7949,32,,,,,2,9557,81,10,12,4,1,2,3,97,,3,56,19,1,1,1,24,1,,Very High,High,Expert,1,0,0,Level 2
7950,40,,,,,4,15132,60,28,11,1,2,5,4,47,,8,40,2,1,2,3,14,2,,,Normal,,1,0,1,Level 3
7951,50,,,,,3,13668,51,28,4,8,3,2,1,63,,3,41,2,1,3,2,49,3,,,Normal,,1,1,0,Level 3
7952,56,,,,,2,7161,86,2,13,3,4,1,4,67,,3,39,1,3,4,2,39,4,,High,Normal,New,0,1,1,Level 1
7953,24,,,,,4,4075,96,16,6,4,4,2,4,56,,2,32,16,1,1,1,3,2,,Medium,Low,,1,0,1,Level 1
7954,32,,,,,2,18046,43,9,12,0,2,2,1,1,,2,52,4,3,4,1,21,4,,,High,Expert,1,0,0,Level 4
7955,47,,,,,5,10330,58,7,6,1,3,3,4,86,,6,54,15,2,2,3,34,4,,Very High,High,Senior,1,0,1,Level 2
7956,44,,,,,3,8360,82,13,13,7,4,5,2,83,,5,59,14,2,3,3,42,2,,High,High,,1,0,0,Level 2
7957,54,,,,,2,3389,90,4,12,1,1,3,3,26,,6,58,17,2,2,2,35,1,,Medium,High,Experienced,0,1,0,Level 1
7958,58,,,,,1,14148,91,7,12,7,2,1,2,12,,7,30,8,4,1,4,20,3,,,Low,Senior,1,1,0,Level 3
7959,26,,,,,3,14756,28,10,5,0,2,4,3,98,,4,35,5,3,4,1,38,2,,,Low,Expert,1,0,0,Level 3
7960,57,,,,,5,7077,92,12,14,8,3,4,1,18,,7,56,6,2,3,1,9,1,,High,High,,1,1,0,Level 1
7961,51,,,,,5,13760,65,2,14,8,3,2,1,20,,7,37,14,4,4,2,48,4,,,Normal,New,0,1,0,Level 3
7962,22,,,,,4,11250,88,28,1,8,4,4,2,72,,3,52,0,1,1,4,15,3,,Very High,High,,1,0,0,Level 2
7963,58,,,,,1,18988,23,5,11,5,2,3,4,10,,2,37,0,3,4,3,31,1,,,Normal,Experienced,1,1,1,Level 4
7964,56,,,,,2,9941,95,28,10,1,1,2,4,34,,3,55,3,1,3,1,41,1,,Very High,High,,1,1,1,Level 2
7965,41,,,,,4,7581,83,25,6,0,1,2,4,73,,5,50,16,2,1,2,9,4,,High,High,,1,0,1,Level 2
7966,27,,,,,5,17123,48,15,14,5,1,5,3,40,,5,48,4,4,3,4,13,4,,,High,,1,0,0,Level 4
7967,36,,,,,2,4039,79,11,4,3,1,2,3,58,,2,36,14,2,3,1,38,3,,Medium,Normal,Expert,1,0,0,Level 1
7968,46,,,,,5,10665,41,2,8,7,3,4,2,5,,7,48,17,3,3,4,32,4,,Very High,High,New,0,0,0,Level 2
7969,52,,,,,5,11312,54,15,10,7,4,5,1,20,,2,52,12,4,4,4,20,2,,Very High,High,,1,1,0,Level 2
7970,36,,,,,1,18573,22,19,1,1,3,3,2,13,,8,49,19,2,2,4,21,4,,,High,,1,0,0,Level 4
7971,31,,,,,3,6813,20,5,12,1,1,4,2,42,,8,38,1,2,3,1,19,2,,High,Normal,Experienced,1,0,0,Level 1
7972,46,,,,,2,18540,67,16,13,3,1,4,1,49,,9,34,3,4,3,2,27,2,,,Low,,1,0,0,Level 4
7973,27,,,,,1,11936,19,21,5,8,4,4,4,38,,1,59,14,4,3,1,11,1,,Very High,High,,1,0,1,Level 3
7974,42,,,,,5,7481,68,8,4,5,2,3,2,44,,4,31,17,3,4,3,15,3,,High,Low,Expert,1,0,0,Level 2
7975,48,,,,,5,17658,32,7,5,6,3,5,3,75,,3,33,16,3,4,4,8,4,,,Low,Senior,1,0,0,Level 4
7976,39,,,,,1,18913,85,3,9,2,4,5,3,97,,2,39,6,1,1,2,9,1,,,Normal,New,0,0,0,Level 4
7977,35,,,,,2,7543,50,21,7,6,1,4,2,38,,2,30,17,4,4,4,39,3,,High,Low,,1,0,0,Level 2
7978,36,,,,,5,14143,68,8,3,2,1,2,1,50,,5,51,5,2,2,2,37,1,,,High,Expert,1,0,0,Level 3
7979,35,,,,,2,17590,48,5,3,1,2,2,4,61,,7,46,12,3,1,1,20,2,,,High,Experienced,1,0,1,Level 4
7980,38,,,,,1,10003,46,14,7,1,4,4,3,9,,7,58,15,2,1,3,49,4,,Very High,High,,1,0,0,Level 2
7981,27,,,,,5,7960,65,2,1,8,4,2,3,73,,1,34,13,4,2,2,10,1,,High,Low,New,0,0,0,Level 2
7982,57,,,,,4,10867,17,10,13,6,1,3,2,37,,8,52,5,1,4,2,19,3,,Very High,High,Expert,1,1,0,Level 2
7983,57,,,,,4,18859,79,18,8,4,2,5,4,88,,6,55,14,3,2,4,10,4,,,High,,1,1,1,Level 4
7984,48,,,,,5,10043,99,17,3,2,3,3,1,11,,8,34,9,3,4,4,22,1,,Very High,Low,,1,0,0,Level 2
7985,55,,,,,3,4775,27,6,13,7,1,4,3,64,,4,34,9,2,1,1,48,2,,Medium,Low,Senior,1,1,0,Level 1
7986,45,,,,,5,4908,22,17,8,1,1,2,4,89,,6,43,2,4,1,4,25,1,,Medium,Normal,,1,0,1,Level 1
7987,50,,,,,5,19971,58,24,8,2,2,4,1,35,,1,49,8,2,2,4,24,3,,,High,,1,1,0,Level 4
7988,31,,,,,5,9145,44,17,13,4,2,3,3,12,,4,35,14,3,4,2,26,3,,Very High,Low,,1,0,0,Level 2
7989,36,,,,,1,19766,22,24,2,0,4,5,1,18,,6,38,17,3,1,4,15,1,,,Normal,,1,0,0,Level 4
7990,34,,,,,5,11881,72,22,14,5,1,1,3,55,,7,43,7,4,1,1,31,3,,Very High,Normal,,1,0,0,Level 3
7991,28,,,,,5,8231,22,25,3,1,3,4,2,30,,5,48,7,1,3,3,35,1,,High,High,,1,0,0,Level 2
7992,58,,,,,1,9004,75,19,13,6,1,4,1,92,,3,39,2,3,2,1,7,4,,Very High,Normal,,1,1,0,Level 2
7993,31,,,,,5,11395,93,16,10,6,2,4,1,26,,9,45,9,4,2,1,27,1,,Very High,Normal,,1,0,0,Level 2
7994,51,,,,,4,15273,67,23,1,0,3,4,3,82,,8,31,7,3,2,3,5,1,,,Low,,1,1,0,Level 3
7995,44,,,,,4,17061,85,2,6,3,1,5,4,52,,1,58,6,2,4,1,13,3,,,High,New,0,0,1,Level 4
7996,58,,,,,5,7121,90,5,3,0,4,5,1,11,,2,33,5,3,3,1,4,3,,High,Low,Experienced,1,1,0,Level 1
7997,37,,,,,1,4876,50,12,9,9,3,3,1,59,,2,32,6,2,3,2,42,2,,Medium,Low,,1,0,0,Level 1
7998,34,,,,,5,9251,88,1,1,6,2,1,3,87,,9,41,18,3,1,1,29,1,,Very High,Normal,New,0,0,0,Level 2
7999,51,,,,,5,4700,76,5,14,4,4,4,4,20,,6,39,13,3,4,1,11,1,,Medium,Normal,Experienced,1,1,1,Level 1
8000,25,,,,,2,4590,33,8,8,7,4,3,2,23,,9,34,17,3,3,1,29,3,,Medium,Low,Expert,1,0,0,Level 1
8001,54,,,,,3,5064,32,10,14,0,4,5,4,61,,8,46,0,4,2,3,8,4,,Medium,High,Expert,1,1,1,Level 1
8002,53,,,,,1,12679,58,3,7,9,2,2,2,21,,6,52,14,1,3,3,49,3,,,High,New,0,1,0,Level 3
8003,57,,,,,3,5345,34,6,12,3,2,5,2,30,,6,57,19,1,2,2,43,4,,Medium,High,Senior,1,1,0,Level 1
8004,24,,,,,2,5640,16,13,7,8,1,5,4,82,,6,56,7,1,4,1,34,1,,Medium,High,,1,0,1,Level 1
8005,37,,,,,3,4050,44,20,11,9,4,2,4,12,,5,36,11,1,4,2,18,3,,Medium,Normal,,1,0,1,Level 1
8006,35,,,,,5,15470,65,8,8,0,3,2,3,97,,1,31,0,3,4,4,26,3,,,Low,Expert,1,0,0,Level 3
8007,27,,,,,4,9592,58,29,9,2,3,3,4,41,,6,33,9,1,4,4,49,3,,Very High,Low,,1,0,1,Level 2
8008,44,,,,,1,17236,61,18,8,1,4,1,2,33,,1,56,16,2,1,3,18,2,,,High,,1,0,0,Level 4
8009,51,,,,,1,16767,57,5,6,8,2,1,1,90,,8,39,19,4,1,4,45,3,,,Normal,Experienced,1,1,0,Level 4
8010,45,,,,,5,9731,25,6,1,9,1,5,1,33,,7,53,3,1,2,3,43,1,,Very High,High,Senior,1,0,0,Level 2
8011,41,,,,,3,15707,56,27,1,4,2,2,4,26,,4,48,1,3,1,4,24,1,,,High,,1,0,1,Level 4
8012,50,,,,,1,9383,33,24,13,5,2,5,2,96,,7,49,0,2,3,3,35,1,,Very High,High,,1,1,0,Level 2
8013,29,,,,,2,17847,17,2,11,7,4,1,1,67,,7,58,13,4,3,1,33,4,,,High,New,0,0,0,Level 4
8014,31,,,,,2,18649,18,25,7,8,4,1,4,91,,7,57,16,3,1,1,18,4,,,High,,1,0,1,Level 4
8015,47,,,,,3,7899,52,7,11,7,1,4,1,70,,4,45,14,3,4,1,31,1,,High,Normal,Senior,1,0,0,Level 2
8016,25,,,,,2,7534,87,16,3,7,4,1,2,89,,9,42,7,3,4,4,45,1,,High,Normal,,1,0,0,Level 2
8017,39,,,,,4,3522,86,10,3,0,2,4,4,25,,5,49,8,3,4,2,29,4,,Medium,High,Expert,1,0,1,Level 1
8018,24,,,,,5,11762,48,29,11,9,3,5,3,49,,2,48,12,3,3,3,1,2,,Very High,High,,1,0,0,Level 3
8019,42,,,,,1,7208,65,20,9,0,4,3,2,20,,7,48,15,4,3,4,17,4,,High,High,,1,0,0,Level 2
8020,28,,,,,5,8125,45,10,10,7,1,1,4,16,,5,41,0,3,2,1,35,2,,High,Normal,Expert,1,0,1,Level 2
8021,48,,,,,3,6185,97,2,4,0,1,4,3,31,,6,55,4,2,4,2,24,4,,High,High,New,0,0,0,Level 1
8022,35,,,,,5,17700,51,8,3,4,2,3,4,26,,7,37,17,2,4,4,3,2,,,Normal,Expert,1,0,1,Level 4
8023,41,,,,,1,12038,58,2,13,3,4,3,1,43,,3,50,4,2,4,4,37,1,,,High,New,0,0,0,Level 3
8024,27,,,,,1,18527,73,2,2,4,1,5,4,65,,5,44,11,3,4,1,22,2,,,Normal,New,0,0,1,Level 4
8025,39,,,,,3,14089,32,13,5,7,2,2,2,89,,6,51,9,1,4,2,21,3,,,High,,1,0,0,Level 3
8026,33,,,,,1,9195,39,25,9,9,2,3,1,91,,2,37,17,2,1,4,16,3,,Very High,Normal,,1,0,0,Level 2
8027,58,,,,,2,13103,24,4,14,7,4,5,1,84,,9,44,14,4,2,2,17,4,,,Normal,Experienced,0,1,0,Level 3
8028,56,,,,,5,19683,83,7,12,3,4,2,3,39,,4,37,12,1,3,3,39,1,,,Normal,Senior,1,1,0,Level 4
8029,53,,,,,4,7958,93,26,8,7,4,3,1,34,,1,52,1,4,2,3,2,3,,High,High,,1,1,0,Level 2
8030,30,,,,,4,3083,39,14,8,9,2,5,3,89,,8,38,19,1,1,1,33,3,,Medium,Normal,,1,0,0,Level 1
8031,59,,,,,4,10915,98,20,1,4,2,5,2,20,,3,53,15,3,4,1,49,2,,Very High,High,,1,1,0,Level 2
8032,52,,,,,3,4376,65,5,9,3,3,4,1,5,,2,35,7,3,2,3,45,4,,Medium,Low,Experienced,1,1,0,Level 1
8033,50,,,,,4,14766,67,1,8,6,2,5,4,31,,7,43,8,2,2,1,31,3,,,Normal,New,0,1,1,Level 3
8034,53,,,,,5,10826,24,26,14,2,1,3,3,65,,1,55,15,4,2,2,43,4,,Very High,High,,1,1,0,Level 2
8035,26,,,,,1,16306,63,1,11,4,2,3,2,11,,9,48,11,2,1,4,48,2,,,High,New,0,0,0,Level 4
8036,42,,,,,2,16946,52,26,14,4,4,1,1,81,,2,36,13,4,4,4,49,2,,,Normal,,1,0,0,Level 4
8037,26,,,,,4,8010,60,26,14,4,2,3,2,13,,4,32,7,4,3,3,12,4,,High,Low,,1,0,0,Level 2
8038,44,,,,,4,6870,84,19,13,1,4,2,1,69,,4,42,5,2,4,4,17,2,,High,Normal,,1,0,0,Level 1
8039,22,,,,,4,15981,25,6,3,9,2,1,1,1,,5,46,0,2,1,3,34,4,,,High,Senior,1,0,0,Level 4
8040,57,,,,,2,4725,97,16,8,6,3,5,2,22,,2,46,13,4,3,3,2,1,,Medium,High,,1,1,0,Level 1
8041,39,,,,,5,16197,30,12,9,9,2,1,1,52,,6,37,6,3,2,1,24,4,,,Normal,,1,0,0,Level 4
8042,53,,,,,4,5810,46,1,12,6,2,2,4,15,,4,52,14,3,3,4,33,4,,Medium,High,New,0,1,1,Level 1
8043,49,,,,,1,8561,16,28,2,7,1,1,2,17,,7,44,0,4,2,1,15,2,,High,Normal,,1,0,0,Level 2
8044,36,,,,,3,5294,72,12,1,6,3,2,4,1,,5,51,6,1,1,4,9,4,,Medium,High,,1,0,1,Level 1
8045,29,,,,,2,13504,99,20,1,0,4,5,4,65,,6,58,10,1,3,3,12,2,,,High,,1,0,1,Level 3
8046,54,,,,,5,12784,52,25,1,8,1,1,1,44,,6,54,17,4,1,1,37,2,,,High,,1,1,0,Level 3
8047,39,,,,,1,11616,93,18,5,3,2,3,4,51,,7,49,10,3,4,4,40,1,,Very High,High,,1,0,1,Level 3
8048,37,,,,,2,7890,71,2,2,0,1,3,1,86,,5,32,18,4,2,3,44,3,,High,Low,New,0,0,0,Level 2
8049,46,,,,,2,8177,91,18,4,9,4,2,1,55,,4,51,12,2,3,3,5,3,,High,High,,1,0,0,Level 2
8050,55,,,,,3,8603,85,10,1,1,4,2,3,47,,9,46,18,3,4,4,2,1,,High,High,Expert,1,1,0,Level 2
8051,42,,,,,3,10353,73,10,2,7,1,2,1,65,,6,57,11,3,4,2,45,4,,Very High,High,Expert,1,0,0,Level 2
8052,51,,,,,5,8618,71,23,7,7,3,5,1,51,,7,45,1,4,2,2,28,2,,High,Normal,,1,1,0,Level 2
8053,29,,,,,4,17928,81,23,9,8,4,2,4,9,,8,35,5,2,1,2,21,4,,,Low,,1,0,1,Level 4
8054,30,,,,,3,4784,29,6,6,8,3,3,3,15,,1,35,6,3,1,3,49,4,,Medium,Low,Senior,1,0,0,Level 1
8055,57,,,,,5,5916,98,2,10,9,4,3,3,51,,3,57,13,3,1,2,14,4,,Medium,High,New,0,1,0,Level 1
8056,25,,,,,2,6444,72,16,10,7,3,2,4,21,,8,48,15,1,1,4,48,3,,High,High,,1,0,1,Level 1
8057,53,,,,,4,3514,17,5,13,3,4,4,1,62,,8,52,19,1,2,1,1,2,,Medium,High,Experienced,1,1,0,Level 1
8058,55,,,,,1,13831,72,29,5,9,1,2,1,15,,8,58,6,1,4,4,22,2,,,High,,1,1,0,Level 3
8059,56,,,,,2,17739,41,6,10,6,3,4,4,58,,3,46,14,1,3,3,4,3,,,High,Senior,1,1,1,Level 4
8060,36,,,,,5,8536,29,22,11,8,1,1,1,32,,7,41,0,2,1,3,8,3,,High,Normal,,1,0,0,Level 2
8061,59,,,,,1,10850,74,26,7,5,1,1,2,39,,6,41,19,3,3,3,2,4,,Very High,Normal,,1,1,0,Level 2
8062,59,,,,,2,11113,17,22,9,5,4,3,2,87,,6,43,11,3,2,3,16,2,,Very High,Normal,,1,1,0,Level 2
8063,31,,,,,3,7250,42,22,13,0,2,1,4,24,,4,45,15,1,4,2,16,3,,High,Normal,,1,0,1,Level 2
8064,40,,,,,5,7241,61,1,14,9,1,1,2,40,,2,39,5,3,4,2,44,4,,High,Normal,New,0,0,0,Level 2
8065,59,,,,,1,14165,79,28,2,8,2,1,1,10,,2,43,7,3,3,3,45,3,,,Normal,,1,1,0,Level 3
8066,38,,,,,3,16546,67,4,6,1,4,5,1,38,,7,47,6,1,4,3,36,4,,,High,Experienced,0,0,0,Level 4
8067,22,,,,,1,8518,34,17,3,2,1,5,4,11,,3,52,3,2,3,3,31,4,,High,High,,1,0,1,Level 2
8068,37,,,,,4,4931,25,13,10,4,2,2,4,5,,3,41,4,3,3,3,49,2,,Medium,Normal,,1,0,1,Level 1
8069,38,,,,,4,18792,39,12,12,4,3,4,2,3,,6,42,1,2,2,4,46,2,,,Normal,,1,0,0,Level 4
8070,25,,,,,5,3438,77,13,10,4,2,3,4,53,,4,30,17,3,2,4,12,3,,Medium,Low,,1,0,1,Level 1
8071,35,,,,,1,3536,18,19,4,3,1,5,4,76,,3,51,3,3,4,4,30,4,,Medium,High,,1,0,1,Level 1
8072,27,,,,,4,13414,97,28,5,4,2,5,4,47,,6,48,5,1,1,4,44,4,,,High,,1,0,1,Level 3
8073,37,,,,,2,8926,68,27,5,2,4,3,3,65,,1,54,11,3,2,3,28,4,,High,High,,1,0,0,Level 2
8074,58,,,,,2,18356,74,16,10,0,2,5,4,74,,1,58,16,1,1,2,26,1,,,High,,1,1,1,Level 4
8075,31,,,,,4,17673,42,27,8,6,3,3,3,90,,8,55,18,1,1,3,46,4,,,High,,1,0,0,Level 4
8076,29,,,,,4,5766,24,27,5,9,2,2,1,32,,8,53,18,2,3,1,16,3,,Medium,High,,1,0,0,Level 1
8077,26,,,,,5,11174,99,11,2,1,3,2,1,55,,9,53,15,4,2,3,7,2,,Very High,High,Expert,1,0,0,Level 2
8078,20,,,,,5,18543,50,18,14,7,2,1,1,46,,3,33,10,4,4,3,13,2,,,Low,,1,0,0,Level 4
8079,55,,,,,2,18650,94,18,2,0,4,3,2,40,,5,58,3,2,3,2,8,1,,,High,,1,1,0,Level 4
8080,40,,,,,3,3301,47,22,12,5,4,3,2,87,,6,31,18,4,2,1,27,4,,Medium,Low,,1,0,0,Level 1
8081,56,,,,,1,6650,73,1,1,0,2,2,2,85,,3,55,18,1,2,4,31,3,,High,High,New,0,1,0,Level 1
8082,43,,,,,3,3246,59,4,2,7,1,5,1,22,,8,53,3,3,2,4,8,2,,Medium,High,Experienced,0,0,0,Level 1
8083,44,,,,,5,4358,65,9,1,1,1,3,3,35,,3,54,14,3,1,2,15,2,,Medium,High,Expert,1,0,0,Level 1
8084,26,,,,,3,16717,60,3,3,7,3,3,2,64,,9,45,5,3,4,1,29,2,,,Normal,New,0,0,0,Level 4
8085,36,,,,,5,14793,27,8,5,3,3,5,4,87,,5,34,0,1,3,1,30,2,,,Low,Expert,1,0,1,Level 3
8086,48,,,,,3,9761,18,9,3,2,1,2,3,76,,7,46,3,4,4,3,11,2,,Very High,High,Expert,1,0,0,Level 2
8087,49,,,,,2,7214,56,18,11,1,3,3,3,17,,7,45,15,3,4,2,37,4,,High,Normal,,1,0,0,Level 2
8088,26,,,,,5,12707,41,5,7,3,1,3,3,6,,5,54,19,3,2,2,46,1,,,High,Experienced,1,0,0,Level 3
8089,52,,,,,2,7601,22,22,10,9,2,5,3,39,,8,57,0,3,1,3,2,3,,High,High,,1,1,0,Level 2
8090,26,,,,,3,14898,60,5,11,9,3,1,3,67,,1,50,16,2,2,2,28,4,,,High,Experienced,1,0,0,Level 3
8091,43,,,,,4,11628,22,22,2,1,2,5,4,83,,6,34,3,3,1,4,5,3,,Very High,Low,,1,0,1,Level 3
8092,30,,,,,4,7800,40,5,5,2,1,5,2,73,,3,43,3,2,1,3,42,1,,High,Normal,Experienced,1,0,0,Level 2
8093,28,,,,,1,3824,15,23,13,1,3,1,3,70,,2,59,3,2,2,4,34,4,,Medium,High,,1,0,0,Level 1
8094,31,,,,,4,17241,97,16,3,1,3,3,4,38,,2,55,19,1,2,3,25,1,,,High,,1,0,1,Level 4
8095,54,,,,,1,11495,75,5,2,9,3,1,1,42,,4,53,17,3,2,1,3,3,,Very High,High,Experienced,1,1,0,Level 3
8096,23,,,,,3,9310,98,5,4,8,3,4,2,24,,9,33,6,3,3,4,42,3,,Very High,Low,Experienced,1,0,0,Level 2
8097,55,,,,,1,11278,96,12,12,0,2,1,3,82,,1,32,3,3,2,1,47,1,,Very High,Low,,1,1,0,Level 2
8098,47,,,,,1,6297,53,7,9,2,3,2,3,43,,3,48,12,3,2,3,30,1,,High,High,Senior,1,0,0,Level 1
8099,32,,,,,1,17455,23,3,9,0,3,3,2,83,,1,50,12,3,2,1,49,4,,,High,New,0,0,0,Level 4
8100,42,,,,,2,14511,41,26,6,2,4,4,3,92,,1,34,18,3,1,3,37,1,,,Low,,1,0,0,Level 3
8101,38,,,,,1,10089,84,23,7,0,3,4,1,68,,7,57,19,3,2,2,45,3,,Very High,High,,1,0,0,Level 2
8102,56,,,,,5,18503,34,8,1,8,3,1,3,93,,8,47,18,3,1,1,48,1,,,High,Expert,1,1,0,Level 4
8103,58,,,,,3,8634,79,21,3,4,4,4,2,27,,3,44,8,3,3,1,26,2,,High,Normal,,1,1,0,Level 2
8104,43,,,,,2,16305,30,20,2,3,1,3,4,38,,1,59,15,3,4,3,32,2,,,High,,1,0,1,Level 4
8105,35,,,,,5,18676,82,18,9,7,2,3,4,51,,1,32,5,2,4,2,24,1,,,Low,,1,0,1,Level 4
8106,52,,,,,3,4049,81,5,10,0,1,5,2,91,,7,46,1,2,3,4,17,1,,Medium,High,Experienced,1,1,0,Level 1
8107,31,,,,,2,6601,36,6,8,8,4,5,2,59,,9,30,19,2,4,1,35,2,,High,Low,Senior,1,0,0,Level 1
8108,53,,,,,3,9465,87,27,3,1,4,2,1,25,,5,54,8,4,1,1,16,2,,Very High,High,,1,1,0,Level 2
8109,26,,,,,4,10749,70,25,10,7,2,1,3,0,,1,52,10,2,1,4,5,4,,Very High,High,,1,0,0,Level 2
8110,30,,,,,3,5983,71,22,14,6,3,4,2,10,,2,37,11,1,3,3,48,1,,Medium,Normal,,1,0,0,Level 1
8111,50,,,,,4,18257,68,22,8,9,3,5,1,0,,4,41,2,4,3,4,32,2,,,Normal,,1,1,0,Level 4
8112,48,,,,,4,14312,22,6,10,1,1,3,1,44,,9,43,8,1,2,2,28,4,,,Normal,Senior,1,0,0,Level 3
8113,32,,,,,3,17100,21,24,8,9,4,4,4,13,,7,41,8,3,3,3,3,2,,,Normal,,1,0,1,Level 4
8114,50,,,,,4,10173,90,6,11,9,2,1,2,84,,3,34,19,3,2,1,26,1,,Very High,Low,Senior,1,1,0,Level 2
8115,21,,,,,2,19417,15,11,14,5,4,4,4,64,,9,39,3,3,3,2,21,1,,,Normal,Expert,1,0,1,Level 4
8116,58,,,,,4,9546,68,27,8,4,3,4,2,13,,3,35,19,3,1,3,11,1,,Very High,Low,,1,1,0,Level 2
8117,34,,,,,1,3009,26,13,4,6,4,2,1,9,,2,46,14,1,1,2,47,4,,Medium,High,,1,0,0,Level 1
8118,30,,,,,2,4727,94,14,7,1,2,1,2,55,,6,46,6,1,2,3,2,2,,Medium,High,,1,0,0,Level 1
8119,53,,,,,2,9732,28,17,10,9,4,4,2,89,,8,39,19,3,4,1,2,4,,Very High,Normal,,1,1,0,Level 2
8120,58,,,,,2,17867,33,1,8,8,2,3,4,98,,8,58,8,1,2,4,47,4,,,High,New,0,1,1,Level 4
8121,23,,,,,1,14419,33,10,10,2,2,3,4,83,,9,45,15,3,3,4,4,3,,,Normal,Expert,1,0,1,Level 3
8122,30,,,,,1,6098,91,28,13,0,2,2,4,2,,5,50,10,4,3,3,27,1,,High,High,,1,0,1,Level 1
8123,48,,,,,1,7044,88,2,5,7,1,5,1,88,,6,44,1,2,2,1,24,2,,High,Normal,New,0,0,0,Level 1
8124,21,,,,,1,18227,42,13,14,6,3,1,3,49,,5,51,1,4,3,4,3,2,,,High,,1,0,0,Level 4
8125,35,,,,,1,16597,91,17,9,6,3,4,2,23,,2,42,8,1,1,1,16,4,,,Normal,,1,0,0,Level 4
8126,58,,,,,5,14769,29,19,9,3,3,2,1,50,,8,31,11,2,4,3,41,3,,,Low,,1,1,0,Level 3
8127,32,,,,,5,5341,95,3,3,9,2,3,2,69,,9,59,4,3,4,2,38,4,,Medium,High,New,0,0,0,Level 1
8128,56,,,,,1,7539,77,4,3,2,2,4,2,59,,8,44,19,1,4,1,29,2,,High,Normal,Experienced,0,1,0,Level 2
8129,36,,,,,2,15575,37,6,13,8,4,3,3,65,,8,51,15,4,3,3,36,4,,,High,Senior,1,0,0,Level 3
8130,40,,,,,4,6142,57,13,8,2,2,4,2,93,,6,41,6,4,2,2,25,3,,High,Normal,,1,0,0,Level 1
8131,38,,,,,4,13827,24,29,13,6,2,1,4,3,,9,55,10,2,2,2,41,4,,,High,,1,0,1,Level 3
8132,26,,,,,5,10274,50,26,7,6,1,3,2,97,,2,54,7,4,4,2,33,4,,Very High,High,,1,0,0,Level 2
8133,57,,,,,1,5027,77,23,9,9,2,2,2,83,,7,34,18,2,4,3,5,1,,Medium,Low,,1,1,0,Level 1
8134,27,,,,,3,7726,63,14,13,6,2,2,1,98,,6,58,19,1,3,3,13,3,,High,High,,1,0,0,Level 2
8135,32,,,,,4,4999,28,9,2,0,2,2,2,17,,4,30,13,3,4,4,43,2,,Medium,Low,Expert,1,0,0,Level 1
8136,56,,,,,4,7704,48,24,2,9,2,2,2,68,,3,40,16,1,1,4,4,2,,High,Normal,,1,1,0,Level 2
8137,21,,,,,2,18028,53,15,7,1,4,5,4,14,,7,31,17,1,4,4,36,4,,,Low,,1,0,1,Level 4
8138,30,,,,,4,8617,46,6,13,1,1,4,1,33,,6,46,16,1,2,2,17,4,,High,High,Senior,1,0,0,Level 2
8139,43,,,,,5,12216,94,25,8,2,2,4,2,39,,6,56,11,1,2,3,39,3,,,High,,1,0,0,Level 3
8140,25,,,,,1,7571,95,20,3,3,3,4,4,37,,1,56,15,2,3,2,24,3,,High,High,,1,0,1,Level 2
8141,45,,,,,1,18812,36,11,1,0,2,5,4,18,,9,59,1,3,3,2,29,4,,,High,Expert,1,0,1,Level 4
8142,26,,,,,4,19998,49,22,10,4,1,2,4,63,,7,44,14,3,1,2,20,3,,,Normal,,1,0,1,Level 4
8143,58,,,,,3,7080,37,7,7,0,2,1,2,84,,5,42,2,4,1,1,43,3,,High,Normal,Senior,1,1,0,Level 1
8144,38,,,,,5,17259,39,18,14,6,3,2,2,67,,1,43,5,2,3,2,11,3,,,Normal,,1,0,0,Level 4
8145,25,,,,,4,15709,83,28,11,6,4,5,4,20,,2,39,7,4,3,2,35,3,,,Normal,,1,0,1,Level 4
8146,48,,,,,5,18750,20,17,6,1,2,1,4,30,,2,51,10,1,4,1,21,2,,,High,,1,0,1,Level 4
8147,58,,,,,3,9142,74,14,13,3,1,5,3,53,,5,40,15,1,4,3,48,2,,Very High,Normal,,1,1,0,Level 2
8148,21,,,,,5,12207,20,26,14,8,2,3,1,89,,6,41,15,4,3,2,10,1,,,Normal,,1,0,0,Level 3
8149,38,,,,,5,14678,33,8,1,0,1,4,1,73,,9,50,19,4,4,4,27,3,,,High,Expert,1,0,0,Level 3
8150,23,,,,,5,10930,33,29,9,9,2,4,1,7,,8,47,15,2,3,3,11,1,,Very High,High,,1,0,0,Level 2
8151,25,,,,,1,6765,26,8,11,5,2,5,3,81,,7,30,9,3,4,3,6,2,,High,Low,Expert,1,0,0,Level 1
8152,56,,,,,3,16307,27,27,11,9,4,1,4,17,,7,34,0,2,4,2,39,1,,,Low,,1,1,1,Level 4
8153,47,,,,,1,8713,64,7,11,0,4,3,1,57,,4,51,19,2,1,1,34,3,,High,High,Senior,1,0,0,Level 2
8154,49,,,,,2,16871,81,25,6,5,2,3,1,76,,2,58,18,2,3,3,11,4,,,High,,1,0,0,Level 4
8155,26,,,,,4,6905,90,9,13,0,1,2,1,65,,1,47,8,1,3,2,23,2,,High,High,Expert,1,0,0,Level 1
8156,28,,,,,1,13605,45,12,5,2,3,2,2,9,,8,49,0,4,2,3,5,2,,,High,,1,0,0,Level 3
8157,44,,,,,5,4916,91,3,3,3,4,1,3,48,,4,56,16,4,2,1,33,4,,Medium,High,New,0,0,0,Level 1
8158,52,,,,,2,7277,37,1,13,9,2,2,2,44,,2,55,3,4,1,3,6,4,,High,High,New,0,1,0,Level 2
8159,20,,,,,3,13482,91,15,9,4,1,4,1,63,,6,39,4,1,4,1,5,1,,,Normal,,1,0,0,Level 3
8160,25,,,,,3,15507,84,9,7,6,2,5,2,13,,3,46,7,1,1,4,23,2,,,High,Expert,1,0,0,Level 3
8161,37,,,,,1,18998,72,17,4,1,2,4,1,66,,2,30,19,3,2,2,39,1,,,Low,,1,0,0,Level 4
8162,29,,,,,5,13083,81,12,13,5,4,3,2,43,,7,34,6,4,3,3,49,3,,,Low,,1,0,0,Level 3
8163,47,,,,,5,9572,85,17,1,3,1,3,4,64,,4,55,6,4,4,1,16,2,,Very High,High,,1,0,1,Level 2
8164,30,,,,,3,9951,24,28,12,5,2,5,4,78,,5,32,6,4,3,3,16,4,,Very High,Low,,1,0,1,Level 2
8165,52,,,,,5,6863,82,29,4,6,4,1,2,44,,6,58,5,1,1,4,35,2,,High,High,,1,1,0,Level 1
8166,20,,,,,4,7503,58,13,3,6,1,3,4,97,,7,56,10,4,1,3,26,1,,High,High,,1,0,1,Level 2
8167,32,,,,,1,7099,84,13,6,4,1,1,4,35,,7,42,6,4,2,3,49,3,,High,Normal,,1,0,1,Level 1
8168,56,,,,,1,3589,96,15,11,6,2,4,3,38,,4,35,5,1,2,3,38,1,,Medium,Low,,1,1,0,Level 1
8169,39,,,,,5,19023,85,21,1,2,2,2,1,73,,8,59,1,1,1,1,19,4,,,High,,1,0,0,Level 4
8170,20,,,,,3,4889,22,18,11,9,1,5,3,56,,4,38,10,3,2,3,45,2,,Medium,Normal,,1,0,0,Level 1
8171,22,,,,,4,14554,42,15,4,4,1,2,1,76,,4,37,10,1,4,2,32,4,,,Normal,,1,0,0,Level 3
8172,37,,,,,4,4059,69,18,1,4,4,1,1,30,,8,47,5,2,3,3,13,3,,Medium,High,,1,0,0,Level 1
8173,33,,,,,4,6395,81,5,1,1,3,1,1,24,,9,32,13,2,1,2,1,3,,High,Low,Experienced,1,0,0,Level 1
8174,50,,,,,2,19778,91,7,6,3,1,4,2,20,,6,32,18,2,1,4,15,1,,,Low,Senior,1,1,0,Level 4
8175,46,,,,,5,19950,53,6,6,1,2,4,4,7,,2,38,17,4,3,3,10,4,,,Normal,Senior,1,0,1,Level 4
8176,36,,,,,4,5510,47,5,9,8,1,1,3,7,,8,30,19,1,3,2,18,1,,Medium,Low,Experienced,1,0,0,Level 1
8177,48,,,,,5,10480,94,19,14,8,2,4,4,17,,9,30,1,4,4,4,27,4,,Very High,Low,,1,0,1,Level 2
8178,55,,,,,3,9100,89,9,14,0,3,5,1,16,,9,33,7,1,3,4,41,2,,Very High,Low,Expert,1,1,0,Level 2
8179,56,,,,,3,5402,43,24,11,1,1,3,1,38,,8,59,14,1,1,3,31,2,,Medium,High,,1,1,0,Level 1
8180,45,,,,,3,9486,31,11,7,7,2,5,2,73,,2,44,6,4,2,3,33,4,,Very High,Normal,Expert,1,0,0,Level 2
8181,36,,,,,2,14575,51,3,6,2,2,1,1,11,,5,35,0,3,2,3,2,1,,,Low,New,0,0,0,Level 3
8182,41,,,,,3,16191,20,7,3,2,2,3,1,53,,2,35,1,1,2,1,6,2,,,Low,Senior,1,0,0,Level 4
8183,44,,,,,5,8439,60,3,3,9,4,1,2,68,,1,39,10,2,3,2,27,3,,High,Normal,New,0,0,0,Level 2
8184,21,,,,,1,8991,28,27,5,5,2,5,2,19,,4,32,19,2,2,2,45,3,,High,Low,,1,0,0,Level 2
8185,41,,,,,1,3965,97,6,6,4,3,1,2,41,,7,31,11,1,1,4,43,4,,Medium,Low,Senior,1,0,0,Level 1
8186,24,,,,,5,14723,51,19,6,3,2,4,3,95,,1,56,0,2,3,2,15,4,,,High,,1,0,0,Level 3
8187,23,,,,,1,11556,90,16,8,6,1,1,3,36,,3,39,9,1,1,2,8,1,,Very High,Normal,,1,0,0,Level 3
8188,55,,,,,4,6613,97,8,8,0,3,5,3,97,,5,42,8,2,2,1,36,4,,High,Normal,Expert,1,1,0,Level 1
8189,25,,,,,1,16007,99,19,13,0,2,4,1,26,,9,38,8,3,2,1,34,4,,,Normal,,1,0,0,Level 4
8190,40,,,,,2,4031,43,21,13,0,3,3,3,70,,9,51,13,2,3,1,6,3,,Medium,High,,1,0,0,Level 1
8191,32,,,,,3,17127,95,19,1,7,1,5,1,15,,7,37,8,1,4,2,25,3,,,Normal,,1,0,0,Level 4
8192,56,,,,,1,6867,63,16,3,8,3,2,4,14,,7,58,11,4,4,2,35,2,,High,High,,1,1,1,Level 1
8193,44,,,,,1,18237,16,8,5,2,4,2,3,60,,3,58,12,4,3,4,32,2,,,High,Expert,1,0,0,Level 4
8194,45,,,,,2,10581,84,10,9,0,4,5,4,59,,7,55,9,2,2,4,39,3,,Very High,High,Expert,1,0,1,Level 2
8195,58,,,,,2,6203,97,9,4,8,3,5,1,0,,1,34,14,3,2,4,24,2,,High,Low,Expert,1,1,0,Level 1
8196,39,,,,,1,18353,84,16,5,2,2,2,1,17,,1,55,3,2,4,2,26,4,,,High,,1,0,0,Level 4
8197,52,,,,,4,8001,79,22,1,8,2,2,4,82,,1,40,6,4,4,3,4,3,,High,Normal,,1,1,1,Level 2
8198,33,,,,,1,7890,60,14,7,3,2,2,2,88,,9,42,1,4,2,1,37,2,,High,Normal,,1,0,0,Level 2
8199,55,,,,,4,16740,77,10,2,0,2,5,3,55,,4,41,7,4,4,1,21,1,,,Normal,Expert,1,1,0,Level 4
8200,36,,,,,3,16411,99,4,13,4,1,4,2,64,,6,38,3,1,3,3,24,2,,,Normal,Experienced,0,0,0,Level 4
8201,40,,,,,5,7839,35,10,12,6,1,1,4,95,,4,34,13,4,3,1,21,3,,High,Low,Expert,1,0,1,Level 2
8202,35,,,,,3,9379,41,20,1,5,4,1,1,95,,8,34,9,3,1,4,16,2,,Very High,Low,,1,0,0,Level 2
8203,35,,,,,1,18171,77,21,14,3,3,4,4,40,,2,56,19,4,1,1,5,1,,,High,,1,0,1,Level 4
8204,39,,,,,1,8927,37,28,14,9,1,1,1,9,,5,47,4,4,2,2,19,4,,High,High,,1,0,0,Level 2
8205,48,,,,,4,5417,53,27,13,7,4,4,3,56,,9,55,18,4,1,3,43,4,,Medium,High,,1,0,0,Level 1
8206,47,,,,,2,3258,72,15,13,9,2,4,4,30,,5,55,4,4,4,1,44,4,,Medium,High,,1,0,1,Level 1
8207,27,,,,,4,17563,59,19,2,9,4,1,1,20,,2,39,13,2,2,4,30,3,,,Normal,,1,0,0,Level 4
8208,43,,,,,2,19528,95,11,8,0,1,1,3,0,,4,46,9,2,4,2,48,1,,,High,Expert,1,0,0,Level 4
8209,22,,,,,2,11437,28,20,1,3,3,1,3,87,,2,32,15,1,3,3,35,4,,Very High,Low,,1,0,0,Level 3
8210,44,,,,,2,10570,36,14,1,6,1,3,3,32,,2,54,2,2,4,3,10,1,,Very High,High,,1,0,0,Level 2
8211,38,,,,,2,15565,31,28,1,5,3,1,2,89,,2,36,0,2,4,1,48,4,,,Normal,,1,0,0,Level 3
8212,52,,,,,1,10175,43,15,11,0,3,5,3,86,,4,35,7,1,1,2,3,4,,Very High,Low,,1,1,0,Level 2
8213,21,,,,,5,12579,52,4,14,4,2,5,3,18,,7,52,10,2,4,1,17,3,,,High,Experienced,0,0,0,Level 3
8214,34,,,,,5,14715,45,17,2,5,3,3,3,17,,3,31,7,3,3,3,9,1,,,Low,,1,0,0,Level 3
8215,41,,,,,3,12926,72,1,14,9,3,5,3,45,,5,55,8,1,3,4,49,2,,,High,New,0,0,0,Level 3
8216,29,,,,,3,3251,31,25,1,8,2,1,3,96,,8,52,6,3,1,3,44,3,,Medium,High,,1,0,0,Level 1
8217,37,,,,,3,5005,37,19,2,4,4,3,2,10,,5,44,8,3,4,3,34,3,,Medium,Normal,,1,0,0,Level 1
8218,41,,,,,4,9161,96,5,11,4,3,2,3,74,,5,31,4,3,2,2,11,4,,Very High,Low,Experienced,1,0,0,Level 2
8219,46,,,,,3,17725,99,18,7,7,1,2,1,95,,6,40,3,1,2,2,18,3,,,Normal,,1,0,0,Level 4
8220,32,,,,,3,4276,34,17,1,5,1,4,1,98,,9,30,15,2,3,2,3,3,,Medium,Low,,1,0,0,Level 1
8221,52,,,,,3,12219,90,23,10,9,4,1,3,55,,2,40,4,2,4,4,42,4,,,Normal,,1,1,0,Level 3
8222,24,,,,,1,4448,18,10,2,7,4,4,3,28,,1,47,1,1,2,2,36,2,,Medium,High,Expert,1,0,0,Level 1
8223,45,,,,,3,9892,87,9,3,5,1,2,3,2,,6,36,4,1,4,2,39,4,,Very High,Normal,Expert,1,0,0,Level 2
8224,32,,,,,5,8999,89,4,2,8,3,5,3,18,,9,52,16,3,3,2,39,2,,High,High,Experienced,0,0,0,Level 2
8225,46,,,,,1,11961,63,20,3,7,3,3,3,67,,5,30,16,2,3,1,35,3,,Very High,Low,,1,0,0,Level 3
8226,33,,,,,2,13498,40,19,13,7,2,2,1,98,,9,54,11,2,2,4,17,4,,,High,,1,0,0,Level 3
8227,43,,,,,4,9740,46,3,7,0,4,4,3,34,,2,31,9,3,2,2,34,2,,Very High,Low,New,0,0,0,Level 2
8228,22,,,,,1,9438,42,18,2,3,3,5,4,44,,5,32,13,4,2,2,9,3,,Very High,Low,,1,0,1,Level 2
8229,49,,,,,1,12548,65,3,3,1,4,3,3,10,,9,36,12,4,4,1,8,2,,,Normal,New,0,0,0,Level 3
8230,54,,,,,5,4973,54,29,6,6,3,5,3,82,,4,38,9,4,1,3,16,2,,Medium,Normal,,1,1,0,Level 1
8231,33,,,,,3,13445,51,21,4,9,4,2,4,49,,3,44,16,2,1,3,32,2,,,Normal,,1,0,1,Level 3
8232,31,,,,,2,16841,65,8,1,5,1,5,4,51,,7,52,3,4,3,3,46,1,,,High,Expert,1,0,1,Level 4
8233,47,,,,,5,8389,71,24,8,6,1,5,1,24,,5,47,12,1,1,3,22,2,,High,High,,1,0,0,Level 2
8234,48,,,,,5,9183,94,5,7,4,3,4,4,83,,4,54,18,3,1,4,38,4,,Very High,High,Experienced,1,0,1,Level 2
8235,36,,,,,1,12946,86,27,8,2,2,5,4,84,,2,59,14,3,4,2,3,4,,,High,,1,0,1,Level 3
8236,59,,,,,2,15230,81,1,9,3,4,3,1,74,,2,59,5,4,1,2,30,2,,,High,New,0,1,0,Level 3
8237,40,,,,,5,7617,17,26,9,9,1,2,4,15,,9,31,0,1,2,1,39,4,,High,Low,,1,0,1,Level 2
8238,42,,,,,4,4698,88,18,3,0,4,1,3,25,,7,48,0,1,2,3,18,3,,Medium,High,,1,0,0,Level 1
8239,39,,,,,4,16975,77,24,11,4,3,5,4,73,,1,49,2,4,1,2,8,1,,,High,,1,0,1,Level 4
8240,30,,,,,5,5352,26,26,9,5,2,2,4,70,,5,45,7,4,2,4,38,3,,Medium,Normal,,1,0,1,Level 1
8241,53,,,,,1,18785,93,14,11,6,2,5,4,4,,6,59,17,4,4,1,34,2,,,High,,1,1,1,Level 4
8242,29,,,,,4,17537,65,25,6,7,3,5,1,0,,5,57,10,1,2,4,21,1,,,High,,1,0,0,Level 4
8243,29,,,,,1,9705,25,27,10,4,1,4,4,29,,8,39,10,1,1,2,16,1,,Very High,Normal,,1,0,1,Level 2
8244,25,,,,,3,11411,20,7,10,0,2,2,4,23,,7,32,19,3,3,2,15,2,,Very High,Low,Senior,1,0,1,Level 3
8245,55,,,,,3,19310,26,9,2,4,2,3,3,19,,4,56,13,1,2,4,13,4,,,High,Expert,1,1,0,Level 4
8246,43,,,,,1,18514,96,28,13,0,2,1,1,90,,5,33,15,2,1,3,34,3,,,Low,,1,0,0,Level 4
8247,31,,,,,5,9467,39,25,1,7,4,5,3,48,,3,37,18,1,4,4,2,1,,Very High,Normal,,1,0,0,Level 2
8248,42,,,,,3,11802,40,14,4,1,4,2,2,14,,7,30,18,1,4,4,3,4,,Very High,Low,,1,0,0,Level 3
8249,46,,,,,3,17675,72,16,9,1,1,2,1,88,,9,32,15,4,2,2,15,1,,,Low,,1,0,0,Level 4
8250,56,,,,,4,10557,94,16,2,5,3,5,4,46,,2,41,15,1,4,2,39,2,,Very High,Normal,,1,1,1,Level 2
8251,25,,,,,5,16115,50,27,1,8,4,1,2,37,,9,59,7,3,2,3,10,1,,,High,,1,0,0,Level 4
8252,20,,,,,1,15434,50,22,13,4,2,5,4,70,,4,38,0,3,4,4,14,2,,,Normal,,1,0,1,Level 3
8253,25,,,,,3,6184,35,6,2,5,1,1,4,96,,8,48,12,4,2,3,5,3,,High,High,Senior,1,0,1,Level 1
8254,41,,,,,5,9076,63,7,7,2,4,2,1,10,,3,58,15,4,4,2,18,1,,Very High,High,Senior,1,0,0,Level 2
8255,43,,,,,3,18888,98,1,13,8,1,5,2,44,,7,35,3,4,4,4,8,1,,,Low,New,0,0,0,Level 4
8256,44,,,,,4,9530,74,11,5,3,2,2,1,12,,8,38,6,1,3,3,1,2,,Very High,Normal,Expert,1,0,0,Level 2
8257,34,,,,,5,6437,76,9,5,5,1,5,4,47,,4,53,7,3,1,4,34,2,,High,High,Expert,1,0,1,Level 1
8258,45,,,,,2,11253,33,1,10,3,2,5,1,54,,9,57,10,2,3,2,12,1,,Very High,High,New,0,0,0,Level 2
8259,27,,,,,4,3890,25,24,13,5,1,3,3,3,,9,40,6,2,2,4,12,3,,Medium,Normal,,1,0,0,Level 1
8260,43,,,,,1,16565,92,26,13,0,3,4,1,29,,2,44,15,2,3,3,28,4,,,Normal,,1,0,0,Level 4
8261,57,,,,,5,8246,94,18,4,0,1,5,4,47,,3,51,1,2,1,2,39,1,,High,High,,1,1,1,Level 2
8262,25,,,,,3,6921,17,10,1,0,3,5,4,98,,3,57,3,3,1,4,25,1,,High,High,Expert,1,0,1,Level 1
8263,54,,,,,5,12531,71,27,8,9,3,2,4,84,,2,33,4,2,2,1,39,1,,,Low,,1,1,1,Level 3
8264,20,,,,,1,15686,83,29,12,1,2,1,1,66,,7,37,12,3,3,3,39,2,,,Normal,,1,0,0,Level 4
8265,55,,,,,5,5378,67,13,1,6,1,2,4,69,,7,58,5,4,4,1,7,1,,Medium,High,,1,1,1,Level 1
8266,31,,,,,3,8358,80,23,10,2,4,4,4,55,,6,43,16,3,1,2,27,4,,High,Normal,,1,0,1,Level 2
8267,57,,,,,4,5082,26,5,12,0,3,5,2,44,,5,42,18,4,2,2,45,3,,Medium,Normal,Experienced,1,1,0,Level 1
8268,30,,,,,4,18004,76,8,3,7,2,2,2,2,,8,36,7,1,3,3,6,1,,,Normal,Expert,1,0,0,Level 4
8269,31,,,,,3,14949,59,13,2,7,4,1,4,15,,8,48,8,1,3,3,11,2,,,High,,1,0,1,Level 3
8270,58,,,,,2,12938,71,27,2,3,1,4,4,10,,4,54,16,2,3,4,42,2,,,High,,1,1,1,Level 3
8271,26,,,,,2,10368,16,26,9,6,3,4,2,51,,3,57,1,1,4,1,7,3,,Very High,High,,1,0,0,Level 2
8272,30,,,,,4,17963,69,16,9,1,1,5,2,71,,1,42,2,2,1,4,28,3,,,Normal,,1,0,0,Level 4
8273,55,,,,,1,6567,33,7,5,5,1,4,4,89,,7,41,9,2,3,1,36,1,,High,Normal,Senior,1,1,1,Level 1
8274,50,,,,,5,8337,75,8,11,8,4,1,3,50,,6,53,1,1,2,3,10,1,,High,High,Expert,1,1,0,Level 2
8275,52,,,,,3,19436,38,18,14,6,2,2,2,9,,3,37,3,4,4,3,36,4,,,Normal,,1,1,0,Level 4
8276,32,,,,,1,4734,19,26,2,5,2,4,3,96,,3,43,2,1,2,3,7,4,,Medium,Normal,,1,0,0,Level 1
8277,37,,,,,5,17098,40,27,10,9,4,3,4,33,,2,57,16,2,1,2,8,4,,,High,,1,0,1,Level 4
8278,43,,,,,4,11034,49,9,7,1,2,2,3,92,,8,44,6,3,1,1,31,1,,Very High,Normal,Expert,1,0,0,Level 2
8279,28,,,,,3,6466,33,28,8,3,1,1,2,82,,8,50,17,1,3,2,35,2,,High,High,,1,0,0,Level 1
8280,50,,,,,1,15882,45,22,12,5,4,1,2,24,,6,51,18,3,4,3,26,4,,,High,,1,1,0,Level 4
8281,29,,,,,5,3927,97,11,9,4,3,5,2,21,,8,53,6,4,1,2,42,3,,Medium,High,Expert,1,0,0,Level 1
8282,21,,,,,4,7344,58,22,4,4,4,4,1,90,,8,55,5,3,2,4,18,2,,High,High,,1,0,0,Level 2
8283,57,,,,,4,17733,33,22,1,3,4,5,4,14,,9,44,4,1,2,4,15,3,,,Normal,,1,1,1,Level 4
8284,34,,,,,5,15941,98,17,7,7,4,4,2,52,,9,34,17,2,1,1,21,2,,,Low,,1,0,0,Level 4
8285,22,,,,,2,12638,95,14,7,7,1,2,2,90,,3,36,12,3,3,3,21,2,,,Normal,,1,0,0,Level 3
8286,50,,,,,2,5699,26,23,1,4,4,5,3,16,,6,42,10,2,4,4,27,2,,Medium,Normal,,1,1,0,Level 1
8287,25,,,,,5,19251,49,2,4,6,1,5,2,0,,7,37,14,1,4,3,10,3,,,Normal,New,0,0,0,Level 4
8288,22,,,,,5,16232,72,15,4,1,2,5,4,6,,7,41,5,4,3,1,38,3,,,Normal,,1,0,1,Level 4
8289,30,,,,,5,3339,86,18,12,2,1,5,1,40,,2,43,11,1,3,1,35,4,,Medium,Normal,,1,0,0,Level 1
8290,34,,,,,4,7980,39,5,14,9,3,3,2,82,,5,30,5,4,4,2,14,2,,High,Low,Experienced,1,0,0,Level 2
8291,47,,,,,3,18633,39,29,1,8,2,3,2,60,,4,57,6,1,2,3,46,1,,,High,,1,0,0,Level 4
8292,29,,,,,4,9400,27,22,7,6,4,5,3,52,,3,49,10,3,3,4,29,3,,Very High,High,,1,0,0,Level 2
8293,57,,,,,4,6339,56,1,3,5,1,4,1,80,,9,34,7,3,1,1,1,3,,High,Low,New,0,1,0,Level 1
8294,26,,,,,2,17233,29,16,12,6,3,5,1,6,,7,57,8,2,4,3,37,2,,,High,,1,0,0,Level 4
8295,34,,,,,5,12572,37,12,1,5,4,3,2,31,,1,57,7,4,3,4,2,3,,,High,,1,0,0,Level 3
8296,37,,,,,4,7942,42,14,12,1,1,3,1,38,,2,46,19,1,4,2,22,1,,High,High,,1,0,0,Level 2
8297,37,,,,,4,5355,27,17,14,2,2,5,2,88,,6,55,11,1,3,1,37,4,,Medium,High,,1,0,0,Level 1
8298,43,,,,,5,15130,89,1,7,4,1,5,4,24,,3,47,4,1,2,1,33,3,,,High,New,0,0,1,Level 3
8299,21,,,,,3,12863,58,14,3,1,3,4,3,80,,9,52,17,2,2,3,29,4,,,High,,1,0,0,Level 3
8300,59,,,,,2,14957,92,15,3,2,1,3,4,10,,8,39,18,2,3,3,19,2,,,Normal,,1,1,1,Level 3
8301,39,,,,,1,11830,66,23,13,6,3,5,1,19,,5,47,1,1,1,1,1,2,,Very High,High,,1,0,0,Level 3
8302,53,,,,,4,7075,49,12,13,1,1,1,4,35,,6,57,11,4,4,4,43,3,,High,High,,1,1,1,Level 1
8303,45,,,,,3,17533,61,17,3,5,3,5,2,60,,7,40,8,3,3,1,18,3,,,Normal,,1,0,0,Level 4
8304,26,,,,,1,8350,49,9,4,9,1,3,3,37,,9,37,18,3,1,3,16,4,,High,Normal,Expert,1,0,0,Level 2
8305,57,,,,,5,18452,64,3,5,4,1,1,4,5,,5,51,11,1,4,2,46,1,,,High,New,0,1,1,Level 4
8306,49,,,,,1,11848,54,12,14,2,1,1,3,66,,7,48,1,4,4,3,40,3,,Very High,High,,1,0,0,Level 3
8307,24,,,,,5,17351,91,26,1,7,3,1,2,44,,2,57,18,3,3,3,12,2,,,High,,1,0,0,Level 4
8308,30,,,,,3,10980,84,13,3,5,4,4,3,26,,5,49,2,1,1,2,39,2,,Very High,High,,1,0,0,Level 2
8309,20,,,,,1,8315,56,2,12,8,1,5,3,66,,6,53,7,1,2,4,14,1,,High,High,New,0,0,0,Level 2
8310,53,,,,,2,10049,29,22,14,0,1,1,2,9,,4,51,5,1,1,2,9,3,,Very High,High,,1,1,0,Level 2
8311,20,,,,,3,9607,74,15,1,2,2,4,1,9,,5,47,15,1,4,3,24,3,,Very High,High,,1,0,0,Level 2
8312,38,,,,,1,7913,72,2,3,9,1,3,4,54,,2,49,19,4,2,1,22,3,,High,High,New,0,0,1,Level 2
8313,21,,,,,4,19963,83,5,3,7,1,1,1,30,,6,34,18,1,1,1,45,1,,,Low,Experienced,1,0,0,Level 4
8314,40,,,,,1,18486,47,21,4,0,4,5,4,5,,7,46,0,2,3,2,49,2,,,High,,1,0,1,Level 4
8315,39,,,,,1,11351,54,9,12,7,3,1,3,23,,2,54,13,2,3,3,35,2,,Very High,High,Expert,1,0,0,Level 2
8316,42,,,,,2,6572,16,28,10,9,2,3,2,78,,3,59,0,4,3,3,18,4,,High,High,,1,0,0,Level 1
8317,40,,,,,3,13737,47,14,12,4,2,3,1,78,,9,45,10,3,2,3,25,2,,,Normal,,1,0,0,Level 3
8318,43,,,,,4,3463,39,13,1,7,2,1,4,2,,5,50,4,1,3,2,17,2,,Medium,High,,1,0,1,Level 1
8319,23,,,,,3,9294,73,4,5,9,4,5,4,33,,8,44,13,1,3,2,23,1,,Very High,Normal,Experienced,0,0,1,Level 2
8320,31,,,,,3,13814,41,8,12,6,2,4,1,46,,5,54,5,3,3,4,34,2,,,High,Expert,1,0,0,Level 3
8321,41,,,,,4,5933,70,23,4,8,3,1,3,18,,9,36,8,3,4,3,32,4,,Medium,Normal,,1,0,0,Level 1
8322,39,,,,,4,5942,39,7,13,6,1,3,3,29,,4,52,18,3,2,2,38,3,,Medium,High,Senior,1,0,0,Level 1
8323,37,,,,,2,15983,19,17,5,3,1,4,1,33,,4,48,13,2,1,3,2,3,,,High,,1,0,0,Level 4
8324,20,,,,,5,9356,76,22,6,0,3,5,2,51,,5,44,16,3,3,2,6,4,,Very High,Normal,,1,0,0,Level 2
8325,49,,,,,2,19377,57,6,3,1,3,1,2,61,,7,39,6,2,2,1,44,1,,,Normal,Senior,1,0,0,Level 4
8326,52,,,,,4,17245,82,26,3,1,3,3,4,84,,2,40,17,2,2,1,28,1,,,Normal,,1,1,1,Level 4
8327,43,,,,,1,9331,92,8,13,0,4,4,3,66,,1,56,13,2,4,4,8,2,,Very High,High,Expert,1,0,0,Level 2
8328,33,,,,,1,6643,95,22,5,9,1,2,4,96,,2,34,1,2,3,4,4,4,,High,Low,,1,0,1,Level 1
8329,55,,,,,3,3767,50,8,5,6,4,4,1,80,,3,50,5,2,3,1,29,3,,Medium,High,Expert,1,1,0,Level 1
8330,24,,,,,3,16274,24,13,9,3,1,3,4,33,,5,52,19,2,3,4,38,2,,,High,,1,0,1,Level 4
8331,30,,,,,5,11575,36,22,7,9,3,3,1,54,,3,47,1,1,4,4,2,1,,Very High,High,,1,0,0,Level 3
8332,43,,,,,5,15312,42,8,6,6,2,2,3,97,,7,35,17,4,4,2,19,1,,,Low,Expert,1,0,0,Level 3
8333,50,,,,,5,18896,62,5,2,7,3,2,3,82,,8,50,2,2,2,4,48,4,,,High,Experienced,1,1,0,Level 4
8334,32,,,,,5,4337,74,9,9,5,3,2,1,0,,1,30,6,4,1,4,37,2,,Medium,Low,Expert,1,0,0,Level 1
8335,35,,,,,1,7059,98,28,10,7,4,5,2,70,,6,38,17,3,2,4,3,2,,High,Normal,,1,0,0,Level 1
8336,43,,,,,4,12584,77,20,3,1,2,3,3,58,,1,54,8,2,2,1,32,2,,,High,,1,0,0,Level 3
8337,32,,,,,5,5147,16,22,7,0,4,1,4,85,,3,35,2,3,4,1,27,2,,Medium,Low,,1,0,1,Level 1
8338,43,,,,,2,4411,37,27,8,8,2,5,2,32,,3,54,19,1,3,1,44,1,,Medium,High,,1,0,0,Level 1
8339,45,,,,,5,13898,65,2,13,8,2,3,4,36,,3,42,11,4,2,3,41,4,,,Normal,New,0,0,1,Level 3
8340,21,,,,,1,13007,94,3,9,8,2,4,2,49,,7,43,17,3,1,2,43,4,,,Normal,New,0,0,0,Level 3
8341,35,,,,,3,7150,42,4,14,3,3,2,1,69,,2,48,16,1,2,1,26,2,,High,High,Experienced,0,0,0,Level 1
8342,57,,,,,2,10663,92,19,5,8,4,4,2,2,,4,35,0,2,2,4,43,2,,Very High,Low,,1,1,0,Level 2
8343,20,,,,,5,13823,15,28,6,8,3,1,4,34,,6,30,4,2,3,3,2,2,,,Low,,1,0,1,Level 3
8344,30,,,,,1,9898,29,29,6,4,1,5,4,15,,7,45,5,1,1,3,35,2,,Very High,Normal,,1,0,1,Level 2
8345,54,,,,,3,7051,29,7,5,0,4,4,2,46,,5,31,4,4,2,4,43,2,,High,Low,Senior,1,1,0,Level 1
8346,48,,,,,5,6392,57,9,13,7,1,1,1,89,,2,33,4,3,4,1,2,2,,High,Low,Expert,1,0,0,Level 1
8347,56,,,,,1,19125,19,6,7,0,3,4,3,33,,1,48,13,3,3,4,41,1,,,High,Senior,1,1,0,Level 4
8348,36,,,,,1,6467,86,3,1,2,1,3,4,34,,8,46,17,4,4,3,26,4,,High,High,New,0,0,1,Level 1
8349,58,,,,,4,12364,52,14,5,2,1,4,2,63,,4,45,5,1,4,1,2,2,,,Normal,,1,1,0,Level 3
8350,47,,,,,1,10570,77,13,11,4,1,2,4,40,,5,42,6,4,1,2,33,4,,Very High,Normal,,1,0,1,Level 2
8351,48,,,,,5,11417,57,13,10,4,4,2,4,45,,4,44,15,4,3,1,15,3,,Very High,Normal,,1,0,1,Level 3
8352,22,,,,,1,16125,65,25,6,4,2,3,4,4,,6,32,13,4,2,3,1,2,,,Low,,1,0,1,Level 4
8353,29,,,,,2,13931,92,1,12,3,2,5,3,59,,4,54,11,1,2,1,32,1,,,High,New,0,0,0,Level 3
8354,33,,,,,1,4333,97,15,3,0,4,2,1,53,,3,34,16,2,2,2,19,3,,Medium,Low,,1,0,0,Level 1
8355,31,,,,,1,19802,40,5,2,3,2,4,4,49,,4,39,12,4,2,3,14,4,,,Normal,Experienced,1,0,1,Level 4
8356,49,,,,,2,15802,60,29,4,9,3,2,1,17,,7,47,15,1,2,3,41,4,,,High,,1,0,0,Level 4
8357,51,,,,,5,7968,26,27,13,7,4,3,1,48,,1,57,4,2,3,1,48,3,,High,High,,1,1,0,Level 2
8358,51,,,,,3,13906,26,27,3,4,4,5,4,40,,3,37,17,4,4,4,8,4,,,Normal,,1,1,1,Level 3
8359,51,,,,,4,19551,43,26,6,6,2,3,1,23,,3,45,8,3,1,1,12,4,,,Normal,,1,1,0,Level 4
8360,45,,,,,3,18696,75,26,6,0,4,4,4,29,,9,37,16,4,4,3,15,4,,,Normal,,1,0,1,Level 4
8361,20,,,,,5,12510,55,21,4,4,1,2,4,14,,6,36,10,3,4,3,44,2,,,Normal,,1,0,1,Level 3
8362,21,,,,,5,6082,34,2,12,9,4,4,4,81,,1,33,11,2,4,4,34,2,,High,Low,New,0,0,1,Level 1
8363,36,,,,,2,5404,60,5,4,7,4,2,4,15,,2,53,3,3,3,2,6,3,,Medium,High,Experienced,1,0,1,Level 1
8364,49,,,,,3,18148,44,17,13,4,4,2,1,17,,7,49,18,4,2,1,27,3,,,High,,1,0,0,Level 4
8365,58,,,,,1,17540,53,1,10,0,3,1,3,90,,2,59,4,2,4,2,27,1,,,High,New,0,1,0,Level 4
8366,26,,,,,2,7699,54,27,10,1,3,3,3,0,,9,54,6,4,4,3,27,2,,High,High,,1,0,0,Level 2
8367,46,,,,,2,6385,65,4,11,5,1,1,1,10,,2,47,10,2,4,1,38,1,,High,High,Experienced,0,0,0,Level 1
8368,28,,,,,4,9629,16,15,13,1,1,4,2,38,,4,46,17,1,1,3,10,3,,Very High,High,,1,0,0,Level 2
8369,41,,,,,2,19494,79,15,10,8,2,4,1,73,,2,45,11,4,2,4,48,1,,,Normal,,1,0,0,Level 4
8370,53,,,,,3,8409,42,22,11,8,1,5,1,8,,8,54,5,1,2,3,43,3,,High,High,,1,1,0,Level 2
8371,20,,,,,5,15699,65,16,2,1,4,2,2,38,,1,31,0,1,4,3,37,2,,,Low,,1,0,0,Level 4
8372,28,,,,,4,13812,22,13,7,0,2,1,4,16,,4,31,7,2,4,2,27,1,,,Low,,1,0,1,Level 3
8373,39,,,,,1,15737,45,14,9,6,3,5,2,98,,8,57,16,4,2,4,45,1,,,High,,1,0,0,Level 4
8374,38,,,,,3,18224,53,27,13,6,2,1,1,34,,2,44,19,4,3,4,28,3,,,Normal,,1,0,0,Level 4
8375,55,,,,,1,8741,74,2,9,2,3,4,4,73,,4,59,3,2,1,2,9,3,,High,High,New,0,1,1,Level 2
8376,59,,,,,2,13177,97,21,10,1,4,5,1,32,,1,32,16,1,1,3,28,4,,,Low,,1,1,0,Level 3
8377,23,,,,,3,12671,91,27,2,8,4,3,2,78,,3,50,4,1,3,4,31,4,,,High,,1,0,0,Level 3
8378,28,,,,,4,13983,30,10,9,8,3,5,2,52,,9,49,8,2,2,1,41,2,,,High,Expert,1,0,0,Level 3
8379,41,,,,,4,7220,37,5,5,5,2,2,1,63,,5,45,15,1,1,4,49,4,,High,Normal,Experienced,1,0,0,Level 2
8380,37,,,,,1,19918,25,3,11,6,3,4,4,72,,6,31,12,2,4,2,4,2,,,Low,New,0,0,1,Level 4
8381,31,,,,,5,17023,68,20,12,1,1,3,1,72,,5,57,0,4,4,3,48,1,,,High,,1,0,0,Level 4
8382,58,,,,,4,11271,88,11,6,5,4,4,2,26,,1,45,3,3,2,3,22,2,,Very High,Normal,Expert,1,1,0,Level 2
8383,28,,,,,1,6636,83,13,1,5,3,2,4,21,,4,59,4,2,4,3,33,2,,High,High,,1,0,1,Level 1
8384,25,,,,,5,16729,26,2,14,7,2,4,1,41,,4,37,19,3,4,4,25,1,,,Normal,New,0,0,0,Level 4
8385,38,,,,,3,15559,50,29,13,8,3,3,3,52,,5,45,3,3,2,3,20,4,,,Normal,,1,0,0,Level 3
8386,26,,,,,4,3895,71,7,7,1,2,5,1,95,,3,42,8,2,4,2,1,3,,Medium,Normal,Senior,1,0,0,Level 1
8387,35,,,,,4,9371,40,29,8,6,4,5,4,80,,4,35,14,3,1,2,16,4,,Very High,Low,,1,0,1,Level 2
8388,24,,,,,1,9077,94,3,5,8,2,5,2,64,,4,57,0,1,2,3,2,4,,Very High,High,New,0,0,0,Level 2
8389,35,,,,,4,6763,80,13,6,5,4,3,3,45,,3,46,4,1,1,2,9,2,,High,High,,1,0,0,Level 1
8390,20,,,,,1,12767,18,6,4,6,4,5,4,13,,8,36,2,1,4,4,13,1,,,Normal,Senior,1,0,1,Level 3
8391,56,,,,,4,18589,30,9,3,8,2,1,1,30,,7,48,9,3,4,2,6,1,,,High,Expert,1,1,0,Level 4
8392,58,,,,,1,4553,36,23,3,9,3,1,4,71,,6,36,15,2,1,1,49,4,,Medium,Normal,,1,1,1,Level 1
8393,38,,,,,4,18069,78,20,2,3,1,5,2,12,,6,47,0,2,3,3,12,1,,,High,,1,0,0,Level 4
8394,56,,,,,3,16734,84,2,10,1,3,2,3,4,,7,43,3,2,3,1,41,1,,,Normal,New,0,1,0,Level 4
8395,36,,,,,3,14432,25,12,6,1,2,3,2,27,,2,35,14,1,3,4,13,4,,,Low,,1,0,0,Level 3
8396,45,,,,,1,10680,56,15,9,0,4,2,1,3,,3,55,0,2,2,2,8,1,,Very High,High,,1,0,0,Level 2
8397,41,,,,,3,18184,99,23,14,8,2,4,3,28,,8,57,11,1,1,2,41,1,,,High,,1,0,0,Level 4
8398,27,,,,,1,5395,53,24,3,9,3,2,1,74,,3,37,15,1,3,4,1,1,,Medium,Normal,,1,0,0,Level 1
8399,52,,,,,1,16510,61,16,1,3,2,2,3,31,,3,53,4,4,1,4,10,4,,,High,,1,1,0,Level 4
8400,21,,,,,2,6283,36,3,10,4,4,2,1,42,,5,57,8,4,1,3,1,3,,High,High,New,0,0,0,Level 1
8401,49,,,,,3,16463,44,27,1,3,2,5,3,13,,8,44,19,1,1,2,17,1,,,Normal,,1,0,0,Level 4
8402,39,,,,,2,13769,44,14,4,3,4,4,2,62,,9,36,7,1,4,2,21,3,,,Normal,,1,0,0,Level 3
8403,37,,,,,2,6161,47,23,14,5,4,4,1,2,,5,47,13,2,3,2,43,2,,High,High,,1,0,0,Level 1
8404,29,,,,,4,19402,44,1,1,5,2,5,1,70,,6,36,14,1,3,3,12,3,,,Normal,New,0,0,0,Level 4
8405,43,,,,,1,10686,51,16,10,0,3,1,2,91,,3,55,5,1,4,3,6,2,,Very High,High,,1,0,0,Level 2
8406,23,,,,,5,8951,67,27,2,0,3,1,1,45,,3,39,8,3,4,2,2,1,,High,Normal,,1,0,0,Level 2
8407,56,,,,,2,8382,44,24,4,6,1,4,3,96,,2,40,9,4,4,2,36,4,,High,Normal,,1,1,0,Level 2
8408,23,,,,,4,15123,40,23,4,0,1,3,2,81,,2,32,6,2,4,2,3,4,,,Low,,1,0,0,Level 3
8409,32,,,,,3,5333,20,6,11,0,3,5,3,92,,6,37,8,2,1,4,44,1,,Medium,Normal,Senior,1,0,0,Level 1
8410,44,,,,,5,7349,68,27,12,5,4,2,2,84,,1,42,16,4,1,1,18,1,,High,Normal,,1,0,0,Level 2
8411,32,,,,,1,10368,70,15,8,7,2,3,3,33,,8,50,9,1,3,2,30,2,,Very High,High,,1,0,0,Level 2
8412,37,,,,,4,19243,18,15,4,6,2,1,4,94,,9,52,4,1,1,3,20,3,,,High,,1,0,1,Level 4
8413,43,,,,,5,18949,93,3,3,5,2,4,1,43,,2,33,18,3,1,2,32,4,,,Low,New,0,0,0,Level 4
8414,21,,,,,1,14473,50,4,4,6,4,1,3,13,,6,46,11,4,4,2,21,3,,,High,Experienced,0,0,0,Level 3
8415,52,,,,,1,4263,77,24,5,1,3,4,1,17,,6,50,7,4,3,3,24,1,,Medium,High,,1,1,0,Level 1
8416,38,,,,,5,3918,17,17,5,5,3,5,2,44,,7,56,13,1,3,1,20,2,,Medium,High,,1,0,0,Level 1
8417,28,,,,,4,7915,71,13,13,8,4,4,4,44,,7,36,3,1,3,2,38,2,,High,Normal,,1,0,1,Level 2
8418,47,,,,,5,16124,94,2,4,3,4,3,3,89,,3,51,8,3,4,4,10,1,,,High,New,0,0,0,Level 4
8419,54,,,,,2,19381,30,1,10,1,3,3,3,24,,1,52,17,2,4,3,46,3,,,High,New,0,1,0,Level 4
8420,58,,,,,1,16234,54,20,2,8,2,3,1,53,,8,43,17,2,4,2,6,3,,,Normal,,1,1,0,Level 4
8421,29,,,,,3,3472,67,6,3,7,2,3,4,1,,7,32,9,1,2,2,17,1,,Medium,Low,Senior,1,0,1,Level 1
8422,20,,,,,5,11032,20,5,10,7,2,2,2,32,,3,41,6,4,1,2,37,1,,Very High,Normal,Experienced,1,0,0,Level 2
8423,40,,,,,5,13935,35,29,10,6,3,1,1,43,,7,37,5,3,2,4,2,4,,,Normal,,1,0,0,Level 3
8424,28,,,,,1,7324,91,6,3,7,2,5,2,85,,7,43,14,1,1,3,20,1,,High,Normal,Senior,1,0,0,Level 2
8425,34,,,,,1,8958,23,18,5,2,4,5,1,42,,5,56,9,2,2,2,15,4,,High,High,,1,0,0,Level 2
8426,54,,,,,5,14671,77,21,11,5,3,5,4,58,,9,55,12,2,4,3,29,1,,,High,,1,1,1,Level 3
8427,24,,,,,3,7822,57,1,2,6,3,1,1,39,,1,46,15,3,1,4,7,4,,High,High,New,0,0,0,Level 2
8428,41,,,,,1,8808,86,13,2,4,2,4,1,84,,2,54,8,3,1,4,36,1,,High,High,,1,0,0,Level 2
8429,42,,,,,1,13357,42,6,11,1,1,5,3,55,,9,30,5,1,2,2,47,4,,,Low,Senior,1,0,0,Level 3
8430,26,,,,,2,15324,59,20,12,9,3,5,3,1,,2,33,13,3,2,3,48,3,,,Low,,1,0,0,Level 3
8431,42,,,,,4,14593,72,29,10,6,4,2,1,94,,9,53,16,2,4,1,28,1,,,High,,1,0,0,Level 3
8432,44,,,,,2,15474,97,12,2,1,3,5,2,5,,8,57,10,4,2,2,25,2,,,High,,1,0,0,Level 3
8433,46,,,,,3,10551,43,29,11,8,2,5,4,53,,2,53,6,4,1,4,45,1,,Very High,High,,1,0,1,Level 2
8434,25,,,,,4,14230,68,10,6,8,4,4,3,69,,2,39,0,2,4,3,5,3,,,Normal,Expert,1,0,0,Level 3
8435,53,,,,,5,19106,71,25,8,9,1,5,1,92,,5,55,1,2,4,4,46,2,,,High,,1,1,0,Level 4
8436,28,,,,,3,18205,47,28,10,5,1,5,2,22,,1,40,19,2,1,4,30,2,,,Normal,,1,0,0,Level 4
8437,52,,,,,3,4449,84,29,6,3,2,1,2,57,,4,56,18,3,1,2,30,2,,Medium,High,,1,1,0,Level 1
8438,25,,,,,2,14655,78,19,4,9,4,2,2,97,,8,51,11,3,3,3,34,4,,,High,,1,0,0,Level 3
8439,56,,,,,4,7503,18,3,8,3,4,1,1,6,,3,40,11,2,3,4,7,2,,High,Normal,New,0,1,0,Level 2
8440,50,,,,,3,16306,30,15,4,4,1,5,4,4,,1,57,16,1,1,3,49,2,,,High,,1,1,1,Level 4
8441,53,,,,,4,13388,17,25,11,6,2,2,3,46,,5,40,9,2,2,3,17,4,,,Normal,,1,1,0,Level 3
8442,48,,,,,5,8381,77,14,9,7,2,4,2,47,,3,59,0,4,1,1,5,1,,High,High,,1,0,0,Level 2
8443,33,,,,,4,12572,95,4,8,9,1,1,1,93,,8,52,17,1,3,1,39,4,,,High,Experienced,0,0,0,Level 3
8444,55,,,,,2,14148,36,7,13,7,3,4,1,2,,3,42,2,2,1,2,14,4,,,Normal,Senior,1,1,0,Level 3
8445,55,,,,,2,10710,96,10,12,6,1,5,1,78,,1,41,16,1,3,3,9,4,,Very High,Normal,Expert,1,1,0,Level 2
8446,34,,,,,3,12331,32,14,4,5,4,5,4,71,,7,59,1,2,2,2,1,2,,,High,,1,0,1,Level 3
8447,27,,,,,4,10092,71,2,7,1,3,2,4,30,,4,38,1,3,1,1,19,3,,Very High,Normal,New,0,0,1,Level 2
8448,45,,,,,2,16008,39,1,13,7,3,4,1,22,,1,40,4,3,4,2,33,3,,,Normal,New,0,0,0,Level 4
8449,55,,,,,1,18986,42,26,11,3,3,5,1,79,,6,45,17,4,3,1,49,2,,,Normal,,1,1,0,Level 4
8450,40,,,,,2,4095,54,16,10,7,4,4,4,78,,5,46,15,2,2,1,18,1,,Medium,High,,1,0,1,Level 1
8451,47,,,,,5,12855,37,16,11,4,1,4,4,89,,3,36,4,2,2,4,8,2,,,Normal,,1,0,1,Level 3
8452,23,,,,,1,14065,22,13,9,2,3,2,3,48,,8,33,12,2,1,4,2,4,,,Low,,1,0,0,Level 3
8453,35,,,,,4,15430,27,1,6,5,2,2,3,36,,4,42,0,4,2,2,6,1,,,Normal,New,0,0,0,Level 3
8454,41,,,,,3,8087,58,6,1,1,2,5,1,92,,7,46,15,2,3,4,38,2,,High,High,Senior,1,0,0,Level 2
8455,31,,,,,1,8117,61,4,13,5,3,5,4,18,,6,41,7,2,1,3,29,1,,High,Normal,Experienced,0,0,1,Level 2
8456,35,,,,,2,14783,24,2,6,5,1,4,3,72,,9,30,5,4,1,4,4,3,,,Low,New,0,0,0,Level 3
8457,59,,,,,3,12790,55,29,8,0,4,1,1,31,,7,41,10,1,4,4,46,2,,,Normal,,1,1,0,Level 3
8458,57,,,,,3,19089,81,7,9,9,3,5,4,61,,9,50,11,3,2,3,7,3,,,High,Senior,1,1,1,Level 4
8459,56,,,,,3,9057,88,24,1,4,4,4,2,19,,7,45,12,2,1,4,22,1,,Very High,Normal,,1,1,0,Level 2
8460,48,,,,,3,19242,63,14,13,4,2,4,4,59,,2,39,8,3,3,3,44,4,,,Normal,,1,0,1,Level 4
8461,37,,,,,4,11897,78,23,5,7,2,3,3,10,,3,31,6,2,3,1,1,3,,Very High,Low,,1,0,0,Level 3
8462,29,,,,,4,12721,29,26,5,6,3,3,4,33,,8,40,17,4,1,2,17,4,,,Normal,,1,0,1,Level 3
8463,58,,,,,4,10638,75,25,8,8,4,1,3,95,,8,32,1,3,1,3,42,1,,Very High,Low,,1,1,0,Level 2
8464,37,,,,,2,10456,88,1,7,9,1,2,1,52,,2,37,19,3,2,1,40,3,,Very High,Normal,New,0,0,0,Level 2
8465,20,,,,,4,15907,66,10,5,2,2,1,4,48,,9,45,8,2,4,4,40,1,,,Normal,Expert,1,0,1,Level 4
8466,58,,,,,3,17884,99,6,13,0,4,1,1,64,,7,44,1,4,3,3,24,2,,,Normal,Senior,1,1,0,Level 4
8467,40,,,,,1,4848,60,8,12,6,1,5,3,38,,3,38,11,3,2,1,44,1,,Medium,Normal,Expert,1,0,0,Level 1
8468,20,,,,,1,6576,73,9,6,8,4,4,2,95,,6,43,13,4,4,2,29,1,,High,Normal,Expert,1,0,0,Level 1
8469,34,,,,,1,12738,62,11,8,9,2,1,4,67,,7,43,4,1,3,1,8,2,,,Normal,Expert,1,0,1,Level 3
8470,23,,,,,1,8869,53,24,6,9,2,2,3,53,,4,56,7,2,3,1,17,2,,High,High,,1,0,0,Level 2
8471,39,,,,,1,13798,56,6,10,6,3,4,3,67,,4,57,11,4,4,2,17,3,,,High,Senior,1,0,0,Level 3
8472,29,,,,,5,15225,65,8,5,9,4,5,3,22,,1,48,2,2,1,4,38,1,,,High,Expert,1,0,0,Level 3
8473,42,,,,,1,3344,64,24,10,6,2,3,2,62,,8,51,17,4,1,2,43,4,,Medium,High,,1,0,0,Level 1
8474,53,,,,,1,7227,80,16,1,9,4,1,2,56,,4,56,19,4,1,2,20,3,,High,High,,1,1,0,Level 2
8475,52,,,,,1,4234,55,17,12,5,3,4,4,88,,7,56,6,4,4,1,32,3,,Medium,High,,1,1,1,Level 1
8476,53,,,,,2,7812,72,24,8,4,2,3,1,35,,7,35,14,2,1,2,17,1,,High,Low,,1,1,0,Level 2
8477,58,,,,,5,12810,18,7,8,4,2,5,3,51,,1,47,16,3,1,1,26,2,,,High,Senior,1,1,0,Level 3
8478,29,,,,,1,7172,63,8,13,7,1,2,1,98,,5,57,6,2,1,3,30,3,,High,High,Expert,1,0,0,Level 1
8479,39,,,,,4,17262,17,8,6,8,3,5,4,18,,2,35,1,2,2,3,44,3,,,Low,Expert,1,0,1,Level 4
8480,20,,,,,2,12355,46,28,7,3,4,2,4,20,,7,41,13,4,1,2,48,1,,,Normal,,1,0,1,Level 3
8481,32,,,,,5,14391,61,26,7,9,4,2,2,83,,3,50,3,4,4,1,21,3,,,High,,1,0,0,Level 3
8482,20,,,,,4,18425,76,27,12,0,1,2,3,78,,1,31,10,1,3,4,48,2,,,Low,,1,0,0,Level 4
8483,24,,,,,4,11945,30,10,11,4,3,5,3,43,,2,36,5,2,1,2,23,1,,Very High,Normal,Expert,1,0,0,Level 3
8484,35,,,,,2,4590,82,22,2,3,4,1,3,31,,4,49,12,1,1,4,26,2,,Medium,High,,1,0,0,Level 1
8485,34,,,,,4,15354,32,9,14,3,4,3,4,32,,1,39,10,4,1,1,13,4,,,Normal,Expert,1,0,1,Level 3
8486,47,,,,,3,15438,20,19,14,0,1,4,3,59,,7,44,11,4,1,3,3,3,,,Normal,,1,0,0,Level 3
8487,50,,,,,2,15291,79,10,6,2,2,1,1,68,,7,57,0,4,4,3,1,3,,,High,Expert,1,1,0,Level 3
8488,42,,,,,2,6089,94,17,7,2,4,1,3,5,,8,45,0,4,4,2,22,1,,High,Normal,,1,0,0,Level 1
8489,36,,,,,3,13763,51,9,8,7,3,4,2,97,,2,31,8,4,3,3,45,4,,,Low,Expert,1,0,0,Level 3
8490,53,,,,,2,18868,87,14,13,5,4,4,4,0,,9,57,8,1,3,3,21,3,,,High,,1,1,1,Level 4
8491,32,,,,,4,14298,77,26,2,5,4,3,1,14,,8,31,9,2,1,4,43,2,,,Low,,1,0,0,Level 3
8492,33,,,,,4,15877,95,26,10,5,3,1,3,56,,2,36,4,1,3,2,38,2,,,Normal,,1,0,0,Level 4
8493,30,,,,,4,14100,73,2,8,7,3,3,1,0,,4,38,3,4,2,2,20,1,,,Normal,New,0,0,0,Level 3
8494,47,,,,,3,17864,48,3,11,4,2,1,1,18,,5,50,12,1,3,3,25,2,,,High,New,0,0,0,Level 4
8495,51,,,,,4,9866,51,27,2,2,4,4,3,21,,3,54,17,1,2,3,18,2,,Very High,High,,1,1,0,Level 2
8496,54,,,,,3,8858,48,20,9,0,2,2,4,25,,4,54,15,3,4,2,45,2,,High,High,,1,1,1,Level 2
8497,50,,,,,3,7128,59,24,2,7,3,3,2,5,,6,55,14,2,3,1,13,4,,High,High,,1,1,0,Level 1
8498,36,,,,,3,19819,15,27,3,9,1,3,3,59,,7,47,13,1,3,4,19,4,,,High,,1,0,0,Level 4
8499,28,,,,,2,9723,67,9,8,3,1,2,3,54,,4,39,17,2,1,2,1,1,,Very High,Normal,Expert,1,0,0,Level 2
8500,29,,,,,5,4073,76,19,11,2,2,1,2,65,,9,47,4,4,1,2,39,4,,Medium,High,,1,0,0,Level 1
8501,27,,,,,3,11861,29,18,6,7,4,2,3,46,,8,37,7,1,1,4,18,3,,Very High,Normal,,1,0,0,Level 3
8502,40,,,,,4,11654,65,18,13,9,2,2,2,45,,7,58,5,3,4,2,23,4,,Very High,High,,1,0,0,Level 3
8503,32,,,,,3,3376,28,11,9,6,4,5,1,98,,3,43,10,3,3,2,25,4,,Medium,Normal,Expert,1,0,0,Level 1
8504,24,,,,,1,5593,73,9,8,7,1,1,2,49,,1,43,17,2,3,1,45,4,,Medium,Normal,Expert,1,0,0,Level 1
8505,25,,,,,2,19819,66,12,10,1,1,2,1,76,,9,58,10,3,3,3,40,3,,,High,,1,0,0,Level 4
8506,49,,,,,4,5939,15,8,6,7,2,2,2,20,,7,35,16,3,1,4,43,1,,Medium,Low,Expert,1,0,0,Level 1
8507,50,,,,,2,10743,89,18,3,3,4,5,1,25,,9,37,18,2,2,1,17,4,,Very High,Normal,,1,1,0,Level 2
8508,36,,,,,2,13394,31,29,3,1,4,5,2,3,,6,39,8,2,1,2,42,3,,,Normal,,1,0,0,Level 3
8509,30,,,,,1,11182,70,8,2,3,4,5,1,98,,9,58,8,1,3,2,22,1,,Very High,High,Expert,1,0,0,Level 2
8510,39,,,,,3,16632,19,4,8,7,4,4,3,67,,2,48,0,2,4,1,36,2,,,High,Experienced,0,0,0,Level 4
8511,28,,,,,4,5207,31,6,10,5,1,3,2,52,,4,36,14,4,3,1,37,4,,Medium,Normal,Senior,1,0,0,Level 1
8512,21,,,,,5,17658,32,21,13,2,1,5,2,28,,8,59,0,1,2,3,16,2,,,High,,1,0,0,Level 4
8513,56,,,,,2,8495,69,16,5,6,1,1,1,23,,7,33,9,2,1,1,26,2,,High,Low,,1,1,0,Level 2
8514,20,,,,,5,18705,61,21,9,5,2,4,2,60,,1,49,4,1,3,1,32,2,,,High,,1,0,0,Level 4
8515,23,,,,,5,5516,94,13,5,4,1,3,2,86,,4,51,15,3,4,1,18,1,,Medium,High,,1,0,0,Level 1
8516,55,,,,,3,14645,63,26,5,5,3,4,2,65,,6,46,8,3,3,2,37,2,,,High,,1,1,0,Level 3
8517,44,,,,,5,5669,37,16,8,2,2,5,2,55,,4,57,16,1,4,2,30,3,,Medium,High,,1,0,0,Level 1
8518,22,,,,,4,16770,35,26,8,4,3,2,4,9,,6,47,8,1,3,4,21,1,,,High,,1,0,1,Level 4
8519,28,,,,,3,8099,43,23,12,2,4,2,2,68,,1,41,14,2,4,2,25,1,,High,Normal,,1,0,0,Level 2
8520,41,,,,,5,4144,74,24,2,1,3,4,1,53,,9,57,5,3,3,4,16,3,,Medium,High,,1,0,0,Level 1
8521,42,,,,,3,6008,60,21,8,1,4,3,2,19,,3,43,2,4,1,3,9,2,,High,Normal,,1,0,0,Level 1
8522,31,,,,,4,13751,24,29,13,1,1,3,4,66,,5,42,17,4,3,3,35,4,,,Normal,,1,0,1,Level 3
8523,29,,,,,2,6629,98,20,7,9,3,1,3,37,,3,37,14,4,2,3,32,2,,High,Normal,,1,0,0,Level 1
8524,53,,,,,1,16817,67,18,12,3,2,5,3,99,,8,56,3,2,2,2,38,1,,,High,,1,1,0,Level 4
8525,29,,,,,3,19193,21,21,12,1,4,2,3,99,,5,53,4,1,4,1,10,2,,,High,,1,0,0,Level 4
8526,49,,,,,1,17901,44,8,6,3,2,3,4,15,,7,44,15,1,2,3,2,1,,,Normal,Expert,1,0,1,Level 4
8527,41,,,,,2,11049,69,1,13,8,2,1,1,53,,3,59,0,1,2,3,24,4,,Very High,High,New,0,0,0,Level 2
8528,25,,,,,4,12219,79,6,3,2,2,4,2,2,,3,58,15,4,1,1,34,2,,,High,Senior,1,0,0,Level 3
8529,21,,,,,2,15278,35,18,5,4,1,1,2,63,,2,31,5,3,1,1,29,3,,,Low,,1,0,0,Level 3
8530,49,,,,,1,4936,21,2,13,1,2,2,2,92,,5,34,14,2,1,2,39,3,,Medium,Low,New,0,0,0,Level 1
8531,21,,,,,4,7847,58,8,2,6,3,5,4,27,,6,36,0,3,1,1,30,2,,High,Normal,Expert,1,0,1,Level 2
8532,51,,,,,5,4615,82,6,11,9,1,1,2,57,,2,47,14,2,3,3,41,2,,Medium,High,Senior,1,1,0,Level 1
8533,35,,,,,5,7296,29,6,14,4,4,4,1,29,,2,48,16,1,1,3,31,1,,High,High,Senior,1,0,0,Level 2
8534,31,,,,,3,19790,16,22,9,6,4,1,3,41,,6,44,8,4,1,2,46,4,,,Normal,,1,0,0,Level 4
8535,20,,,,,5,11986,17,25,5,2,2,4,1,64,,4,51,13,1,4,2,40,1,,Very High,High,,1,0,0,Level 3
8536,27,,,,,1,4116,62,14,8,5,4,1,2,74,,4,46,15,2,1,1,48,1,,Medium,High,,1,0,0,Level 1
8537,32,,,,,5,8783,82,29,5,2,4,2,2,71,,5,30,12,3,3,2,16,2,,High,Low,,1,0,0,Level 2
8538,34,,,,,3,7187,61,3,10,0,3,3,2,25,,8,32,16,1,3,3,30,2,,High,Low,New,0,0,0,Level 2
8539,27,,,,,4,16364,57,18,9,7,3,5,3,54,,4,57,19,4,2,4,35,1,,,High,,1,0,0,Level 4
8540,29,,,,,5,18433,41,5,12,8,2,4,2,56,,6,40,5,3,4,2,38,2,,,Normal,Experienced,1,0,0,Level 4
8541,24,,,,,3,13683,18,22,11,4,2,2,2,79,,9,52,4,4,4,2,11,2,,,High,,1,0,0,Level 3
8542,38,,,,,5,17913,50,25,1,0,3,4,1,90,,1,39,9,4,2,2,43,4,,,Normal,,1,0,0,Level 4
8543,57,,,,,5,5712,97,16,6,1,3,3,4,91,,6,44,6,3,1,2,6,3,,Medium,Normal,,1,1,1,Level 1
8544,30,,,,,1,19748,94,25,13,7,2,4,2,12,,3,58,3,2,1,1,18,1,,,High,,1,0,0,Level 4
8545,39,,,,,3,11387,66,18,8,6,3,3,3,40,,6,53,2,4,4,4,45,2,,Very High,High,,1,0,0,Level 2
8546,39,,,,,3,18374,59,9,12,3,2,3,1,96,,6,36,1,4,3,1,7,3,,,Normal,Expert,1,0,0,Level 4
8547,40,,,,,2,15497,65,25,7,2,1,4,4,80,,3,37,4,4,2,1,15,3,,,Normal,,1,0,1,Level 3
8548,37,,,,,2,15422,46,29,2,3,1,2,4,96,,4,51,7,2,3,3,43,1,,,High,,1,0,1,Level 3
8549,29,,,,,3,8503,16,22,13,4,4,1,2,47,,6,48,6,2,2,4,29,4,,High,High,,1,0,0,Level 2
8550,53,,,,,1,15881,31,1,2,3,4,2,4,84,,5,58,13,3,3,3,38,4,,,High,New,0,1,1,Level 4
8551,45,,,,,5,7599,37,11,11,8,2,2,3,44,,4,47,16,4,1,2,4,2,,High,High,Expert,1,0,0,Level 2
8552,49,,,,,4,15764,58,8,10,0,2,2,1,79,,3,57,14,4,4,3,29,1,,,High,Expert,1,0,0,Level 4
8553,28,,,,,5,8416,60,8,1,0,2,4,4,6,,2,47,6,1,2,2,16,4,,High,High,Expert,1,0,1,Level 2
8554,50,,,,,4,16693,26,24,1,9,4,1,2,30,,8,51,8,2,1,4,16,3,,,High,,1,1,0,Level 4
8555,23,,,,,1,15731,68,13,3,6,3,1,2,89,,9,58,4,3,3,4,5,3,,,High,,1,0,0,Level 4
8556,25,,,,,2,4985,27,29,3,2,3,3,1,79,,4,42,1,2,2,2,18,2,,Medium,Normal,,1,0,0,Level 1
8557,33,,,,,3,15677,88,8,11,3,4,1,3,79,,4,40,15,4,1,4,21,2,,,Normal,Expert,1,0,0,Level 3
8558,23,,,,,1,17250,82,16,8,0,1,2,1,85,,5,42,4,2,1,4,25,4,,,Normal,,1,0,0,Level 4
8559,45,,,,,4,5567,85,26,9,1,2,4,1,46,,4,36,3,3,1,2,1,1,,Medium,Normal,,1,0,0,Level 1
8560,58,,,,,3,7340,80,21,5,4,2,1,3,16,,8,57,19,3,1,4,36,3,,High,High,,1,1,0,Level 2
8561,36,,,,,4,11153,29,18,1,3,4,3,3,31,,2,31,19,2,4,3,42,4,,Very High,Low,,1,0,0,Level 2
8562,38,,,,,5,15084,76,9,14,2,2,1,2,24,,5,42,13,2,2,4,43,4,,,Normal,Expert,1,0,0,Level 3
8563,25,,,,,5,4590,87,12,2,1,3,4,1,87,,8,32,6,2,1,3,6,3,,Medium,Low,,1,0,0,Level 1
8564,48,,,,,5,15572,38,27,11,0,2,2,2,37,,4,59,10,2,2,2,4,3,,,High,,1,0,0,Level 3
8565,30,,,,,3,4616,84,22,4,0,3,1,3,56,,1,57,1,2,2,4,4,2,,Medium,High,,1,0,0,Level 1
8566,35,,,,,2,18568,75,3,9,0,4,4,1,8,,5,36,4,4,2,1,1,2,,,Normal,New,0,0,0,Level 4
8567,49,,,,,2,15402,85,1,12,6,1,3,1,67,,5,30,15,1,4,1,33,4,,,Low,New,0,0,0,Level 3
8568,44,,,,,4,16251,94,28,5,0,2,2,1,94,,9,39,0,2,3,4,3,3,,,Normal,,1,0,0,Level 4
8569,59,,,,,2,3752,95,21,9,1,4,3,3,69,,3,41,5,1,3,4,7,2,,Medium,Normal,,1,1,0,Level 1
8570,30,,,,,2,9934,86,20,13,1,2,5,3,92,,3,47,10,1,4,2,16,4,,Very High,High,,1,0,0,Level 2
8571,26,,,,,4,10985,17,29,13,7,3,3,4,44,,4,30,9,1,4,2,23,4,,Very High,Low,,1,0,1,Level 2
8572,45,,,,,4,6043,43,29,1,4,2,3,1,64,,5,55,15,1,4,1,16,2,,High,High,,1,0,0,Level 1
8573,41,,,,,4,10456,35,29,9,3,4,1,4,8,,9,46,0,4,4,1,1,3,,Very High,High,,1,0,1,Level 2
8574,44,,,,,3,11882,68,20,8,2,4,1,1,64,,4,44,15,4,3,4,45,4,,Very High,Normal,,1,0,0,Level 3
8575,38,,,,,4,17816,20,9,13,7,3,3,3,65,,9,36,19,2,1,4,2,2,,,Normal,Expert,1,0,0,Level 4
8576,50,,,,,3,9787,25,29,14,9,2,4,3,68,,7,44,7,3,1,3,44,4,,Very High,Normal,,1,1,0,Level 2
8577,45,,,,,3,16452,84,22,14,5,1,5,4,29,,5,54,10,4,4,1,44,1,,,High,,1,0,1,Level 4
8578,55,,,,,3,15569,41,8,11,6,4,1,4,99,,2,58,1,2,1,2,11,2,,,High,Expert,1,1,1,Level 3
8579,42,,,,,4,5337,91,25,1,4,2,2,4,10,,6,49,3,2,1,4,42,2,,Medium,High,,1,0,1,Level 1
8580,32,,,,,2,17004,74,13,7,4,3,4,3,17,,7,46,1,1,2,1,1,3,,,High,,1,0,0,Level 4
8581,44,,,,,2,13571,87,17,14,9,4,1,1,33,,4,50,5,1,4,1,14,1,,,High,,1,0,0,Level 3
8582,21,,,,,4,10815,86,23,5,7,2,2,2,47,,7,37,11,3,2,3,2,2,,Very High,Normal,,1,0,0,Level 2
8583,21,,,,,2,17738,41,7,10,0,3,2,4,5,,3,41,4,1,1,4,32,2,,,Normal,Senior,1,0,1,Level 4
8584,35,,,,,4,11223,46,15,8,2,2,3,4,24,,6,51,4,2,3,3,30,1,,Very High,High,,1,0,1,Level 2
8585,28,,,,,3,19148,47,14,4,6,3,5,2,24,,8,38,13,2,3,1,32,3,,,Normal,,1,0,0,Level 4
8586,47,,,,,5,7502,19,25,2,2,2,1,1,71,,1,42,14,2,4,3,16,1,,High,Normal,,1,0,0,Level 2
8587,32,,,,,1,18657,23,16,1,8,1,3,2,88,,6,32,4,4,4,1,43,3,,,Low,,1,0,0,Level 4
8588,54,,,,,4,5082,27,17,7,1,2,3,1,18,,9,40,14,4,2,4,27,3,,Medium,Normal,,1,1,0,Level 1
8589,32,,,,,3,6969,20,16,1,0,3,5,4,61,,7,43,2,1,1,3,37,4,,High,Normal,,1,0,1,Level 1
8590,50,,,,,5,8339,88,18,9,6,1,4,2,32,,5,51,11,3,4,2,30,3,,High,High,,1,1,0,Level 2
8591,40,,,,,3,19070,50,14,1,8,1,3,4,37,,7,55,0,2,2,2,1,2,,,High,,1,0,1,Level 4
8592,51,,,,,1,16363,64,6,6,3,4,4,1,53,,6,53,18,3,2,2,11,4,,,High,Senior,1,1,0,Level 4
8593,53,,,,,2,12045,75,20,2,8,4,5,3,26,,9,32,7,3,1,1,33,2,,,Low,,1,1,0,Level 3
8594,27,,,,,2,9323,62,21,11,2,4,3,4,93,,6,50,6,2,2,2,29,4,,Very High,High,,1,0,1,Level 2
8595,21,,,,,3,12493,97,15,6,7,3,1,2,94,,6,40,11,2,1,3,28,1,,,Normal,,1,0,0,Level 3
8596,57,,,,,1,4827,25,5,6,8,3,4,2,32,,8,33,13,3,1,1,29,2,,Medium,Low,Experienced,1,1,0,Level 1
8597,51,,,,,3,4616,31,26,5,4,2,5,4,89,,3,45,10,2,1,1,46,4,,Medium,Normal,,1,1,1,Level 1
8598,59,,,,,2,13978,16,17,5,4,1,2,3,49,,3,52,14,3,1,4,18,4,,,High,,1,1,0,Level 3
8599,47,,,,,3,17530,21,1,8,4,3,3,4,15,,8,58,4,3,4,2,38,3,,,High,New,0,0,1,Level 4
8600,56,,,,,5,3316,71,13,7,8,2,3,2,50,,8,51,2,1,3,4,11,3,,Medium,High,,1,1,0,Level 1
8601,20,,,,,1,18090,45,7,5,8,2,3,1,25,,6,44,4,3,1,3,18,4,,,Normal,Senior,1,0,0,Level 4
8602,29,,,,,2,12263,73,19,4,2,3,1,1,49,,2,43,0,4,1,2,26,4,,,Normal,,1,0,0,Level 3
8603,23,,,,,3,12685,60,21,1,3,1,1,3,30,,7,55,13,2,3,1,44,1,,,High,,1,0,0,Level 3
8604,54,,,,,1,6776,95,24,14,5,3,2,2,60,,8,53,10,2,1,4,23,4,,High,High,,1,1,0,Level 1
8605,29,,,,,3,5061,93,5,2,7,2,3,1,94,,7,42,19,2,2,1,35,4,,Medium,Normal,Experienced,1,0,0,Level 1
8606,30,,,,,2,12563,21,26,10,1,3,5,3,34,,3,43,10,3,4,1,36,4,,,Normal,,1,0,0,Level 3
8607,33,,,,,1,11558,28,9,7,3,4,1,4,67,,7,59,15,2,1,4,10,4,,Very High,High,Expert,1,0,1,Level 3
8608,57,,,,,2,15515,23,4,10,4,2,1,2,7,,2,45,8,1,2,2,25,3,,,Normal,Experienced,0,1,0,Level 3
8609,31,,,,,5,12843,23,7,11,5,3,2,1,69,,1,42,18,2,3,2,23,1,,,Normal,Senior,1,0,0,Level 3
8610,36,,,,,5,14636,16,13,1,0,3,5,4,79,,6,53,4,2,3,4,14,2,,,High,,1,0,1,Level 3
8611,35,,,,,4,16290,30,8,13,5,1,4,2,15,,4,50,17,3,3,1,46,4,,,High,Expert,1,0,0,Level 4
8612,54,,,,,1,15081,16,23,13,9,1,1,2,48,,1,48,19,2,3,4,18,3,,,High,,1,1,0,Level 3
8613,21,,,,,5,3735,93,29,9,6,4,5,4,77,,2,36,18,1,2,4,32,1,,Medium,Normal,,1,0,1,Level 1
8614,30,,,,,4,14804,84,4,6,8,2,4,1,5,,2,59,12,3,1,3,7,1,,,High,Experienced,0,0,0,Level 3
8615,22,,,,,1,15240,37,8,5,7,4,1,4,60,,3,42,17,3,1,2,15,4,,,Normal,Expert,1,0,1,Level 3
8616,48,,,,,2,19360,42,26,6,2,4,1,2,81,,8,44,17,4,1,4,44,1,,,Normal,,1,0,0,Level 4
8617,37,,,,,3,6476,57,27,13,4,4,5,4,53,,3,47,12,3,2,4,33,2,,High,High,,1,0,1,Level 1
8618,39,,,,,3,17893,77,16,1,0,1,1,1,53,,3,47,10,4,4,3,14,4,,,High,,1,0,0,Level 4
8619,33,,,,,2,6131,31,26,2,8,3,4,1,95,,4,56,4,2,3,4,2,1,,High,High,,1,0,0,Level 1
8620,53,,,,,5,11851,50,13,7,9,4,1,1,43,,7,47,3,2,3,3,14,3,,Very High,High,,1,1,0,Level 3
8621,50,,,,,3,6123,33,10,6,6,1,3,4,32,,2,40,11,4,1,2,36,1,,High,Normal,Expert,1,1,1,Level 1
8622,59,,,,,2,9799,19,14,7,2,3,4,3,31,,8,54,18,3,1,3,27,1,,Very High,High,,1,1,0,Level 2
8623,37,,,,,4,17507,37,20,12,5,3,5,4,78,,3,36,4,1,3,1,7,3,,,Normal,,1,0,1,Level 4
8624,49,,,,,4,5365,33,10,6,9,2,5,3,99,,1,59,0,1,2,4,28,2,,Medium,High,Expert,1,0,0,Level 1
8625,44,,,,,2,3488,15,13,7,0,1,1,2,25,,9,41,9,1,1,3,10,2,,Medium,Normal,,1,0,0,Level 1
8626,38,,,,,1,16860,41,28,7,2,4,4,1,94,,2,45,0,2,1,2,6,4,,,Normal,,1,0,0,Level 4
8627,27,,,,,5,16523,57,8,6,0,2,5,1,2,,5,50,10,4,3,4,28,1,,,High,Expert,1,0,0,Level 4
8628,47,,,,,5,11897,39,24,8,6,3,3,1,99,,3,52,9,3,4,4,3,2,,Very High,High,,1,0,0,Level 3
8629,27,,,,,2,18786,68,20,14,2,4,2,3,91,,9,39,2,4,4,3,46,2,,,Normal,,1,0,0,Level 4
8630,50,,,,,3,11096,20,5,7,4,4,3,4,93,,2,31,4,3,4,1,30,2,,Very High,Low,Experienced,1,1,1,Level 2
8631,22,,,,,5,10459,95,21,9,4,3,3,1,34,,5,54,10,2,2,3,34,2,,Very High,High,,1,0,0,Level 2
8632,22,,,,,5,7772,90,21,13,8,2,4,2,25,,5,42,5,2,1,2,40,4,,High,Normal,,1,0,0,Level 2
8633,41,,,,,4,15190,39,19,5,0,2,1,4,70,,4,52,7,1,1,3,26,1,,,High,,1,0,1,Level 3
8634,36,,,,,4,12603,88,13,12,2,2,5,2,65,,4,40,0,2,1,3,36,4,,,Normal,,1,0,0,Level 3
8635,55,,,,,4,5693,60,2,12,3,3,1,1,28,,7,30,13,2,2,4,3,4,,Medium,Low,New,0,1,0,Level 1
8636,36,,,,,5,16396,73,16,14,3,1,4,2,44,,3,34,12,3,3,1,44,4,,,Low,,1,0,0,Level 4
8637,33,,,,,5,10717,69,14,8,7,3,4,2,20,,6,50,18,4,3,1,44,3,,Very High,High,,1,0,0,Level 2
8638,28,,,,,5,16477,38,17,8,7,3,5,2,67,,7,56,2,1,4,1,44,1,,,High,,1,0,0,Level 4
8639,49,,,,,3,14793,89,27,8,3,4,3,1,99,,2,51,6,4,4,4,3,3,,,High,,1,0,0,Level 3
8640,40,,,,,3,4695,38,3,4,9,3,4,1,13,,8,46,5,3,1,2,3,3,,Medium,High,New,0,0,0,Level 1
8641,31,,,,,3,19198,17,16,9,8,3,5,4,69,,6,54,9,4,2,1,44,1,,,High,,1,0,1,Level 4
8642,56,,,,,1,6293,54,9,10,8,1,3,4,82,,8,41,9,3,1,1,28,3,,High,Normal,Expert,1,1,1,Level 1
8643,51,,,,,5,15957,34,7,4,2,3,2,1,60,,4,56,7,3,3,2,28,3,,,High,Senior,1,1,0,Level 4
8644,30,,,,,5,18959,83,2,6,8,4,2,1,9,,8,33,5,4,4,1,26,4,,,Low,New,0,0,0,Level 4
8645,39,,,,,2,6485,91,11,11,7,2,4,2,6,,6,58,6,3,2,2,16,2,,High,High,Expert,1,0,0,Level 1
8646,54,,,,,2,16444,84,24,6,3,4,5,1,61,,8,57,5,3,3,4,11,1,,,High,,1,1,0,Level 4
8647,30,,,,,1,14011,80,11,2,9,1,2,3,89,,3,40,18,4,4,1,32,4,,,Normal,Expert,1,0,0,Level 3
8648,27,,,,,2,10346,83,29,12,4,4,1,3,44,,5,50,1,1,2,4,26,1,,Very High,High,,1,0,0,Level 2
8649,23,,,,,3,9121,93,14,7,1,2,1,3,31,,1,46,18,3,2,3,7,2,,Very High,High,,1,0,0,Level 2
8650,46,,,,,1,7918,22,16,13,6,2,5,4,51,,6,44,16,2,2,2,46,1,,High,Normal,,1,0,1,Level 2
8651,59,,,,,1,18986,69,8,7,1,3,1,1,79,,5,41,13,1,4,1,35,3,,,Normal,Expert,1,1,0,Level 4
8652,57,,,,,1,14612,51,23,1,0,4,4,3,24,,6,44,6,3,2,1,45,1,,,Normal,,1,1,0,Level 3
8653,49,,,,,4,18442,87,28,13,9,4,2,1,87,,3,54,3,4,2,1,34,3,,,High,,1,0,0,Level 4
8654,46,,,,,2,17780,86,27,5,4,4,2,4,40,,5,46,19,4,3,2,28,4,,,High,,1,0,1,Level 4
8655,40,,,,,5,19019,28,22,9,7,1,5,2,87,,8,43,0,4,3,3,48,2,,,Normal,,1,0,0,Level 4
8656,39,,,,,4,13353,62,15,10,3,3,3,1,44,,6,56,11,4,2,1,5,1,,,High,,1,0,0,Level 3
8657,23,,,,,3,6924,81,16,5,0,1,2,1,1,,4,36,8,2,1,1,12,1,,High,Normal,,1,0,0,Level 1
8658,30,,,,,4,9110,46,2,10,3,1,3,2,3,,2,53,8,3,3,1,27,3,,Very High,High,New,0,0,0,Level 2
8659,32,,,,,3,4827,50,4,7,8,2,3,2,89,,1,52,7,4,2,4,17,1,,Medium,High,Experienced,0,0,0,Level 1
8660,28,,,,,5,12811,19,1,9,7,1,5,1,9,,3,44,10,2,2,2,23,3,,,Normal,New,0,0,0,Level 3
8661,23,,,,,5,8036,93,7,12,8,2,3,1,96,,1,41,10,3,1,1,25,2,,High,Normal,Senior,1,0,0,Level 2
8662,31,,,,,2,16923,32,11,13,6,4,3,3,99,,7,31,17,4,4,3,13,2,,,Low,Expert,1,0,0,Level 4
8663,28,,,,,4,8421,25,18,13,5,3,5,3,79,,3,44,12,1,4,4,8,4,,High,Normal,,1,0,0,Level 2
8664,32,,,,,5,14124,88,22,1,5,2,5,2,20,,8,51,10,4,3,2,18,2,,,High,,1,0,0,Level 3
8665,45,,,,,3,3785,18,25,9,0,2,5,1,4,,2,37,15,2,4,1,16,1,,Medium,Normal,,1,0,0,Level 1
8666,57,,,,,5,9853,34,5,4,2,1,5,3,44,,7,53,10,1,2,3,13,3,,Very High,High,Experienced,1,1,0,Level 2
8667,32,,,,,2,17281,19,5,1,1,4,5,2,47,,1,45,9,4,3,4,6,1,,,Normal,Experienced,1,0,0,Level 4
8668,58,,,,,3,14153,77,20,8,6,1,1,1,5,,4,53,5,4,1,3,24,4,,,High,,1,1,0,Level 3
8669,47,,,,,1,18295,68,17,3,9,2,4,3,25,,8,54,15,4,2,4,28,4,,,High,,1,0,0,Level 4
8670,38,,,,,2,9727,79,4,11,5,3,2,1,18,,8,32,0,1,3,3,26,2,,Very High,Low,Experienced,0,0,0,Level 2
8671,43,,,,,2,7850,91,9,8,2,4,5,2,49,,3,59,18,3,3,1,15,3,,High,High,Expert,1,0,0,Level 2
8672,38,,,,,1,10853,27,14,6,3,4,3,2,42,,2,47,2,3,4,1,32,4,,Very High,High,,1,0,0,Level 2
8673,32,,,,,5,11208,93,9,6,0,2,2,2,78,,8,42,17,4,2,1,45,4,,Very High,Normal,Expert,1,0,0,Level 2
8674,32,,,,,2,9173,87,23,8,3,3,5,4,22,,3,47,19,1,4,3,33,3,,Very High,High,,1,0,1,Level 2
8675,47,,,,,1,15679,17,13,9,1,3,1,3,40,,8,48,15,3,2,3,26,1,,,High,,1,0,0,Level 3
8676,21,,,,,1,17164,16,16,8,4,1,3,3,82,,8,58,10,1,3,3,49,2,,,High,,1,0,0,Level 4
8677,29,,,,,2,4691,26,20,12,8,3,1,4,13,,5,54,5,4,2,2,43,3,,Medium,High,,1,0,1,Level 1
8678,41,,,,,4,11475,96,13,7,8,2,4,1,17,,9,34,6,3,4,3,36,3,,Very High,Low,,1,0,0,Level 3
8679,32,,,,,2,6005,70,9,3,0,1,4,2,20,,7,49,17,3,2,1,49,2,,High,High,Expert,1,0,0,Level 1
8680,28,,,,,4,4749,72,21,13,5,4,5,4,88,,7,30,5,4,1,2,48,1,,Medium,Low,,1,0,1,Level 1
8681,52,,,,,5,18683,66,12,4,1,1,4,2,66,,5,30,18,3,1,2,11,2,,,Low,,1,1,0,Level 4
8682,33,,,,,1,18383,29,12,9,0,1,5,2,80,,4,58,16,3,2,3,36,4,,,High,,1,0,0,Level 4
8683,39,,,,,3,14317,15,10,11,8,3,5,1,14,,4,35,19,4,3,2,28,1,,,Low,Expert,1,0,0,Level 3
8684,34,,,,,2,15045,86,29,4,1,2,4,3,13,,6,52,2,3,1,3,14,3,,,High,,1,0,0,Level 3
8685,51,,,,,3,10851,85,2,8,5,4,4,4,98,,3,39,10,3,1,3,31,3,,Very High,Normal,New,0,1,1,Level 2
8686,52,,,,,5,7816,59,25,6,5,2,1,1,35,,2,41,8,2,3,4,2,1,,High,Normal,,1,1,0,Level 2
8687,36,,,,,2,5409,30,22,5,2,1,1,4,14,,1,57,1,3,2,1,12,4,,Medium,High,,1,0,1,Level 1
8688,43,,,,,3,9905,31,5,7,5,3,1,2,85,,9,32,1,3,3,4,37,2,,Very High,Low,Experienced,1,0,0,Level 2
8689,49,,,,,5,8580,44,11,1,3,2,3,4,76,,7,44,18,1,3,4,44,3,,High,Normal,Expert,1,0,1,Level 2
8690,32,,,,,4,15247,51,26,10,7,4,3,4,15,,3,38,5,3,4,3,17,4,,,Normal,,1,0,1,Level 3
8691,35,,,,,5,13694,32,28,3,3,3,2,2,16,,4,40,3,2,1,3,40,2,,,Normal,,1,0,0,Level 3
8692,21,,,,,2,7637,90,24,5,6,4,5,3,80,,3,40,2,2,3,3,29,1,,High,Normal,,1,0,0,Level 2
8693,36,,,,,2,18876,25,2,4,9,4,5,3,5,,4,35,1,3,2,4,9,1,,,Low,New,0,0,0,Level 4
8694,51,,,,,2,8479,74,21,3,1,1,3,1,36,,5,56,19,1,2,1,1,2,,High,High,,1,1,0,Level 2
8695,27,,,,,5,19752,73,10,14,5,2,3,1,27,,5,33,15,2,1,1,1,1,,,Low,Expert,1,0,0,Level 4
8696,22,,,,,2,16511,84,8,3,9,2,5,3,87,,5,48,18,2,2,1,38,3,,,High,Expert,1,0,0,Level 4
8697,31,,,,,5,7774,40,20,9,4,4,2,4,71,,2,50,5,4,2,4,6,2,,High,High,,1,0,1,Level 2
8698,39,,,,,1,5433,94,10,5,0,3,4,2,23,,6,35,8,2,1,2,19,3,,Medium,Low,Expert,1,0,0,Level 1
8699,35,,,,,1,3395,52,26,3,4,3,2,2,67,,4,52,5,4,4,3,26,2,,Medium,High,,1,0,0,Level 1
8700,33,,,,,1,19923,23,11,11,5,1,3,3,95,,3,41,4,3,4,3,22,2,,,Normal,Expert,1,0,0,Level 4
8701,35,,,,,3,5667,96,9,5,1,1,3,4,66,,4,36,17,2,3,1,1,4,,Medium,Normal,Expert,1,0,1,Level 1
8702,52,,,,,1,4307,97,7,12,6,2,4,3,37,,3,36,18,4,4,2,36,2,,Medium,Normal,Senior,1,1,0,Level 1
8703,49,,,,,1,18458,87,12,9,0,4,4,2,57,,5,42,5,2,4,4,4,2,,,Normal,,1,0,0,Level 4
8704,31,,,,,5,5757,60,7,3,0,2,2,4,87,,4,33,19,2,4,1,16,4,,Medium,Low,Senior,1,0,1,Level 1
8705,34,,,,,5,12076,58,16,14,0,1,5,2,90,,7,36,2,2,1,3,24,4,,,Normal,,1,0,0,Level 3
8706,37,,,,,2,8000,56,25,5,1,2,5,2,22,,3,44,6,2,1,3,47,4,,High,Normal,,1,0,0,Level 2
8707,47,,,,,2,11694,87,19,2,0,4,1,3,84,,3,38,11,1,3,1,17,1,,Very High,Normal,,1,0,0,Level 3
8708,42,,,,,2,14176,83,16,8,6,2,2,1,19,,6,44,6,4,4,3,14,1,,,Normal,,1,0,0,Level 3
8709,33,,,,,5,15337,37,15,14,4,4,3,2,66,,8,51,19,3,3,2,28,4,,,High,,1,0,0,Level 3
8710,49,,,,,5,11416,48,14,6,6,3,1,3,82,,5,40,19,4,3,4,43,2,,Very High,Normal,,1,0,0,Level 3
8711,52,,,,,1,13421,36,13,12,4,2,2,3,39,,2,32,15,1,3,3,20,2,,,Low,,1,1,0,Level 3
8712,34,,,,,4,19905,83,29,8,7,3,5,2,99,,5,46,13,3,4,3,15,1,,,High,,1,0,0,Level 4
8713,26,,,,,5,14623,79,3,1,9,1,4,3,0,,1,38,6,3,4,2,48,2,,,Normal,New,0,0,0,Level 3
8714,34,,,,,4,5975,40,13,2,7,1,3,4,20,,9,31,6,2,4,1,18,1,,Medium,Low,,1,0,1,Level 1
8715,57,,,,,5,15522,96,29,7,8,4,1,3,49,,2,43,7,4,1,1,33,2,,,Normal,,1,1,0,Level 3
8716,30,,,,,5,18157,69,26,7,2,1,4,4,9,,3,48,10,3,1,3,21,1,,,High,,1,0,1,Level 4
8717,48,,,,,3,10493,29,7,12,1,3,3,4,29,,9,37,9,1,1,4,34,1,,Very High,Normal,Senior,1,0,1,Level 2
8718,50,,,,,4,13785,80,2,11,6,4,5,1,28,,6,59,18,1,3,1,44,1,,,High,New,0,1,0,Level 3
8719,44,,,,,3,4156,67,10,9,6,4,5,4,2,,7,51,2,1,3,2,9,3,,Medium,High,Expert,1,0,1,Level 1
8720,43,,,,,1,10792,93,15,12,2,4,5,4,11,,1,55,5,4,3,4,37,3,,Very High,High,,1,0,1,Level 2
8721,38,,,,,3,14633,25,3,12,1,1,2,4,92,,4,59,1,2,2,4,10,4,,,High,New,0,0,1,Level 3
8722,21,,,,,3,15341,72,6,6,9,4,3,1,68,,7,41,0,1,1,1,44,1,,,Normal,Senior,1,0,0,Level 3
8723,41,,,,,1,17217,98,29,12,1,4,2,1,83,,5,58,17,2,4,3,4,4,,,High,,1,0,0,Level 4
8724,39,,,,,4,7874,56,25,7,2,3,5,3,43,,3,33,14,1,2,1,30,3,,High,Low,,1,0,0,Level 2
8725,52,,,,,2,10105,95,14,4,7,4,3,4,76,,1,36,17,3,3,2,38,3,,Very High,Normal,,1,1,1,Level 2
8726,27,,,,,5,19521,83,4,2,7,2,3,2,2,,9,51,7,3,2,2,17,3,,,High,Experienced,0,0,0,Level 4
8727,44,,,,,4,3532,47,15,9,0,4,5,2,17,,6,38,11,2,1,3,44,2,,Medium,Normal,,1,0,0,Level 1
8728,28,,,,,1,16184,58,5,11,8,4,2,4,57,,5,31,1,3,3,2,23,2,,,Low,Experienced,1,0,1,Level 4
8729,53,,,,,3,17589,21,6,1,4,3,1,4,71,,3,50,11,1,2,3,5,2,,,High,Senior,1,1,1,Level 4
8730,42,,,,,2,6373,93,19,6,4,2,5,1,38,,3,56,15,2,2,1,35,2,,High,High,,1,0,0,Level 1
8731,24,,,,,3,9878,66,18,10,1,1,5,2,56,,2,47,17,2,1,1,24,1,,Very High,High,,1,0,0,Level 2
8732,44,,,,,5,14882,27,20,9,4,2,1,3,14,,7,30,7,1,1,2,25,1,,,Low,,1,0,0,Level 3
8733,27,,,,,1,6145,46,6,10,5,4,1,1,16,,4,43,18,2,4,2,23,2,,High,Normal,Senior,1,0,0,Level 1
8734,35,,,,,2,9675,53,4,10,6,2,3,1,96,,4,46,6,1,1,4,34,4,,Very High,High,Experienced,0,0,0,Level 2
8735,34,,,,,4,14236,92,12,2,0,1,1,3,15,,8,31,10,3,4,1,15,3,,,Low,,1,0,0,Level 3
8736,20,,,,,4,9029,77,24,2,2,2,3,3,41,,3,52,5,3,3,1,11,2,,Very High,High,,1,0,0,Level 2
8737,41,,,,,1,13296,34,25,12,3,2,1,4,99,,9,55,7,1,4,4,35,4,,,High,,1,0,1,Level 3
8738,22,,,,,1,15475,30,24,9,6,4,2,4,63,,7,54,8,4,2,1,10,2,,,High,,1,0,1,Level 3
8739,57,,,,,3,14310,44,14,13,7,3,3,1,3,,8,44,6,1,3,2,3,4,,,Normal,,1,1,0,Level 3
8740,33,,,,,2,18269,33,7,10,4,4,2,4,21,,5,58,9,4,3,3,27,1,,,High,Senior,1,0,1,Level 4
8741,55,,,,,5,6571,88,2,10,6,4,1,1,69,,1,49,9,2,4,2,10,1,,High,High,New,0,1,0,Level 1
8742,37,,,,,1,17578,86,26,9,1,2,2,2,78,,6,54,3,1,3,4,10,1,,,High,,1,0,0,Level 4
8743,37,,,,,2,19563,92,2,4,7,1,5,4,68,,8,57,18,2,2,1,1,4,,,High,New,0,0,1,Level 4
8744,22,,,,,1,4772,89,26,8,1,3,1,1,14,,5,36,17,3,3,4,9,3,,Medium,Normal,,1,0,0,Level 1
8745,29,,,,,1,3007,44,21,8,2,4,3,3,28,,8,45,18,1,2,4,49,3,,Medium,Normal,,1,0,0,Level 1
8746,58,,,,,4,15447,48,20,11,2,2,1,1,83,,2,33,13,3,1,1,27,1,,,Low,,1,1,0,Level 3
8747,20,,,,,2,13709,53,4,2,5,4,4,1,82,,8,59,7,2,3,1,31,3,,,High,Experienced,0,0,0,Level 3
8748,46,,,,,4,5887,63,20,4,9,1,5,2,66,,7,44,11,1,1,1,7,3,,Medium,Normal,,1,0,0,Level 1
8749,46,,,,,4,15668,19,23,6,5,4,3,2,97,,7,58,2,4,1,1,17,3,,,High,,1,0,0,Level 3
8750,30,,,,,2,16195,57,3,4,0,3,1,4,59,,9,39,13,4,4,3,39,3,,,Normal,New,0,0,1,Level 4
8751,24,,,,,4,10896,61,2,7,9,3,5,2,31,,9,39,11,1,1,3,19,1,,Very High,Normal,New,0,0,0,Level 2
8752,26,,,,,3,18290,73,21,13,1,2,3,1,93,,2,39,16,3,1,2,43,3,,,Normal,,1,0,0,Level 4
8753,38,,,,,5,14012,83,29,10,4,4,5,3,32,,3,54,15,4,4,3,3,2,,,High,,1,0,0,Level 3
8754,48,,,,,5,14227,31,6,12,8,3,3,3,98,,3,51,8,1,2,4,34,3,,,High,Senior,1,0,0,Level 3
8755,34,,,,,3,15559,33,14,5,5,4,5,2,82,,9,45,11,4,3,1,13,1,,,Normal,,1,0,0,Level 3
8756,54,,,,,1,15410,60,8,4,5,3,3,2,0,,4,36,5,4,1,4,48,1,,,Normal,Expert,1,1,0,Level 3
8757,56,,,,,4,5326,70,11,6,0,1,3,3,79,,5,59,18,4,1,4,16,4,,Medium,High,Expert,1,1,0,Level 1
8758,31,,,,,5,10004,40,19,6,7,1,4,4,64,,2,56,5,2,1,1,29,4,,Very High,High,,1,0,1,Level 2
8759,49,,,,,2,8652,80,15,5,8,3,3,2,25,,7,37,7,3,1,3,4,3,,High,Normal,,1,0,0,Level 2
8760,39,,,,,1,16007,28,20,6,4,3,4,1,42,,1,48,6,1,3,2,16,1,,,High,,1,0,0,Level 4
8761,56,,,,,5,8749,66,20,5,9,4,1,2,26,,3,40,17,1,1,4,19,1,,High,Normal,,1,1,0,Level 2
8762,22,,,,,4,17024,18,20,7,2,4,1,3,57,,5,42,3,2,3,3,27,1,,,Normal,,1,0,0,Level 4
8763,28,,,,,5,18745,17,23,14,9,3,5,2,53,,9,36,12,4,2,1,39,4,,,Normal,,1,0,0,Level 4
8764,58,,,,,4,19780,93,20,5,4,3,2,4,45,,5,59,1,3,4,3,33,3,,,High,,1,1,1,Level 4
8765,45,,,,,1,5348,36,14,4,4,4,2,2,24,,6,42,19,2,4,3,16,1,,Medium,Normal,,1,0,0,Level 1
8766,21,,,,,3,6465,64,23,11,0,3,1,2,18,,8,56,6,2,1,1,46,3,,High,High,,1,0,0,Level 1
8767,42,,,,,4,7698,78,4,9,8,1,4,1,8,,5,39,6,3,4,3,22,2,,High,Normal,Experienced,0,0,0,Level 2
8768,42,,,,,4,9736,97,10,5,9,4,3,4,29,,7,55,13,3,4,2,24,2,,Very High,High,Expert,1,0,1,Level 2
8769,40,,,,,1,10956,24,8,6,1,1,5,3,44,,9,56,17,2,2,3,38,4,,Very High,High,Expert,1,0,0,Level 2
8770,35,,,,,1,3000,70,5,2,4,4,3,4,54,,6,55,7,3,1,2,47,1,,Low,High,Experienced,1,0,1,Level 1
8771,28,,,,,2,4194,30,18,1,0,3,3,2,10,,4,36,17,1,4,4,15,4,,Medium,Normal,,1,0,0,Level 1
8772,32,,,,,1,17469,51,29,3,6,2,2,4,92,,9,56,4,1,3,1,11,4,,,High,,1,0,1,Level 4
8773,47,,,,,5,13863,69,25,7,6,4,1,4,34,,3,59,13,3,3,3,25,1,,,High,,1,0,1,Level 3
8774,46,,,,,4,3761,36,25,1,4,4,4,1,16,,3,54,16,3,3,3,41,1,,Medium,High,,1,0,0,Level 1
8775,36,,,,,3,15554,46,17,1,9,2,2,3,57,,2,33,1,2,4,3,8,1,,,Low,,1,0,0,Level 3
8776,57,,,,,1,17801,58,5,8,9,2,3,3,27,,6,45,6,1,3,4,16,2,,,Normal,Experienced,1,1,0,Level 4
8777,55,,,,,4,10617,95,3,3,1,1,3,1,97,,2,41,12,4,3,2,17,1,,Very High,Normal,New,0,1,0,Level 2
8778,20,,,,,3,11287,87,10,2,7,3,1,1,1,,2,49,10,2,2,2,39,1,,Very High,High,Expert,1,0,0,Level 2
8779,37,,,,,2,15208,66,27,8,2,2,4,3,76,,3,32,8,1,1,3,35,4,,,Low,,1,0,0,Level 3
8780,28,,,,,5,17611,47,21,13,4,4,1,2,20,,3,36,18,1,3,4,48,2,,,Normal,,1,0,0,Level 4
8781,32,,,,,2,12765,16,4,12,5,2,5,1,41,,2,30,11,3,1,4,1,2,,,Low,Experienced,0,0,0,Level 3
8782,59,,,,,1,17609,28,19,10,5,2,5,1,86,,2,45,3,2,3,1,22,4,,,Normal,,1,1,0,Level 4
8783,34,,,,,5,4121,75,23,14,7,3,2,1,66,,6,51,18,1,2,4,28,1,,Medium,High,,1,0,0,Level 1
8784,23,,,,,2,9809,79,5,2,0,3,1,1,75,,8,42,10,3,2,1,47,1,,Very High,Normal,Experienced,1,0,0,Level 2
8785,52,,,,,4,18229,44,1,13,4,1,3,1,18,,4,33,9,4,1,3,22,2,,,Low,New,0,1,0,Level 4
8786,43,,,,,1,16626,41,4,10,6,3,5,1,4,,4,31,16,3,2,4,2,4,,,Low,Experienced,0,0,0,Level 4
8787,55,,,,,2,6205,78,1,14,4,1,2,3,33,,6,51,3,4,1,3,6,3,,High,High,New,0,1,0,Level 1
8788,29,,,,,5,12309,47,15,7,7,2,5,2,50,,5,56,15,2,3,2,15,2,,,High,,1,0,0,Level 3
8789,55,,,,,5,13495,67,3,7,1,1,5,2,41,,4,43,6,3,4,3,45,4,,,Normal,New,0,1,0,Level 3
8790,39,,,,,3,13993,94,27,10,4,1,5,4,42,,5,32,15,3,1,1,30,4,,,Low,,1,0,1,Level 3
8791,30,,,,,5,10903,24,10,6,3,3,5,4,32,,9,35,13,4,4,4,22,2,,Very High,Low,Expert,1,0,1,Level 2
8792,31,,,,,5,15108,41,26,1,2,2,1,4,96,,5,42,15,2,3,2,13,1,,,Normal,,1,0,1,Level 3
8793,37,,,,,1,12844,51,5,1,1,1,3,2,72,,7,31,19,3,1,2,29,3,,,Low,Experienced,1,0,0,Level 3
8794,49,,,,,5,15968,16,22,11,7,2,1,4,91,,1,54,16,3,2,4,37,2,,,High,,1,0,1,Level 4
8795,56,,,,,3,8260,57,11,14,3,4,2,4,66,,3,51,5,4,3,4,38,3,,High,High,Expert,1,1,1,Level 2
8796,39,,,,,5,13629,97,17,11,9,4,2,3,93,,6,41,15,4,2,3,21,3,,,Normal,,1,0,0,Level 3
8797,44,,,,,3,13965,33,26,3,9,4,2,3,20,,6,37,12,2,4,2,30,2,,,Normal,,1,0,0,Level 3
8798,31,,,,,4,19288,25,9,12,3,2,3,3,18,,1,38,4,1,3,4,17,4,,,Normal,Expert,1,0,0,Level 4
8799,40,,,,,3,18235,66,13,13,3,4,1,1,95,,2,39,18,1,3,4,47,3,,,Normal,,1,0,0,Level 4
8800,44,,,,,1,15237,46,14,12,8,3,2,1,89,,4,55,19,2,2,3,30,1,,,High,,1,0,0,Level 3
8801,30,,,,,2,19049,94,9,12,6,2,1,1,62,,3,32,5,2,2,4,34,4,,,Low,Expert,1,0,0,Level 4
8802,28,,,,,2,13850,95,17,11,9,4,3,3,66,,8,46,11,1,1,3,37,3,,,High,,1,0,0,Level 3
8803,44,,,,,4,5842,43,7,13,2,4,3,2,10,,5,58,10,3,4,1,30,3,,Medium,High,Senior,1,0,0,Level 1
8804,54,,,,,1,9713,98,16,4,4,1,2,1,24,,5,39,13,2,3,4,32,3,,Very High,Normal,,1,1,0,Level 2
8805,51,,,,,4,19896,50,20,9,3,2,1,3,62,,6,56,11,2,1,2,36,2,,,High,,1,1,0,Level 4
8806,33,,,,,4,3795,61,13,12,0,4,4,1,38,,6,49,7,3,1,2,34,4,,Medium,High,,1,0,0,Level 1
8807,20,,,,,5,18132,57,14,7,3,2,3,2,73,,4,50,10,3,4,2,7,2,,,High,,1,0,0,Level 4
8808,36,,,,,5,7959,66,18,1,6,2,2,2,59,,2,35,9,2,4,2,17,2,,High,Low,,1,0,0,Level 2
8809,44,,,,,1,12818,67,28,4,4,3,3,4,44,,4,58,14,1,2,1,49,3,,,High,,1,0,1,Level 3
8810,27,,,,,2,15611,82,11,6,5,4,1,3,0,,6,51,12,3,2,4,40,1,,,High,Expert,1,0,0,Level 3
8811,24,,,,,3,10909,19,27,14,5,3,4,1,46,,7,32,1,2,4,1,44,3,,Very High,Low,,1,0,0,Level 2
8812,24,,,,,5,8884,97,2,13,6,4,4,4,49,,4,34,0,4,4,4,27,3,,High,Low,New,0,0,1,Level 2
8813,54,,,,,1,12256,62,22,6,0,2,4,1,70,,9,52,6,3,3,2,43,1,,,High,,1,1,0,Level 3
8814,38,,,,,1,11553,38,6,7,5,2,4,2,16,,8,58,5,1,3,4,29,3,,Very High,High,Senior,1,0,0,Level 3
8815,42,,,,,2,13611,15,5,9,8,2,5,3,96,,7,37,12,4,1,2,48,2,,,Normal,Experienced,1,0,0,Level 3
8816,28,,,,,1,14925,16,3,6,9,2,1,3,93,,7,53,19,1,2,1,37,4,,,High,New,0,0,0,Level 3
8817,49,,,,,1,4336,24,27,1,4,4,4,1,30,,1,56,1,4,2,4,6,2,,Medium,High,,1,0,0,Level 1
8818,35,,,,,2,12493,77,7,3,6,1,1,1,26,,9,44,13,1,4,2,25,2,,,Normal,Senior,1,0,0,Level 3
8819,52,,,,,5,4960,73,3,1,2,2,5,3,30,,7,32,15,2,3,2,38,2,,Medium,Low,New,0,1,0,Level 1
8820,21,,,,,2,6105,20,13,6,3,4,2,2,89,,9,47,12,3,4,2,15,2,,High,High,,1,0,0,Level 1
8821,33,,,,,4,15401,98,27,7,3,2,5,4,17,,9,56,6,4,3,4,23,1,,,High,,1,0,1,Level 3
8822,20,,,,,5,3001,97,23,12,5,1,3,1,72,,8,41,17,3,1,4,37,4,,Medium,Normal,,1,0,0,Level 1
8823,45,,,,,4,18094,62,2,12,2,4,1,3,91,,7,43,13,4,2,2,40,3,,,Normal,New,0,0,0,Level 4
8824,44,,,,,1,19103,50,24,3,2,2,2,3,86,,2,51,3,2,4,3,24,4,,,High,,1,0,0,Level 4
8825,35,,,,,4,16472,62,2,10,9,3,4,3,70,,6,38,13,3,3,1,43,3,,,Normal,New,0,0,0,Level 4
8826,34,,,,,2,5848,43,18,9,4,1,2,4,47,,7,37,9,3,2,1,33,4,,Medium,Normal,,1,0,1,Level 1
8827,45,,,,,2,10619,55,4,1,1,3,5,3,25,,1,48,3,1,2,1,47,2,,Very High,High,Experienced,0,0,0,Level 2
8828,35,,,,,3,6601,87,26,1,0,3,4,4,84,,1,31,2,1,4,3,21,1,,High,Low,,1,0,1,Level 1
8829,33,,,,,1,15860,46,17,7,1,2,5,3,95,,2,45,4,2,2,4,35,2,,,Normal,,1,0,0,Level 4
8830,48,,,,,2,15370,19,11,12,8,3,3,2,28,,4,33,13,4,2,3,30,2,,,Low,Expert,1,0,0,Level 3
8831,43,,,,,5,12225,99,7,5,2,4,4,4,98,,9,46,1,2,4,3,40,2,,,High,Senior,1,0,1,Level 3
8832,34,,,,,2,3617,31,2,5,2,1,1,1,55,,7,48,17,2,3,4,30,3,,Medium,High,New,0,0,0,Level 1
8833,38,,,,,5,18592,38,15,5,0,4,4,2,90,,8,47,17,2,2,1,26,1,,,High,,1,0,0,Level 4
8834,27,,,,,1,6622,96,14,11,1,3,2,3,57,,3,46,3,4,3,2,48,4,,High,High,,1,0,0,Level 1
8835,53,,,,,3,14109,20,14,11,5,4,2,1,67,,7,54,19,1,4,2,31,1,,,High,,1,1,0,Level 3
8836,21,,,,,3,11989,42,6,12,1,1,4,4,30,,8,43,4,4,4,3,23,4,,Very High,Normal,Senior,1,0,1,Level 3
8837,46,,,,,4,5926,34,5,5,9,3,2,1,74,,4,55,1,1,4,1,34,2,,Medium,High,Experienced,1,0,0,Level 1
8838,29,,,,,2,8239,94,14,2,9,1,5,3,97,,2,44,18,4,2,4,47,2,,High,Normal,,1,0,0,Level 2
8839,54,,,,,1,8662,33,21,14,7,2,1,2,45,,9,46,3,3,4,1,25,2,,High,High,,1,1,0,Level 2
8840,42,,,,,4,8862,22,29,1,5,2,3,2,12,,4,35,5,4,2,1,10,3,,High,Low,,1,0,0,Level 2
8841,27,,,,,1,14432,32,4,5,1,4,5,1,64,,8,35,12,1,1,3,12,1,,,Low,Experienced,0,0,0,Level 3
8842,47,,,,,1,12488,51,14,10,9,4,3,1,83,,1,59,14,2,2,3,7,2,,,High,,1,0,0,Level 3
8843,42,,,,,4,13945,75,5,9,5,3,1,3,33,,2,42,19,4,1,2,29,2,,,Normal,Experienced,1,0,0,Level 3
8844,23,,,,,1,15656,59,12,8,1,3,4,2,30,,5,41,0,4,4,3,31,3,,,Normal,,1,0,0,Level 3
8845,33,,,,,4,3471,52,27,9,0,2,2,2,41,,8,42,2,4,4,1,34,4,,Medium,Normal,,1,0,0,Level 1
8846,48,,,,,2,7851,16,25,3,4,2,4,3,60,,6,35,10,4,1,1,44,1,,High,Low,,1,0,0,Level 2
8847,20,,,,,4,7974,69,13,2,4,1,4,2,90,,6,38,7,1,3,3,16,1,,High,Normal,,1,0,0,Level 2
8848,23,,,,,2,12175,29,29,5,7,2,1,4,90,,4,43,4,2,4,4,19,4,,,Normal,,1,0,1,Level 3
8849,51,,,,,3,18818,73,12,7,3,2,5,2,89,,3,51,8,3,2,3,13,3,,,High,,1,1,0,Level 4
8850,52,,,,,4,6609,89,28,13,1,1,1,3,61,,9,52,14,3,2,2,25,4,,High,High,,1,1,0,Level 1
8851,45,,,,,3,13786,19,17,4,6,2,4,4,14,,1,32,9,3,4,3,32,4,,,Low,,1,0,1,Level 3
8852,36,,,,,4,10992,98,18,2,2,4,3,2,26,,4,55,16,2,1,1,25,2,,Very High,High,,1,0,0,Level 2
8853,58,,,,,1,3206,34,12,9,2,1,1,1,41,,5,31,6,4,1,2,10,4,,Medium,Low,,1,1,0,Level 1
8854,42,,,,,3,7884,96,23,6,7,2,5,2,63,,9,53,7,1,1,2,47,3,,High,High,,1,0,0,Level 2
8855,51,,,,,5,6236,26,9,3,2,1,1,1,38,,5,33,16,2,3,1,18,2,,High,Low,Expert,1,1,0,Level 1
8856,34,,,,,5,19507,71,19,12,1,2,2,2,0,,5,31,16,1,3,1,38,1,,,Low,,1,0,0,Level 4
8857,32,,,,,5,17045,95,22,11,9,2,5,3,90,,6,55,12,1,3,1,41,1,,,High,,1,0,0,Level 4
8858,21,,,,,3,9020,82,29,1,8,3,2,3,72,,5,33,5,4,2,2,23,3,,Very High,Low,,1,0,0,Level 2
8859,38,,,,,2,18741,33,21,1,7,1,3,1,93,,1,42,15,4,4,3,34,4,,,Normal,,1,0,0,Level 4
8860,43,,,,,4,19737,41,25,14,1,4,4,4,75,,7,59,14,1,1,2,48,4,,,High,,1,0,1,Level 4
8861,43,,,,,1,5144,67,15,8,7,2,2,2,8,,1,34,12,3,1,2,2,3,,Medium,Low,,1,0,0,Level 1
8862,30,,,,,1,17417,56,9,11,4,4,2,4,67,,1,38,14,2,3,2,28,3,,,Normal,Expert,1,0,1,Level 4
8863,41,,,,,3,11728,59,13,4,9,3,4,2,30,,1,37,6,4,2,3,45,2,,Very High,Normal,,1,0,0,Level 3
8864,34,,,,,5,18720,92,15,9,9,4,3,4,48,,8,47,12,2,3,2,8,1,,,High,,1,0,1,Level 4
8865,29,,,,,1,4084,82,12,5,3,3,4,1,39,,4,59,19,2,2,3,37,2,,Medium,High,,1,0,0,Level 1
8866,46,,,,,1,4117,82,10,5,9,1,2,4,2,,5,30,9,4,1,4,5,2,,Medium,Low,Expert,1,0,1,Level 1
8867,28,,,,,2,14219,38,3,8,4,3,1,4,16,,5,59,4,2,2,3,29,2,,,High,New,0,0,1,Level 3
8868,47,,,,,1,4788,50,26,7,9,2,2,1,33,,2,30,13,2,2,3,18,1,,Medium,Low,,1,0,0,Level 1
8869,20,,,,,1,4319,89,10,13,4,3,4,1,41,,2,46,15,2,2,4,37,1,,Medium,High,Expert,1,0,0,Level 1
8870,36,,,,,4,3681,19,18,8,0,1,5,3,31,,3,57,12,1,1,4,19,4,,Medium,High,,1,0,0,Level 1
8871,50,,,,,1,9090,41,29,14,4,1,5,4,38,,4,32,8,4,1,1,19,4,,Very High,Low,,1,1,1,Level 2
8872,29,,,,,4,11088,51,10,4,6,2,4,2,53,,6,51,15,1,3,1,3,4,,Very High,High,Expert,1,0,0,Level 2
8873,56,,,,,5,15457,41,4,12,7,2,5,4,42,,7,53,14,3,3,4,49,1,,,High,Experienced,0,1,1,Level 3
8874,48,,,,,2,18241,90,28,10,7,4,4,3,65,,3,42,10,4,1,4,6,1,,,Normal,,1,0,0,Level 4
8875,37,,,,,1,5346,61,28,2,1,2,1,3,10,,3,45,2,3,1,4,27,2,,Medium,Normal,,1,0,0,Level 1
8876,57,,,,,2,5715,78,25,6,9,3,4,4,7,,7,51,10,1,3,4,8,1,,Medium,High,,1,1,1,Level 1
8877,58,,,,,2,16922,20,3,14,0,2,1,1,34,,1,33,12,4,2,1,10,3,,,Low,New,0,1,0,Level 4
8878,25,,,,,2,14048,90,20,13,3,4,5,1,26,,1,48,0,2,1,2,37,2,,,High,,1,0,0,Level 3
8879,59,,,,,3,10035,70,18,7,2,2,3,3,92,,4,51,17,3,4,2,9,3,,Very High,High,,1,1,0,Level 2
8880,31,,,,,4,10812,28,17,6,7,4,5,4,72,,1,38,13,4,3,4,19,2,,Very High,Normal,,1,0,1,Level 2
8881,33,,,,,2,12866,36,5,3,5,2,4,2,72,,8,59,17,2,3,1,49,4,,,High,Experienced,1,0,0,Level 3
8882,29,,,,,5,11455,69,20,3,4,1,5,1,16,,6,49,12,1,1,2,33,4,,Very High,High,,1,0,0,Level 3
8883,39,,,,,1,3479,89,10,5,8,2,3,2,1,,6,32,6,4,1,3,35,2,,Medium,Low,Expert,1,0,0,Level 1
8884,34,,,,,2,16857,66,2,7,5,3,5,1,21,,5,45,12,1,3,4,31,2,,,Normal,New,0,0,0,Level 4
8885,50,,,,,2,9664,70,22,2,5,1,3,4,60,,9,50,0,2,1,4,45,1,,Very High,High,,1,1,1,Level 2
8886,26,,,,,1,14045,91,21,12,0,2,2,4,80,,9,35,7,3,3,2,16,3,,,Low,,1,0,1,Level 3
8887,29,,,,,5,12609,20,1,11,8,2,4,1,1,,3,45,1,3,3,2,14,4,,,Normal,New,0,0,0,Level 3
8888,29,,,,,2,4494,34,16,4,1,1,4,4,87,,3,56,9,4,4,4,20,2,,Medium,High,,1,0,1,Level 1
8889,58,,,,,2,5699,68,10,13,0,1,3,4,89,,7,36,10,4,3,4,34,2,,Medium,Normal,Expert,1,1,1,Level 1
8890,47,,,,,5,18646,16,3,12,6,1,1,2,16,,3,49,6,4,2,1,48,3,,,High,New,0,0,0,Level 4
8891,49,,,,,2,6850,89,4,8,4,3,3,4,66,,6,42,13,3,2,4,37,2,,High,Normal,Experienced,0,0,1,Level 1
8892,56,,,,,5,6937,86,1,3,5,2,2,3,21,,8,58,12,4,4,2,8,3,,High,High,New,0,1,0,Level 1
8893,22,,,,,2,7628,44,28,7,3,4,4,3,32,,5,47,0,4,2,2,5,3,,High,High,,1,0,0,Level 2
8894,34,,,,,1,18231,68,12,14,7,2,4,3,54,,9,40,8,2,3,3,7,2,,,Normal,,1,0,0,Level 4
8895,40,,,,,5,9905,18,13,10,6,2,5,3,69,,5,59,2,2,3,2,1,4,,Very High,High,,1,0,0,Level 2
8896,56,,,,,1,6148,85,27,3,0,1,3,3,53,,1,53,4,4,4,2,16,4,,High,High,,1,1,0,Level 1
8897,31,,,,,1,11901,61,8,8,5,4,2,2,41,,7,56,7,1,1,2,26,3,,Very High,High,Expert,1,0,0,Level 3
8898,23,,,,,2,16566,33,19,7,2,2,5,1,39,,9,35,13,4,2,3,9,1,,,Low,,1,0,0,Level 4
8899,28,,,,,5,4939,56,5,1,7,2,1,1,75,,5,56,17,3,1,2,29,3,,Medium,High,Experienced,1,0,0,Level 1
8900,58,,,,,3,12171,56,12,4,5,1,5,1,16,,8,44,19,3,4,1,27,4,,,Normal,,1,1,0,Level 3
8901,47,,,,,1,8123,65,19,7,5,2,2,3,32,,1,54,4,4,1,2,42,4,,High,High,,1,0,0,Level 2
8902,42,,,,,1,17549,17,4,12,4,3,3,3,38,,9,42,8,2,4,4,24,3,,,Normal,Experienced,0,0,0,Level 4
8903,59,,,,,1,3791,96,15,12,7,2,1,4,24,,1,53,17,4,4,4,46,2,,Medium,High,,1,1,1,Level 1
8904,41,,,,,2,17315,51,25,13,5,3,4,1,57,,5,36,11,2,4,4,10,4,,,Normal,,1,0,0,Level 4
8905,43,,,,,2,14140,36,13,5,6,1,5,4,95,,4,36,1,1,4,3,7,2,,,Normal,,1,0,1,Level 3
8906,45,,,,,1,12160,47,13,3,8,2,2,2,77,,3,48,3,4,4,1,28,1,,,High,,1,0,0,Level 3
8907,49,,,,,2,7496,63,3,2,5,3,3,2,95,,8,59,3,2,3,3,20,3,,High,High,New,0,0,0,Level 2
8908,52,,,,,2,3951,68,8,9,5,2,5,3,45,,7,49,15,4,2,3,44,2,,Medium,High,Expert,1,1,0,Level 1
8909,35,,,,,2,18879,76,22,10,8,1,2,4,95,,8,41,17,3,1,1,49,3,,,Normal,,1,0,1,Level 4
8910,41,,,,,4,9079,49,6,6,5,1,1,1,5,,7,44,4,3,1,3,34,4,,Very High,Normal,Senior,1,0,0,Level 2
8911,37,,,,,5,18300,43,17,10,6,2,5,1,93,,2,47,4,1,2,1,29,1,,,High,,1,0,0,Level 4
8912,26,,,,,2,19905,80,28,1,3,1,5,1,33,,9,58,11,1,1,4,49,1,,,High,,1,0,0,Level 4
8913,45,,,,,4,16947,64,11,5,4,3,3,4,11,,5,54,6,1,2,3,41,1,,,High,Expert,1,0,1,Level 4
8914,27,,,,,4,9413,28,7,12,7,1,2,3,47,,2,43,10,1,1,4,2,3,,Very High,Normal,Senior,1,0,0,Level 2
8915,25,,,,,2,4882,62,15,7,9,1,2,1,49,,4,43,9,3,4,1,2,1,,Medium,Normal,,1,0,0,Level 1
8916,49,,,,,4,15804,58,4,8,9,3,4,3,20,,2,53,3,3,3,1,17,3,,,High,Experienced,0,0,0,Level 4
8917,58,,,,,3,8097,86,8,5,4,2,4,1,45,,7,47,5,1,1,3,30,4,,High,High,Expert,1,1,0,Level 2
8918,42,,,,,4,9407,15,25,12,3,1,2,3,38,,4,56,17,1,4,2,10,1,,Very High,High,,1,0,0,Level 2
8919,51,,,,,5,7544,42,2,12,7,2,5,4,58,,6,50,19,3,4,1,32,4,,High,High,New,0,1,1,Level 2
8920,41,,,,,4,10394,17,24,13,4,3,1,3,8,,4,30,10,3,4,4,7,2,,Very High,Low,,1,0,0,Level 2
8921,28,,,,,2,6131,85,11,10,1,2,4,1,76,,5,44,11,3,3,2,22,4,,High,Normal,Expert,1,0,0,Level 1
8922,50,,,,,1,14343,62,8,12,9,1,4,2,76,,2,51,10,1,3,1,17,1,,,High,Expert,1,1,0,Level 3
8923,26,,,,,3,7095,46,22,13,7,1,1,2,18,,6,50,15,4,2,1,15,1,,High,High,,1,0,0,Level 1
8924,28,,,,,4,13845,23,19,10,7,1,3,2,6,,3,40,2,1,4,3,38,4,,,Normal,,1,0,0,Level 3
8925,32,,,,,3,13666,71,5,1,6,3,5,2,96,,2,59,1,2,4,1,15,1,,,High,Experienced,1,0,0,Level 3
8926,22,,,,,5,14816,97,18,12,8,1,4,3,74,,5,47,13,1,1,3,27,1,,,High,,1,0,0,Level 3
8927,54,,,,,4,9259,60,6,2,8,2,3,2,73,,4,32,10,3,3,2,45,1,,Very High,Low,Senior,1,1,0,Level 2
8928,52,,,,,4,16258,72,19,4,3,4,2,4,77,,9,49,5,3,3,4,46,4,,,High,,1,1,1,Level 4
8929,40,,,,,3,8459,70,20,14,6,4,4,3,74,,4,31,2,4,1,4,1,3,,High,Low,,1,0,0,Level 2
8930,50,,,,,4,8226,29,25,10,0,1,1,4,52,,1,49,11,1,2,1,43,4,,High,High,,1,1,1,Level 2
8931,53,,,,,4,10931,75,26,1,0,3,2,4,20,,7,40,14,2,1,2,30,2,,Very High,Normal,,1,1,1,Level 2
8932,51,,,,,1,15388,30,5,4,2,2,2,3,54,,1,31,5,3,2,4,45,3,,,Low,Experienced,1,1,0,Level 3
8933,54,,,,,3,16526,60,13,13,5,2,5,2,40,,5,32,14,2,3,1,9,2,,,Low,,1,1,0,Level 4
8934,34,,,,,2,18703,85,23,6,9,3,3,4,38,,5,58,3,4,2,4,40,1,,,High,,1,0,1,Level 4
8935,51,,,,,2,10972,49,12,14,7,2,5,1,74,,6,58,16,2,1,2,24,2,,Very High,High,,1,1,0,Level 2
8936,25,,,,,5,14517,80,9,6,4,1,2,2,26,,3,30,16,4,3,2,45,4,,,Low,Expert,1,0,0,Level 3
8937,40,,,,,1,5341,71,29,2,2,2,5,3,40,,6,32,7,2,1,3,41,4,,Medium,Low,,1,0,0,Level 1
8938,52,,,,,3,3220,48,5,1,1,4,1,2,60,,8,57,5,2,1,3,8,1,,Medium,High,Experienced,1,1,0,Level 1
8939,51,,,,,3,8834,45,17,12,9,3,4,3,23,,3,53,16,1,1,3,38,2,,High,High,,1,1,0,Level 2
8940,38,,,,,1,8583,26,18,8,7,2,1,4,64,,3,30,10,2,1,3,11,1,,High,Low,,1,0,1,Level 2
8941,52,,,,,1,15869,79,3,9,8,2,2,1,59,,2,55,4,4,3,4,29,3,,,High,New,0,1,0,Level 4
8942,47,,,,,5,6648,61,19,9,6,3,5,1,77,,9,41,13,3,3,1,49,1,,High,Normal,,1,0,0,Level 1
8943,50,,,,,2,3251,79,15,7,5,2,3,1,90,,4,45,7,3,3,3,26,2,,Medium,Normal,,1,1,0,Level 1
8944,40,,,,,3,9838,15,17,12,9,3,3,3,49,,6,34,16,4,2,3,7,4,,Very High,Low,,1,0,0,Level 2
8945,53,,,,,1,8231,93,9,4,1,1,2,1,57,,1,43,0,2,1,1,40,2,,High,Normal,Expert,1,1,0,Level 2
8946,34,,,,,3,4787,81,25,2,1,3,4,1,9,,5,43,0,3,1,2,10,3,,Medium,Normal,,1,0,0,Level 1
8947,33,,,,,2,18650,28,28,7,5,2,5,2,95,,5,49,6,1,1,1,27,1,,,High,,1,0,0,Level 4
8948,38,,,,,3,3279,68,4,6,8,2,1,2,10,,4,41,19,4,4,2,4,2,,Medium,Normal,Experienced,0,0,0,Level 1
8949,34,,,,,3,8634,24,9,13,8,1,1,4,93,,6,44,10,4,3,3,35,2,,High,Normal,Expert,1,0,1,Level 2
8950,25,,,,,1,15466,81,4,14,8,2,3,3,57,,7,30,11,2,3,1,40,3,,,Low,Experienced,0,0,0,Level 3
8951,28,,,,,1,9311,98,24,14,2,4,1,4,78,,2,36,11,4,2,3,37,1,,Very High,Normal,,1,0,1,Level 2
8952,56,,,,,1,6649,64,3,7,2,4,4,2,35,,9,40,4,3,2,1,24,4,,High,Normal,New,0,1,0,Level 1
8953,39,,,,,2,13555,50,9,1,8,2,2,3,64,,3,34,12,2,2,4,26,1,,,Low,Expert,1,0,0,Level 3
8954,53,,,,,4,9869,25,11,14,4,2,5,1,85,,5,55,19,4,2,2,46,3,,Very High,High,Expert,1,1,0,Level 2
8955,57,,,,,2,18789,17,11,4,2,2,1,2,73,,8,59,5,4,1,1,27,3,,,High,Expert,1,1,0,Level 4
8956,45,,,,,1,8741,53,20,1,6,3,2,2,29,,3,47,14,1,4,3,42,4,,High,High,,1,0,0,Level 2
8957,37,,,,,5,13422,24,29,7,5,2,5,2,87,,1,34,3,1,1,2,30,3,,,Low,,1,0,0,Level 3
8958,47,,,,,3,3023,65,8,6,9,3,2,3,6,,9,47,16,4,1,4,32,2,,Medium,High,Expert,1,0,0,Level 1
8959,28,,,,,3,11447,46,29,10,2,2,1,4,96,,8,33,14,3,2,4,49,2,,Very High,Low,,1,0,1,Level 3
8960,51,,,,,3,14759,66,2,8,5,2,2,4,11,,9,52,14,2,4,2,26,3,,,High,New,0,1,1,Level 3
8961,25,,,,,3,4063,86,16,2,9,2,4,4,36,,4,39,4,4,4,1,29,4,,Medium,Normal,,1,0,1,Level 1
8962,33,,,,,5,12678,61,23,8,8,1,3,1,77,,7,53,9,1,4,3,42,1,,,High,,1,0,0,Level 3
8963,47,,,,,1,17027,27,2,8,1,3,5,4,80,,9,57,8,4,1,4,20,4,,,High,New,0,0,1,Level 4
8964,43,,,,,4,4234,81,21,2,4,1,5,3,8,,3,59,1,2,4,3,24,4,,Medium,High,,1,0,0,Level 1
8965,32,,,,,3,10626,67,25,13,9,2,4,3,46,,1,43,6,3,2,3,37,4,,Very High,Normal,,1,0,0,Level 2
8966,31,,,,,4,13186,67,21,11,4,1,2,4,87,,9,50,7,2,4,2,34,4,,,High,,1,0,1,Level 3
8967,38,,,,,2,13525,29,20,11,5,1,5,2,73,,5,52,3,2,2,2,1,4,,,High,,1,0,0,Level 3
8968,40,,,,,2,5291,67,24,14,1,4,3,3,89,,1,44,0,1,4,2,17,4,,Medium,Normal,,1,0,0,Level 1
8969,46,,,,,3,16686,99,5,7,5,1,1,1,3,,7,50,0,2,1,2,32,3,,,High,Experienced,1,0,0,Level 4
8970,38,,,,,1,6992,56,9,3,0,3,5,3,67,,8,59,11,4,2,3,22,1,,High,High,Expert,1,0,0,Level 1
8971,43,,,,,5,15409,43,25,5,9,2,4,2,90,,2,38,19,1,2,4,23,1,,,Normal,,1,0,0,Level 3
8972,45,,,,,3,10402,61,2,13,6,2,4,2,78,,3,55,15,3,3,2,25,3,,Very High,High,New,0,0,0,Level 2
8973,47,,,,,2,5779,44,26,8,0,4,3,1,78,,5,59,16,4,1,4,38,4,,Medium,High,,1,0,0,Level 1
8974,37,,,,,2,18109,28,9,1,1,4,4,3,56,,4,38,13,3,2,1,31,4,,,Normal,Expert,1,0,0,Level 4
8975,55,,,,,4,16037,93,11,1,3,3,2,3,75,,1,41,18,4,1,1,17,1,,,Normal,Expert,1,1,0,Level 4
8976,48,,,,,5,4996,73,8,10,4,3,5,4,30,,2,53,10,2,2,3,22,4,,Medium,High,Expert,1,0,1,Level 1
8977,36,,,,,3,12488,78,26,13,9,2,5,3,41,,8,47,2,3,1,3,15,3,,,High,,1,0,0,Level 3
8978,23,,,,,1,14437,58,7,8,0,2,5,3,61,,2,35,3,3,4,2,29,1,,,Low,Senior,1,0,0,Level 3
8979,48,,,,,4,17797,28,6,6,0,1,2,3,11,,7,44,19,3,3,4,47,2,,,Normal,Senior,1,0,0,Level 4
8980,23,,,,,5,19493,39,20,3,4,3,2,4,98,,2,54,3,1,1,4,17,1,,,High,,1,0,1,Level 4
8981,29,,,,,4,3411,58,27,11,5,4,5,4,9,,4,51,12,4,4,2,7,1,,Medium,High,,1,0,1,Level 1
8982,44,,,,,1,19454,75,15,8,2,2,5,3,52,,8,42,4,4,2,1,26,4,,,Normal,,1,0,0,Level 4
8983,50,,,,,2,3717,16,15,8,4,2,4,4,19,,7,52,6,3,3,2,25,3,,Medium,High,,1,1,1,Level 1
8984,22,,,,,3,13480,95,7,9,1,1,1,1,58,,5,36,3,1,3,1,49,1,,,Normal,Senior,1,0,0,Level 3
8985,21,,,,,3,14866,93,28,10,7,4,2,1,22,,8,41,12,1,1,2,43,1,,,Normal,,1,0,0,Level 3
8986,44,,,,,1,10736,88,28,10,2,2,4,3,87,,3,33,3,4,4,4,36,2,,Very High,Low,,1,0,0,Level 2
8987,25,,,,,3,18889,57,22,6,2,3,5,3,79,,7,55,7,3,1,1,6,3,,,High,,1,0,0,Level 4
8988,45,,,,,3,5435,23,8,12,8,3,5,3,66,,8,37,14,4,1,4,39,1,,Medium,Normal,Expert,1,0,0,Level 1
8989,27,,,,,4,17268,75,17,7,3,3,5,2,6,,2,39,8,2,3,1,41,4,,,Normal,,1,0,0,Level 4
8990,54,,,,,1,19919,81,19,13,9,1,1,4,47,,4,58,15,2,4,3,4,1,,,High,,1,1,1,Level 4
8991,46,,,,,4,10746,38,24,11,2,1,2,2,66,,8,40,11,4,4,1,14,3,,Very High,Normal,,1,0,0,Level 2
8992,44,,,,,3,13526,79,2,6,4,3,5,4,25,,9,45,13,2,1,3,22,3,,,Normal,New,0,0,1,Level 3
8993,37,,,,,5,8172,52,9,3,5,4,4,3,14,,2,31,3,3,1,4,22,3,,High,Low,Expert,1,0,0,Level 2
8994,20,,,,,5,13684,84,29,9,9,2,3,2,65,,3,59,3,4,1,1,46,3,,,High,,1,0,0,Level 3
8995,58,,,,,4,12913,19,2,1,0,2,3,4,54,,2,48,5,2,3,4,25,2,,,High,New,0,1,1,Level 3
8996,22,,,,,2,6870,82,13,5,6,2,1,4,11,,5,39,19,2,2,3,31,3,,High,Normal,,1,0,1,Level 1
8997,23,,,,,2,19312,81,25,6,3,3,2,3,53,,9,41,17,2,3,3,48,2,,,Normal,,1,0,0,Level 4
8998,56,,,,,1,3905,44,12,6,8,3,2,3,94,,5,37,1,1,2,2,42,1,,Medium,Normal,,1,1,0,Level 1
8999,34,,,,,5,5131,76,23,1,1,3,1,3,5,,7,44,15,2,4,3,5,3,,Medium,Normal,,1,0,0,Level 1
9000,27,,,,,5,14115,21,4,8,1,1,3,3,95,,9,32,10,4,4,4,41,4,,,Low,Experienced,0,0,0,Level 3
9001,57,,,,,4,13039,65,19,14,9,1,3,3,70,,1,54,19,4,3,3,28,4,,,High,,1,1,0,Level 3
9002,38,,,,,3,9947,46,8,1,1,3,5,4,46,,3,51,12,3,1,1,9,4,,Very High,High,Expert,1,0,1,Level 2
9003,45,,,,,1,11498,88,26,3,9,3,4,4,31,,4,39,5,1,4,4,45,3,,Very High,Normal,,1,0,1,Level 3
9004,58,,,,,4,6516,40,13,8,9,4,5,4,24,,5,43,5,2,1,2,48,4,,High,Normal,,1,1,1,Level 1
9005,29,,,,,2,14922,57,29,13,7,2,2,3,58,,7,41,16,4,2,3,25,3,,,Normal,,1,0,0,Level 3
9006,57,,,,,3,8991,76,27,8,1,1,5,2,78,,9,45,14,3,3,3,31,2,,High,Normal,,1,1,0,Level 2
9007,33,,,,,1,11708,45,14,11,3,2,2,1,62,,8,38,4,4,4,2,2,1,,Very High,Normal,,1,0,0,Level 3
9008,38,,,,,3,19484,37,7,11,9,3,5,3,18,,9,47,13,4,2,1,14,4,,,High,Senior,1,0,0,Level 4
9009,49,,,,,2,9060,78,26,1,0,3,4,2,36,,8,47,4,1,1,2,37,1,,Very High,High,,1,0,0,Level 2
9010,24,,,,,4,5147,86,28,11,3,4,5,2,83,,7,56,13,4,3,4,9,2,,Medium,High,,1,0,0,Level 1
9011,50,,,,,4,16743,69,1,13,5,4,5,3,83,,6,48,6,1,2,3,30,2,,,High,New,0,1,0,Level 4
9012,26,,,,,5,14021,30,11,1,5,1,5,4,47,,7,56,7,1,3,3,21,1,,,High,Expert,1,0,1,Level 3
9013,38,,,,,4,13100,23,23,13,2,1,2,2,13,,1,49,8,4,2,4,28,1,,,High,,1,0,0,Level 3
9014,50,,,,,5,3027,18,17,8,8,2,5,3,25,,4,42,15,4,4,2,34,1,,Medium,Normal,,1,1,0,Level 1
9015,58,,,,,4,6336,97,17,2,4,2,3,4,52,,5,53,15,4,4,1,42,4,,High,High,,1,1,1,Level 1
9016,43,,,,,1,7133,53,15,5,8,1,3,2,69,,5,48,7,3,2,4,35,2,,High,High,,1,0,0,Level 1
9017,53,,,,,2,14416,58,27,8,1,3,4,4,6,,8,46,19,2,3,1,40,3,,,High,,1,1,1,Level 3
9018,42,,,,,3,5375,55,21,5,2,1,1,4,9,,5,37,11,3,4,3,10,4,,Medium,Normal,,1,0,1,Level 1
9019,59,,,,,2,3047,27,10,12,6,2,5,2,89,,5,48,19,2,4,4,36,2,,Medium,High,Expert,1,1,0,Level 1
9020,25,,,,,2,10058,90,16,7,4,1,5,3,72,,5,49,11,2,4,2,13,1,,Very High,High,,1,0,0,Level 2
9021,57,,,,,5,14905,87,5,14,8,2,2,1,3,,8,30,1,1,2,1,34,2,,,Low,Experienced,1,1,0,Level 3
9022,55,,,,,5,11197,26,28,6,1,2,1,3,22,,8,57,8,3,1,4,26,1,,Very High,High,,1,1,0,Level 2
9023,46,,,,,1,8533,38,2,5,8,2,1,1,74,,7,40,5,3,2,1,18,2,,High,Normal,New,0,0,0,Level 2
9024,30,,,,,3,11961,62,7,11,7,4,5,2,88,,7,50,16,3,2,3,9,3,,Very High,High,Senior,1,0,0,Level 3
9025,24,,,,,4,10602,91,3,3,4,3,5,1,96,,9,46,14,3,2,4,26,4,,Very High,High,New,0,0,0,Level 2
9026,36,,,,,4,4362,46,15,6,0,2,5,3,7,,7,55,12,4,2,3,2,1,,Medium,High,,1,0,0,Level 1
9027,26,,,,,2,15020,52,27,9,9,3,1,4,74,,8,30,17,1,2,1,48,2,,,Low,,1,0,1,Level 3
9028,46,,,,,1,3007,92,11,14,0,3,3,3,93,,6,57,6,2,1,1,48,3,,Medium,High,Expert,1,0,0,Level 1
9029,34,,,,,3,7872,80,1,7,6,1,2,2,85,,1,56,8,1,2,3,10,1,,High,High,New,0,0,0,Level 2
9030,32,,,,,4,3328,68,23,10,1,4,3,4,66,,3,58,18,3,4,4,5,4,,Medium,High,,1,0,1,Level 1
9031,30,,,,,2,16711,35,16,1,0,4,5,1,98,,1,38,4,4,1,3,28,4,,,Normal,,1,0,0,Level 4
9032,45,,,,,1,16706,45,11,5,2,3,1,3,50,,5,54,7,2,2,3,16,3,,,High,Expert,1,0,0,Level 4
9033,41,,,,,3,5466,78,20,7,1,3,3,2,5,,9,30,10,2,4,2,31,3,,Medium,Low,,1,0,0,Level 1
9034,47,,,,,2,8329,66,20,14,2,1,1,1,37,,6,39,17,3,4,4,41,4,,High,Normal,,1,0,0,Level 2
9035,43,,,,,2,19484,49,19,7,8,1,5,2,19,,3,32,8,4,4,1,39,2,,,Low,,1,0,0,Level 4
9036,48,,,,,1,5461,30,7,13,8,2,3,3,12,,9,34,12,1,1,2,24,3,,Medium,Low,Senior,1,0,0,Level 1
9037,28,,,,,1,3322,54,18,11,8,4,1,2,92,,8,46,8,3,3,4,10,3,,Medium,High,,1,0,0,Level 1
9038,23,,,,,1,7846,52,23,7,5,4,4,4,29,,6,49,13,2,2,2,37,2,,High,High,,1,0,1,Level 2
9039,37,,,,,1,14268,71,28,13,2,3,3,2,38,,7,43,10,2,3,1,45,3,,,Normal,,1,0,0,Level 3
9040,35,,,,,3,3606,17,10,14,5,2,2,3,20,,1,49,18,1,3,2,24,2,,Medium,High,Expert,1,0,0,Level 1
9041,52,,,,,1,12300,51,8,14,2,3,1,3,60,,8,45,19,3,2,3,37,2,,,Normal,Expert,1,1,0,Level 3
9042,48,,,,,1,7335,16,2,6,7,3,5,4,83,,9,33,16,3,3,3,48,2,,High,Low,New,0,0,1,Level 2
9043,58,,,,,1,16360,17,24,13,4,2,5,2,18,,9,47,7,2,3,4,46,1,,,High,,1,1,0,Level 4
9044,29,,,,,3,4121,61,7,11,1,4,3,4,88,,2,42,12,4,1,2,26,3,,Medium,Normal,Senior,1,0,1,Level 1
9045,28,,,,,4,16723,41,26,2,4,3,5,1,33,,5,36,12,2,4,2,20,2,,,Normal,,1,0,0,Level 4
9046,50,,,,,2,6341,77,8,13,2,3,4,1,39,,6,33,9,2,1,4,13,3,,High,Low,Expert,1,1,0,Level 1
9047,47,,,,,5,4259,52,19,12,1,1,2,3,3,,5,55,13,1,1,3,22,1,,Medium,High,,1,0,0,Level 1
9048,22,,,,,2,13420,58,6,2,9,4,3,2,12,,7,42,14,1,3,2,21,1,,,Normal,Senior,1,0,0,Level 3
9049,33,,,,,3,3596,22,1,10,9,3,3,3,61,,7,51,15,3,4,2,30,2,,Medium,High,New,0,0,0,Level 1
9050,44,,,,,1,9389,37,23,6,7,2,5,1,55,,7,54,10,1,3,4,45,2,,Very High,High,,1,0,0,Level 2
9051,34,,,,,3,7536,20,11,11,8,3,1,3,66,,8,50,10,4,1,3,4,2,,High,High,Expert,1,0,0,Level 2
9052,21,,,,,4,19851,39,20,1,2,1,5,2,10,,3,42,17,2,4,2,8,3,,,Normal,,1,0,0,Level 4
9053,43,,,,,5,12156,73,4,14,9,4,1,3,36,,7,50,18,1,1,4,22,4,,,High,Experienced,0,0,0,Level 3
9054,33,,,,,4,12829,71,12,6,3,4,5,1,62,,3,44,19,2,3,4,47,1,,,Normal,,1,0,0,Level 3
9055,26,,,,,1,14005,72,28,5,6,1,1,2,19,,1,34,1,2,1,3,49,3,,,Low,,1,0,0,Level 3
9056,55,,,,,3,3211,30,9,13,6,1,1,1,97,,4,50,1,1,4,4,49,3,,Medium,High,Expert,1,1,0,Level 1
9057,43,,,,,3,18395,40,23,1,1,2,4,2,60,,9,50,7,4,3,2,13,4,,,High,,1,0,0,Level 4
9058,46,,,,,1,3769,93,8,5,0,1,4,1,7,,5,38,10,1,4,2,36,2,,Medium,Normal,Expert,1,0,0,Level 1
9059,56,,,,,1,18450,61,6,4,2,3,4,1,55,,6,57,14,3,3,3,33,2,,,High,Senior,1,1,0,Level 4
9060,57,,,,,5,16919,54,18,9,1,4,5,2,77,,1,47,3,1,3,1,14,4,,,High,,1,1,0,Level 4
9061,49,,,,,4,6258,33,19,11,7,4,2,4,41,,4,42,12,2,3,1,26,4,,High,Normal,,1,0,1,Level 1
9062,46,,,,,1,19643,92,20,1,4,3,4,3,22,,8,38,4,2,2,1,11,4,,,Normal,,1,0,0,Level 4
9063,58,,,,,1,4754,58,18,10,8,3,3,2,59,,4,38,2,4,1,1,7,1,,Medium,Normal,,1,1,0,Level 1
9064,34,,,,,4,13589,40,27,3,6,3,2,4,61,,6,38,16,3,3,1,11,1,,,Normal,,1,0,1,Level 3
9065,45,,,,,1,3045,66,1,2,0,2,3,1,5,,5,43,10,2,2,2,3,1,,Medium,Normal,New,0,0,0,Level 1
9066,20,,,,,5,3876,51,29,11,5,2,4,2,7,,1,55,7,4,4,2,18,3,,Medium,High,,1,0,0,Level 1
9067,23,,,,,5,5917,91,9,1,3,3,3,2,54,,3,51,6,2,3,4,4,3,,Medium,High,Expert,1,0,0,Level 1
9068,48,,,,,4,4955,61,13,2,9,4,5,3,77,,2,53,11,1,4,4,10,3,,Medium,High,,1,0,0,Level 1
9069,20,,,,,2,5274,86,12,11,0,4,3,4,21,,7,55,16,4,1,4,31,3,,Medium,High,,1,0,1,Level 1
9070,41,,,,,5,10735,28,26,7,1,3,2,4,21,,5,33,14,4,4,1,12,4,,Very High,Low,,1,0,1,Level 2
9071,30,,,,,3,4739,40,18,5,0,4,4,1,25,,7,40,18,4,1,2,34,3,,Medium,Normal,,1,0,0,Level 1
9072,29,,,,,3,18313,61,27,2,9,1,3,4,10,,9,59,6,1,3,2,21,1,,,High,,1,0,1,Level 4
9073,36,,,,,2,16549,27,21,4,4,2,3,4,63,,6,41,0,2,2,1,16,4,,,Normal,,1,0,1,Level 4
9074,55,,,,,5,16412,25,7,11,4,3,3,2,13,,5,34,9,3,4,3,28,3,,,Low,Senior,1,1,0,Level 4
9075,45,,,,,1,19717,16,29,6,3,1,3,3,17,,9,58,16,2,2,1,29,3,,,High,,1,0,0,Level 4
9076,40,,,,,2,4530,44,11,8,0,2,2,3,7,,1,45,12,3,3,4,37,2,,Medium,Normal,Expert,1,0,0,Level 1
9077,32,,,,,1,3555,38,18,6,0,3,1,1,53,,5,44,4,2,4,3,38,1,,Medium,Normal,,1,0,0,Level 1
9078,28,,,,,3,9028,96,22,6,6,1,5,4,10,,4,37,8,2,4,3,6,2,,Very High,Normal,,1,0,1,Level 2
9079,30,,,,,2,16210,37,10,6,9,2,4,1,33,,6,39,10,2,1,4,27,4,,,Normal,Expert,1,0,0,Level 4
9080,30,,,,,5,12491,84,27,5,8,4,1,3,65,,6,44,10,2,2,4,20,4,,,Normal,,1,0,0,Level 3
9081,25,,,,,3,15911,89,8,5,6,2,5,4,81,,1,57,7,2,3,3,22,1,,,High,Expert,1,0,1,Level 4
9082,20,,,,,5,10685,21,14,6,3,2,3,1,11,,9,43,4,1,3,3,2,2,,Very High,Normal,,1,0,0,Level 2
9083,25,,,,,1,9023,61,14,6,3,3,1,4,66,,1,30,13,3,4,4,18,1,,Very High,Low,,1,0,1,Level 2
9084,32,,,,,5,6686,24,13,1,8,2,5,1,53,,5,37,18,4,4,4,21,2,,High,Normal,,1,0,0,Level 1
9085,41,,,,,2,10016,99,7,7,5,3,5,1,20,,4,38,9,2,3,4,6,2,,Very High,Normal,Senior,1,0,0,Level 2
9086,50,,,,,1,6499,87,15,6,9,4,1,3,82,,6,57,17,4,3,3,23,2,,High,High,,1,1,0,Level 1
9087,41,,,,,2,10817,44,6,6,1,3,3,2,54,,9,42,14,1,4,1,34,3,,Very High,Normal,Senior,1,0,0,Level 2
9088,56,,,,,1,12546,62,12,1,0,2,3,2,67,,8,54,17,3,4,2,14,3,,,High,,1,1,0,Level 3
9089,46,,,,,2,9025,39,11,7,5,3,4,1,33,,3,50,12,3,4,2,4,4,,Very High,High,Expert,1,0,0,Level 2
9090,33,,,,,3,10576,38,24,14,0,4,5,3,77,,9,49,6,3,1,4,16,2,,Very High,High,,1,0,0,Level 2
9091,24,,,,,2,9607,26,18,6,2,3,4,1,47,,6,38,16,3,2,2,39,4,,Very High,Normal,,1,0,0,Level 2
9092,55,,,,,3,10753,85,4,10,5,1,3,2,89,,3,42,8,3,2,3,21,4,,Very High,Normal,Experienced,0,1,0,Level 2
9093,51,,,,,4,7109,48,4,2,4,2,5,4,91,,7,56,3,2,2,1,19,4,,High,High,Experienced,0,1,1,Level 1
9094,53,,,,,5,6267,17,13,12,8,1,4,3,80,,3,30,10,1,3,3,29,4,,High,Low,,1,1,0,Level 1
9095,26,,,,,1,18015,20,7,13,5,1,4,2,19,,3,51,14,3,3,4,25,1,,,High,Senior,1,0,0,Level 4
9096,29,,,,,5,12427,73,23,11,2,2,4,2,79,,4,39,9,3,2,3,49,1,,,Normal,,1,0,0,Level 3
9097,36,,,,,3,17542,41,19,12,9,3,5,2,55,,7,44,7,1,1,4,40,3,,,Normal,,1,0,0,Level 4
9098,49,,,,,3,8254,97,4,8,3,4,2,3,90,,6,51,4,3,4,3,19,2,,High,High,Experienced,0,0,0,Level 2
9099,40,,,,,3,7203,86,1,8,4,1,2,3,18,,8,48,0,1,1,3,13,1,,High,High,New,0,0,0,Level 2
9100,32,,,,,2,8890,50,8,14,3,4,3,2,21,,3,43,12,1,3,3,22,2,,High,Normal,Expert,1,0,0,Level 2
9101,20,,,,,5,13970,75,12,7,2,3,5,3,2,,2,41,4,2,3,4,38,1,,,Normal,,1,0,0,Level 3
9102,20,,,,,3,15452,96,12,12,8,3,5,1,31,,2,45,6,3,1,3,28,3,,,Normal,,1,0,0,Level 3
9103,52,,,,,4,11541,85,20,7,8,1,1,3,12,,5,50,19,4,2,1,9,4,,Very High,High,,1,1,0,Level 3
9104,57,,,,,3,10891,79,11,12,4,4,4,3,76,,1,54,9,4,2,1,17,3,,Very High,High,Expert,1,1,0,Level 2
9105,44,,,,,5,18073,19,21,14,0,3,3,2,25,,4,55,7,4,1,2,34,3,,,High,,1,0,0,Level 4
9106,45,,,,,3,12433,56,21,11,0,2,5,4,34,,9,54,7,2,3,2,5,1,,,High,,1,0,1,Level 3
9107,32,,,,,3,17648,28,17,7,6,1,1,4,50,,1,56,18,1,4,3,7,4,,,High,,1,0,1,Level 4
9108,47,,,,,1,12067,79,17,14,2,3,1,4,42,,1,36,16,2,2,4,31,4,,,Normal,,1,0,1,Level 3
9109,52,,,,,3,14912,26,23,4,7,1,5,4,77,,5,58,0,2,1,1,41,2,,,High,,1,1,1,Level 3
9110,56,,,,,5,17101,97,12,1,5,1,3,4,34,,1,59,2,2,4,1,29,3,,,High,,1,1,1,Level 4
9111,49,,,,,1,18941,16,28,9,5,2,3,1,83,,7,50,6,3,1,4,7,4,,,High,,1,0,0,Level 4
9112,27,,,,,1,17591,28,12,1,5,3,2,1,9,,3,52,9,2,2,1,8,2,,,High,,1,0,0,Level 4
9113,20,,,,,3,14730,81,17,12,5,2,2,3,83,,6,39,14,2,2,2,34,4,,,Normal,,1,0,0,Level 3
9114,31,,,,,3,12011,91,29,12,2,1,3,4,86,,7,58,19,2,4,1,39,4,,,High,,1,0,1,Level 3
9115,24,,,,,4,6909,81,9,5,5,3,1,4,8,,9,31,10,4,1,2,17,4,,High,Low,Expert,1,0,1,Level 1
9116,43,,,,,5,15208,28,22,10,2,4,2,1,10,,4,40,10,2,2,4,48,3,,,Normal,,1,0,0,Level 3
9117,25,,,,,5,11400,48,13,13,4,1,1,3,55,,1,37,15,1,3,4,48,2,,Very High,Normal,,1,0,0,Level 2
9118,44,,,,,2,4884,59,17,14,0,3,2,2,79,,8,36,5,1,2,4,4,4,,Medium,Normal,,1,0,0,Level 1
9119,20,,,,,2,7502,23,29,9,1,2,1,1,84,,1,53,11,4,2,3,46,1,,High,High,,1,0,0,Level 2
9120,44,,,,,5,10497,24,1,2,1,1,4,1,75,,9,47,6,3,3,4,24,3,,Very High,High,New,0,0,0,Level 2
9121,20,,,,,3,11298,22,21,5,8,3,5,4,68,,4,35,16,3,3,1,31,3,,Very High,Low,,1,0,1,Level 2
9122,51,,,,,1,13887,43,27,11,4,2,3,4,57,,9,57,0,1,2,2,12,1,,,High,,1,1,1,Level 3
9123,22,,,,,4,13677,75,3,11,0,4,4,1,41,,5,41,7,1,1,4,24,4,,,Normal,New,0,0,0,Level 3
9124,38,,,,,3,4425,68,8,11,1,2,3,1,1,,9,58,6,3,1,1,9,3,,Medium,High,Expert,1,0,0,Level 1
9125,48,,,,,1,7605,53,8,1,5,1,1,1,15,,5,31,18,3,2,1,5,1,,High,Low,Expert,1,0,0,Level 2
9126,21,,,,,5,18027,47,26,2,5,2,2,4,7,,5,45,9,4,3,4,33,4,,,Normal,,1,0,1,Level 4
9127,28,,,,,3,3240,37,8,1,1,3,2,2,81,,5,53,2,4,4,4,49,2,,Medium,High,Expert,1,0,0,Level 1
9128,36,,,,,4,16597,86,6,3,2,1,2,3,69,,3,47,1,2,3,1,33,3,,,High,Senior,1,0,0,Level 4
9129,55,,,,,2,18203,54,15,4,3,1,5,3,94,,4,30,1,3,3,1,41,1,,,Low,,1,1,0,Level 4
9130,36,,,,,1,19687,37,21,1,9,3,5,4,59,,1,39,2,2,4,1,48,2,,,Normal,,1,0,1,Level 4
9131,31,,,,,3,8093,73,5,10,0,2,3,2,3,,7,38,14,2,1,1,45,2,,High,Normal,Experienced,1,0,0,Level 2
9132,39,,,,,4,9047,64,6,1,9,3,2,2,76,,8,35,0,1,3,3,21,1,,Very High,Low,Senior,1,0,0,Level 2
9133,22,,,,,3,14164,78,22,2,1,3,4,2,23,,4,35,8,2,4,4,5,4,,,Low,,1,0,0,Level 3
9134,23,,,,,5,3605,70,29,14,6,1,3,3,9,,4,56,19,4,4,3,7,1,,Medium,High,,1,0,0,Level 1
9135,36,,,,,1,4038,57,26,4,5,1,5,2,37,,9,51,8,1,4,4,41,3,,Medium,High,,1,0,0,Level 1
9136,56,,,,,5,3406,98,25,13,4,3,5,1,44,,1,46,15,4,3,4,28,2,,Medium,High,,1,1,0,Level 1
9137,34,,,,,5,4071,72,23,2,7,4,2,3,11,,4,53,16,4,1,2,8,2,,Medium,High,,1,0,0,Level 1
9138,52,,,,,2,17204,26,6,2,2,4,5,2,2,,8,42,18,4,3,2,36,3,,,Normal,Senior,1,1,0,Level 4
9139,35,,,,,5,16109,50,27,8,7,4,1,1,81,,4,45,10,4,2,1,14,1,,,Normal,,1,0,0,Level 4
9140,30,,,,,4,17506,87,10,11,4,4,5,3,53,,9,33,7,1,2,4,4,2,,,Low,Expert,1,0,0,Level 4
9141,39,,,,,1,9673,20,23,8,8,2,2,1,47,,9,58,13,3,1,1,24,4,,Very High,High,,1,0,0,Level 2
9142,57,,,,,2,5987,46,19,7,8,1,3,2,61,,6,46,5,4,1,4,36,1,,Medium,High,,1,1,0,Level 1
9143,43,,,,,3,14861,79,28,11,6,4,5,4,93,,3,46,11,2,4,2,8,4,,,High,,1,0,1,Level 3
9144,35,,,,,5,3200,74,2,4,2,3,4,2,46,,2,30,2,1,2,4,34,4,,Medium,Low,New,0,0,0,Level 1
9145,49,,,,,3,10825,68,26,7,3,1,4,1,88,,8,36,1,3,3,2,33,1,,Very High,Normal,,1,0,0,Level 2
9146,53,,,,,2,17420,38,7,14,5,2,1,4,0,,5,51,5,2,2,1,23,4,,,High,Senior,1,1,1,Level 4
9147,20,,,,,3,5760,43,19,6,0,1,3,2,69,,4,59,2,1,2,1,16,4,,Medium,High,,1,0,0,Level 1
9148,43,,,,,4,8225,22,13,7,1,4,1,1,46,,5,52,11,4,3,2,20,2,,High,High,,1,0,0,Level 2
9149,43,,,,,2,7921,27,4,1,5,2,1,2,60,,4,52,3,4,4,4,18,4,,High,High,Experienced,0,0,0,Level 2
9150,28,,,,,1,6713,77,11,5,8,2,2,3,44,,6,50,11,1,1,1,36,1,,High,High,Expert,1,0,0,Level 1
9151,41,,,,,1,12130,39,18,5,3,3,2,2,33,,8,44,13,4,4,3,41,3,,,Normal,,1,0,0,Level 3
9152,31,,,,,1,6116,43,21,7,2,3,2,3,52,,4,44,16,2,4,3,20,4,,High,Normal,,1,0,0,Level 1
9153,36,,,,,1,6617,73,28,4,7,2,4,4,55,,9,52,13,3,2,1,14,1,,High,High,,1,0,1,Level 1
9154,44,,,,,2,11955,75,21,13,6,1,5,4,78,,5,31,0,3,1,1,17,1,,Very High,Low,,1,0,1,Level 3
9155,47,,,,,2,7619,40,11,1,1,3,3,4,13,,4,56,4,2,2,3,7,4,,High,High,Expert,1,0,1,Level 2
9156,34,,,,,2,8188,98,13,3,9,4,2,3,40,,2,58,12,4,1,3,17,3,,High,High,,1,0,0,Level 2
9157,49,,,,,5,7966,82,10,14,3,2,3,1,40,,7,30,10,2,3,1,37,4,,High,Low,Expert,1,0,0,Level 2
9158,46,,,,,2,12461,36,26,4,9,1,1,2,5,,4,39,6,4,3,3,1,1,,,Normal,,1,0,0,Level 3
9159,41,,,,,2,19342,21,17,5,5,1,5,1,45,,7,58,15,4,4,3,47,3,,,High,,1,0,0,Level 4
9160,29,,,,,2,14032,71,4,14,1,3,4,4,36,,9,58,17,2,2,3,41,4,,,High,Experienced,0,0,1,Level 3
9161,50,,,,,1,18154,76,3,12,5,1,3,4,65,,8,50,13,2,1,3,29,1,,,High,New,0,1,1,Level 4
9162,46,,,,,4,11865,32,7,8,8,3,5,4,5,,9,46,7,4,2,1,41,1,,Very High,High,Senior,1,0,1,Level 3
9163,31,,,,,1,7604,24,16,8,3,1,3,2,94,,4,52,4,2,1,4,19,4,,High,High,,1,0,0,Level 2
9164,50,,,,,4,12133,45,21,12,9,1,1,3,75,,3,47,9,1,3,4,33,4,,,High,,1,1,0,Level 3
9165,51,,,,,4,7471,40,6,2,6,2,2,4,57,,2,45,6,2,4,1,16,2,,High,Normal,Senior,1,1,1,Level 2
9166,51,,,,,4,6743,69,18,10,8,1,1,2,0,,2,34,3,1,3,1,39,3,,High,Low,,1,1,0,Level 1
9167,54,,,,,1,9283,39,1,4,7,1,3,1,34,,8,41,2,1,3,3,4,4,,Very High,Normal,New,0,1,0,Level 2
9168,40,,,,,5,6836,66,19,14,1,1,4,1,86,,9,45,10,3,1,3,35,2,,High,Normal,,1,0,0,Level 1
9169,29,,,,,3,5428,32,10,2,8,4,3,3,58,,6,48,5,3,2,3,5,1,,Medium,High,Expert,1,0,0,Level 1
9170,35,,,,,5,17738,38,3,5,7,3,4,4,82,,4,42,3,2,1,2,16,1,,,Normal,New,0,0,1,Level 4
9171,26,,,,,1,14566,29,26,4,4,4,4,4,5,,5,46,17,2,3,2,43,2,,,High,,1,0,1,Level 3
9172,23,,,,,4,12381,22,23,2,8,2,3,4,1,,5,39,0,4,2,1,28,2,,,Normal,,1,0,1,Level 3
9173,46,,,,,3,16048,57,11,13,5,2,3,3,22,,5,48,14,1,1,4,2,4,,,High,Expert,1,0,0,Level 4
9174,44,,,,,5,14145,38,7,3,8,4,4,4,54,,1,49,14,1,3,3,34,4,,,High,Senior,1,0,1,Level 3
9175,50,,,,,2,13505,99,26,3,8,1,3,1,44,,4,54,12,3,2,2,14,2,,,High,,1,1,0,Level 3
9176,30,,,,,5,6624,79,6,14,2,2,5,3,91,,2,49,8,1,4,4,28,1,,High,High,Senior,1,0,0,Level 1
9177,39,,,,,1,18414,40,14,7,6,1,4,3,21,,6,52,3,2,4,2,23,2,,,High,,1,0,0,Level 4
9178,55,,,,,3,10391,88,29,4,3,3,4,4,35,,9,35,11,4,3,1,39,4,,Very High,Low,,1,1,1,Level 2
9179,36,,,,,2,4909,40,20,1,3,1,3,1,1,,1,56,8,3,1,3,45,1,,Medium,High,,1,0,0,Level 1
9180,30,,,,,3,5674,80,8,5,6,4,1,1,16,,2,30,6,1,4,2,17,3,,Medium,Low,Expert,1,0,0,Level 1
9181,49,,,,,3,6324,54,26,6,5,1,5,1,98,,3,34,12,4,4,1,17,3,,High,Low,,1,0,0,Level 1
9182,54,,,,,5,5602,28,11,6,3,1,3,4,46,,9,50,16,3,2,4,14,3,,Medium,High,Expert,1,1,1,Level 1
9183,57,,,,,4,3154,47,2,14,4,1,2,1,10,,5,39,9,1,2,4,39,1,,Medium,Normal,New,0,1,0,Level 1
9184,41,,,,,5,15057,71,7,12,5,3,5,1,21,,5,49,4,2,3,3,26,1,,,High,Senior,1,0,0,Level 3
9185,46,,,,,2,14833,53,17,10,3,2,2,4,8,,6,47,5,1,2,4,32,4,,,High,,1,0,1,Level 3
9186,56,,,,,1,13571,15,24,11,7,1,5,3,1,,5,54,7,4,4,1,30,2,,,High,,1,1,0,Level 3
9187,54,,,,,5,4527,51,5,2,3,2,4,4,69,,1,30,5,4,4,2,44,1,,Medium,Low,Experienced,1,1,1,Level 1
9188,23,,,,,4,3625,32,6,5,9,1,5,4,44,,9,43,7,1,1,3,36,2,,Medium,Normal,Senior,1,0,1,Level 1
9189,35,,,,,4,12657,44,22,4,3,2,3,2,74,,4,59,0,1,3,2,13,1,,,High,,1,0,0,Level 3
9190,35,,,,,5,19348,41,17,14,9,3,2,2,59,,5,53,2,1,3,1,42,3,,,High,,1,0,0,Level 4
9191,40,,,,,2,15428,74,23,11,9,2,1,2,10,,7,35,0,4,2,4,13,3,,,Low,,1,0,0,Level 3
9192,45,,,,,4,6077,63,15,5,0,2,2,3,41,,4,41,13,1,3,2,26,1,,High,Normal,,1,0,0,Level 1
9193,55,,,,,4,3904,44,3,7,5,3,4,1,52,,3,54,18,4,4,4,30,1,,Medium,High,New,0,1,0,Level 1
9194,38,,,,,2,16651,59,18,3,0,2,4,4,85,,9,49,17,3,1,2,37,3,,,High,,1,0,1,Level 4
9195,36,,,,,2,5022,35,15,14,8,1,1,4,36,,6,42,13,1,1,4,47,2,,Medium,Normal,,1,0,1,Level 1
9196,45,,,,,2,4242,68,23,8,4,4,5,3,4,,6,54,17,1,1,3,34,2,,Medium,High,,1,0,0,Level 1
9197,41,,,,,2,13818,30,26,11,1,1,5,4,24,,3,32,11,3,2,2,2,2,,,Low,,1,0,1,Level 3
9198,47,,,,,5,5711,95,25,12,8,3,4,1,69,,8,57,2,2,3,3,47,4,,Medium,High,,1,0,0,Level 1
9199,20,,,,,5,4294,32,4,12,7,3,1,3,72,,6,33,5,4,2,1,26,4,,Medium,Low,Experienced,0,0,0,Level 1
9200,55,,,,,3,13977,48,23,9,3,3,4,3,43,,6,54,3,3,3,4,28,2,,,High,,1,1,0,Level 3
9201,56,,,,,3,15350,35,21,1,2,1,2,3,66,,5,57,7,3,2,1,45,4,,,High,,1,1,0,Level 3
9202,21,,,,,3,8937,90,10,1,3,4,5,2,55,,1,47,6,1,2,4,1,4,,High,High,Expert,1,0,0,Level 2
9203,36,,,,,4,12055,45,26,9,9,2,2,3,25,,9,40,14,1,1,3,7,1,,,Normal,,1,0,0,Level 3
9204,59,,,,,2,4556,24,11,14,3,4,2,3,16,,4,47,6,3,2,4,3,2,,Medium,High,Expert,1,1,0,Level 1
9205,57,,,,,5,17461,18,23,10,8,3,3,3,14,,2,56,2,4,4,3,31,2,,,High,,1,1,0,Level 4
9206,40,,,,,5,8525,29,1,1,5,4,5,3,66,,9,58,7,1,1,1,49,3,,High,High,New,0,0,0,Level 2
9207,28,,,,,2,15907,67,27,2,3,4,4,3,28,,8,36,7,3,4,1,3,3,,,Normal,,1,0,0,Level 4
9208,32,,,,,3,10525,73,29,3,1,1,4,3,63,,9,34,7,1,2,3,41,3,,Very High,Low,,1,0,0,Level 2
9209,30,,,,,4,15375,69,10,7,8,4,2,1,28,,5,46,10,3,3,4,15,1,,,High,Expert,1,0,0,Level 3
9210,35,,,,,5,7784,76,25,10,6,2,1,3,54,,6,33,10,3,2,3,35,1,,High,Low,,1,0,0,Level 2
9211,35,,,,,1,11035,56,22,3,4,1,3,1,30,,1,32,3,3,3,4,33,2,,Very High,Low,,1,0,0,Level 2
9212,21,,,,,4,9794,42,15,9,1,2,3,1,82,,1,58,2,1,4,4,18,3,,Very High,High,,1,0,0,Level 2
9213,27,,,,,4,7732,21,8,2,0,4,2,3,39,,1,46,18,3,4,4,15,2,,High,High,Expert,1,0,0,Level 2
9214,32,,,,,3,3521,25,9,3,6,3,3,4,62,,5,50,18,1,2,2,2,4,,Medium,High,Expert,1,0,1,Level 1
9215,36,,,,,2,8697,43,1,9,2,3,3,4,36,,6,32,4,4,4,1,15,3,,High,Low,New,0,0,1,Level 2
9216,58,,,,,1,5847,48,21,6,7,1,2,4,69,,3,33,11,4,3,3,46,4,,Medium,Low,,1,1,1,Level 1
9217,43,,,,,3,7111,39,12,11,3,2,4,4,0,,3,48,16,1,2,2,16,4,,High,High,,1,0,1,Level 1
9218,22,,,,,2,16081,70,16,12,4,4,2,3,73,,9,47,16,4,3,3,24,4,,,High,,1,0,0,Level 4
9219,49,,,,,1,15647,54,7,11,2,1,2,2,72,,6,34,1,2,2,1,32,4,,,Low,Senior,1,0,0,Level 3
9220,32,,,,,5,11422,77,12,9,6,2,5,4,38,,8,42,11,3,3,4,44,3,,Very High,Normal,,1,0,1,Level 3
9221,38,,,,,1,11119,64,12,14,3,1,4,4,78,,1,32,11,1,4,1,5,3,,Very High,Low,,1,0,1,Level 2
9222,26,,,,,3,9749,25,11,5,0,2,2,2,20,,1,36,2,3,2,2,16,4,,Very High,Normal,Expert,1,0,0,Level 2
9223,28,,,,,1,14656,74,16,4,4,3,5,1,27,,9,48,12,3,1,3,24,4,,,High,,1,0,0,Level 3
9224,38,,,,,1,3518,78,8,2,1,1,3,2,62,,9,34,3,2,4,1,48,4,,Medium,Low,Expert,1,0,0,Level 1
9225,59,,,,,1,11675,18,19,12,6,4,1,2,52,,1,44,19,3,2,2,22,2,,Very High,Normal,,1,1,0,Level 3
9226,41,,,,,5,13304,45,8,1,1,2,4,4,19,,2,46,14,4,3,1,14,3,,,High,Expert,1,0,1,Level 3
9227,37,,,,,2,13458,88,5,11,3,4,5,2,48,,4,48,11,2,1,2,15,4,,,High,Experienced,1,0,0,Level 3
9228,42,,,,,1,6851,68,17,5,1,1,4,2,96,,9,44,14,1,1,2,17,2,,High,Normal,,1,0,0,Level 1
9229,21,,,,,4,16519,94,16,1,6,1,5,2,62,,5,40,14,1,1,1,19,2,,,Normal,,1,0,0,Level 4
9230,30,,,,,3,9855,70,4,6,2,2,3,4,47,,7,45,1,4,4,3,14,2,,Very High,Normal,Experienced,0,0,1,Level 2
9231,50,,,,,4,15056,58,18,11,1,2,3,2,96,,3,46,3,3,4,1,22,1,,,High,,1,1,0,Level 3
9232,52,,,,,2,8004,95,12,6,1,1,1,3,44,,2,51,15,1,4,4,11,3,,High,High,,1,1,0,Level 2
9233,33,,,,,3,11957,19,21,14,1,1,3,4,34,,7,52,4,2,3,1,42,2,,Very High,High,,1,0,1,Level 3
9234,35,,,,,2,19039,81,4,7,5,2,3,4,3,,9,55,4,3,1,3,34,1,,,High,Experienced,0,0,1,Level 4
9235,30,,,,,3,6360,94,18,9,7,3,1,2,51,,6,46,9,3,1,2,1,3,,High,High,,1,0,0,Level 1
9236,52,,,,,4,16218,82,7,6,6,4,4,4,91,,4,51,17,4,1,2,22,4,,,High,Senior,1,1,1,Level 4
9237,26,,,,,4,9758,23,2,13,9,4,3,1,43,,9,53,16,2,1,4,14,2,,Very High,High,New,0,0,0,Level 2
9238,50,,,,,5,3987,18,2,3,0,1,4,2,35,,6,44,6,4,2,2,11,3,,Medium,Normal,New,0,1,0,Level 1
9239,33,,,,,2,11207,99,13,8,2,1,1,4,20,,4,32,2,3,1,3,3,1,,Very High,Low,,1,0,1,Level 2
9240,47,,,,,4,17880,88,4,5,7,2,2,2,68,,4,41,4,2,3,4,12,3,,,Normal,Experienced,0,0,0,Level 4
9241,35,,,,,3,12762,95,5,8,7,4,3,2,13,,5,42,8,1,3,3,41,4,,,Normal,Experienced,1,0,0,Level 3
9242,38,,,,,1,16413,30,26,8,8,4,4,2,11,,9,48,1,4,1,1,6,4,,,High,,1,0,0,Level 4
9243,36,,,,,1,7427,84,12,3,6,1,5,1,69,,8,48,6,3,1,1,6,3,,High,High,,1,0,0,Level 2
9244,45,,,,,1,3078,29,11,7,4,3,5,4,90,,1,49,3,4,1,4,20,4,,Medium,High,Expert,1,0,1,Level 1
9245,25,,,,,5,12236,66,29,4,2,1,2,3,35,,3,49,10,1,3,1,15,2,,,High,,1,0,0,Level 3
9246,28,,,,,4,18258,45,3,9,7,1,3,1,11,,3,55,10,4,4,2,20,2,,,High,New,0,0,0,Level 4
9247,36,,,,,2,12803,94,11,7,4,1,3,1,64,,3,38,9,1,2,4,11,1,,,Normal,Expert,1,0,0,Level 3
9248,50,,,,,2,3431,58,9,10,4,4,3,3,69,,3,50,3,1,2,2,10,2,,Medium,High,Expert,1,1,0,Level 1
9249,31,,,,,5,16336,50,26,2,7,3,5,1,87,,3,33,5,2,3,1,30,4,,,Low,,1,0,0,Level 4
9250,42,,,,,3,17638,16,22,1,7,3,2,1,80,,2,44,3,4,2,4,47,4,,,Normal,,1,0,0,Level 4
9251,24,,,,,4,17129,42,27,6,7,4,5,2,34,,3,38,8,4,2,2,4,3,,,Normal,,1,0,0,Level 4
9252,55,,,,,4,18424,54,8,6,3,3,3,3,68,,5,39,10,2,3,3,22,2,,,Normal,Expert,1,1,0,Level 4
9253,55,,,,,3,11463,77,21,10,2,4,2,3,72,,7,45,15,2,4,1,48,3,,Very High,Normal,,1,1,0,Level 3
9254,22,,,,,3,17334,77,8,5,5,2,5,4,41,,4,33,9,3,3,4,28,1,,,Low,Expert,1,0,1,Level 4
9255,43,,,,,4,18315,31,10,2,4,2,3,1,15,,1,30,16,1,3,2,48,3,,,Low,Expert,1,0,0,Level 4
9256,36,,,,,4,7431,52,6,9,9,4,2,4,60,,7,52,17,4,4,2,23,1,,High,High,Senior,1,0,1,Level 2
9257,58,,,,,1,11949,50,23,6,4,4,2,3,7,,1,39,14,2,2,2,33,2,,Very High,Normal,,1,1,0,Level 3
9258,45,,,,,2,7303,46,18,4,4,4,1,3,81,,7,42,12,4,2,4,8,4,,High,Normal,,1,0,0,Level 2
9259,23,,,,,1,11305,68,6,7,2,4,2,3,30,,2,54,5,2,3,2,16,3,,Very High,High,Senior,1,0,0,Level 2
9260,31,,,,,1,8016,73,21,14,6,4,1,3,60,,3,53,11,2,1,1,26,1,,High,High,,1,0,0,Level 2
9261,20,,,,,2,4962,39,12,9,4,4,3,3,56,,7,54,16,1,1,3,12,3,,Medium,High,,1,0,0,Level 1
9262,40,,,,,5,6065,91,16,8,3,3,1,2,81,,2,33,17,1,2,2,41,2,,High,Low,,1,0,0,Level 1
9263,38,,,,,5,6948,28,24,1,3,2,3,1,45,,5,55,6,2,4,1,36,4,,High,High,,1,0,0,Level 1
9264,40,,,,,5,10671,58,21,3,6,2,3,3,41,,2,56,13,4,3,3,44,1,,Very High,High,,1,0,0,Level 2
9265,37,,,,,5,10106,39,16,10,0,1,4,4,21,,1,33,10,4,2,2,2,4,,Very High,Low,,1,0,1,Level 2
9266,22,,,,,3,17688,49,23,2,7,2,1,1,57,,7,56,9,2,1,3,16,4,,,High,,1,0,0,Level 4
9267,51,,,,,1,8422,93,4,3,0,2,2,3,87,,8,43,19,1,1,4,31,3,,High,Normal,Experienced,0,1,0,Level 2
9268,29,,,,,3,16429,93,18,13,5,1,2,3,83,,1,43,8,4,1,3,29,2,,,Normal,,1,0,0,Level 4
9269,59,,,,,3,13274,61,29,5,3,1,3,3,83,,6,46,8,2,3,4,14,4,,,High,,1,1,0,Level 3
9270,34,,,,,2,5915,61,27,6,6,4,1,2,54,,7,44,5,4,4,1,5,4,,Medium,Normal,,1,0,0,Level 1
9271,24,,,,,5,17199,31,13,3,5,4,5,3,16,,5,59,0,1,3,1,5,3,,,High,,1,0,0,Level 4
9272,23,,,,,4,13283,37,3,2,4,2,2,2,65,,2,35,0,1,3,2,23,2,,,Low,New,0,0,0,Level 3
9273,47,,,,,5,12389,31,27,5,4,1,5,2,45,,5,31,9,1,1,2,37,4,,,Low,,1,0,0,Level 3
9274,23,,,,,1,3197,43,26,13,5,4,1,2,33,,8,56,17,3,2,2,9,3,,Medium,High,,1,0,0,Level 1
9275,34,,,,,3,12048,16,12,4,6,3,2,3,37,,1,54,17,3,3,4,38,3,,,High,,1,0,0,Level 3
9276,36,,,,,1,19179,25,20,5,2,4,5,1,15,,6,59,9,2,1,3,13,3,,,High,,1,0,0,Level 4
9277,22,,,,,3,3845,30,19,10,2,4,2,4,90,,6,30,15,4,4,1,36,2,,Medium,Low,,1,0,1,Level 1
9278,29,,,,,3,9290,65,23,4,6,1,4,4,61,,7,52,7,1,2,2,6,3,,Very High,High,,1,0,1,Level 2
9279,42,,,,,3,7965,95,28,4,2,2,4,1,3,,3,40,10,3,4,2,29,3,,High,Normal,,1,0,0,Level 2
9280,37,,,,,4,3345,35,5,8,6,2,3,2,57,,2,55,11,1,1,2,24,3,,Medium,High,Experienced,1,0,0,Level 1
9281,20,,,,,5,19539,35,19,6,1,3,1,4,81,,6,37,18,3,2,3,36,4,,,Normal,,1,0,1,Level 4
9282,54,,,,,3,18947,20,19,2,7,2,2,4,9,,4,34,0,2,4,2,37,2,,,Low,,1,1,1,Level 4
9283,50,,,,,2,8561,60,25,3,8,1,5,4,65,,5,43,5,1,1,3,10,4,,High,Normal,,1,1,1,Level 2
9284,20,,,,,3,11333,37,29,8,5,3,2,2,58,,4,30,14,3,2,2,21,1,,Very High,Low,,1,0,0,Level 2
9285,22,,,,,5,19487,72,12,1,1,2,2,1,81,,2,58,10,2,2,4,19,3,,,High,,1,0,0,Level 4
9286,22,,,,,5,15241,71,28,13,8,1,5,4,94,,3,46,12,3,2,1,7,3,,,High,,1,0,1,Level 3
9287,56,,,,,4,6531,75,25,6,4,1,5,1,35,,5,50,5,3,2,2,38,4,,High,High,,1,1,0,Level 1
9288,38,,,,,3,19169,53,5,3,3,4,4,2,89,,3,30,3,2,3,4,49,4,,,Low,Experienced,1,0,0,Level 4
9289,48,,,,,2,6875,59,2,9,6,2,3,3,75,,2,58,9,1,4,3,5,3,,High,High,New,0,0,0,Level 1
9290,44,,,,,4,10079,43,26,10,5,4,5,4,2,,9,38,7,1,2,4,49,1,,Very High,Normal,,1,0,1,Level 2
9291,52,,,,,4,15914,45,16,13,3,2,2,4,37,,7,39,13,2,1,4,47,4,,,Normal,,1,1,1,Level 4
9292,55,,,,,3,10109,16,21,11,9,2,4,1,93,,8,56,16,2,4,4,48,3,,Very High,High,,1,1,0,Level 2
9293,48,,,,,3,18037,51,4,1,1,4,1,2,35,,8,59,5,2,1,2,9,3,,,High,Experienced,0,0,0,Level 4
9294,45,,,,,4,14882,58,22,14,3,4,4,1,59,,9,38,3,4,2,3,27,3,,,Normal,,1,0,0,Level 3
9295,23,,,,,4,11909,93,15,2,0,4,4,3,81,,5,38,8,2,1,3,3,1,,Very High,Normal,,1,0,0,Level 3
9296,33,,,,,4,15100,84,10,6,7,2,4,3,76,,3,52,14,2,1,2,8,2,,,High,Expert,1,0,0,Level 3
9297,46,,,,,1,4428,77,22,12,3,1,2,1,66,,8,39,17,4,2,3,20,3,,Medium,Normal,,1,0,0,Level 1
9298,52,,,,,4,4822,89,6,4,1,2,5,1,3,,1,58,18,3,3,3,10,3,,Medium,High,Senior,1,1,0,Level 1
9299,41,,,,,5,8804,67,7,12,4,4,3,3,11,,4,59,9,1,4,3,16,4,,High,High,Senior,1,0,0,Level 2
9300,22,,,,,2,18461,90,2,10,0,1,1,3,10,,2,54,13,4,2,2,12,4,,,High,New,0,0,0,Level 4
9301,42,,,,,2,17451,17,4,1,1,1,3,2,10,,2,52,6,4,4,2,2,4,,,High,Experienced,0,0,0,Level 4
9302,40,,,,,3,11662,33,15,10,7,1,2,1,56,,1,57,1,4,2,4,40,4,,Very High,High,,1,0,0,Level 3
9303,42,,,,,4,9137,59,13,4,3,4,3,1,42,,4,58,6,4,3,4,42,2,,Very High,High,,1,0,0,Level 2
9304,23,,,,,2,9341,75,9,2,8,2,3,2,46,,4,40,3,2,2,4,3,2,,Very High,Normal,Expert,1,0,0,Level 2
9305,40,,,,,2,13443,69,5,13,9,1,1,1,20,,2,40,7,1,2,4,25,2,,,Normal,Experienced,1,0,0,Level 3
9306,56,,,,,5,10563,85,17,9,3,3,4,2,22,,2,46,7,1,3,1,9,3,,Very High,High,,1,1,0,Level 2
9307,50,,,,,5,12593,90,6,7,1,2,5,3,60,,9,55,1,4,4,2,46,1,,,High,Senior,1,1,0,Level 3
9308,40,,,,,1,15870,43,14,6,7,3,5,4,46,,6,50,3,1,3,4,31,3,,,High,,1,0,1,Level 4
9309,45,,,,,1,15891,62,5,13,9,2,3,4,80,,7,48,7,1,1,2,36,1,,,High,Experienced,1,0,1,Level 4
9310,54,,,,,2,12912,86,2,14,3,2,1,3,64,,7,56,0,3,2,2,21,4,,,High,New,0,1,0,Level 3
9311,57,,,,,3,17903,77,14,12,7,3,5,3,37,,6,30,15,4,2,3,7,4,,,Low,,1,1,0,Level 4
9312,43,,,,,2,3578,35,19,9,1,2,5,4,95,,4,38,11,4,2,1,43,3,,Medium,Normal,,1,0,1,Level 1
9313,30,,,,,3,8004,71,19,13,3,4,5,2,6,,6,48,11,4,1,4,20,4,,High,High,,1,0,0,Level 2
9314,48,,,,,2,13675,27,28,8,0,2,3,2,13,,9,52,19,4,1,4,37,2,,,High,,1,0,0,Level 3
9315,22,,,,,5,5600,41,23,2,7,1,2,4,64,,9,33,12,4,4,4,30,3,,Medium,Low,,1,0,1,Level 1
9316,20,,,,,4,17282,82,13,3,5,4,3,3,37,,8,57,17,1,3,2,47,4,,,High,,1,0,0,Level 4
9317,38,,,,,2,11934,78,21,14,1,2,3,2,49,,4,39,14,1,4,4,39,2,,Very High,Normal,,1,0,0,Level 3
9318,41,,,,,1,7270,23,12,7,2,3,2,2,72,,1,52,3,2,1,4,34,2,,High,High,,1,0,0,Level 2
9319,33,,,,,3,15096,88,28,10,5,3,5,3,29,,8,37,5,4,3,1,46,4,,,Normal,,1,0,0,Level 3
9320,33,,,,,3,19097,89,25,4,9,2,3,3,33,,6,31,9,3,4,1,4,2,,,Low,,1,0,0,Level 4
9321,35,,,,,2,16214,21,1,11,8,1,4,4,25,,8,47,6,4,1,3,29,1,,,High,New,0,0,1,Level 4
9322,52,,,,,3,5030,25,3,6,9,3,5,2,52,,3,30,12,3,2,2,6,2,,Medium,Low,New,0,1,0,Level 1
9323,32,,,,,1,8859,42,10,9,6,4,5,4,16,,2,52,5,4,2,4,40,1,,High,High,Expert,1,0,1,Level 2
9324,57,,,,,5,10181,86,8,7,8,4,5,1,85,,1,47,14,1,2,1,19,2,,Very High,High,Expert,1,1,0,Level 2
9325,31,,,,,4,16215,41,13,14,9,2,3,2,18,,2,59,13,3,1,2,49,2,,,High,,1,0,0,Level 4
9326,57,,,,,4,16723,36,19,3,3,2,1,4,61,,3,32,0,3,4,4,10,1,,,Low,,1,1,1,Level 4
9327,58,,,,,3,15590,56,3,14,7,3,1,4,12,,2,51,17,4,2,2,34,4,,,High,New,0,1,1,Level 3
9328,52,,,,,2,7943,46,24,6,1,1,2,1,79,,6,47,8,1,4,2,41,4,,High,High,,1,1,0,Level 2
9329,52,,,,,3,17581,28,26,7,1,4,1,1,43,,3,56,19,3,1,4,16,1,,,High,,1,1,0,Level 4
9330,48,,,,,1,13647,40,3,1,3,1,5,3,27,,3,45,17,1,2,4,3,1,,,Normal,New,0,0,0,Level 3
9331,24,,,,,2,12646,69,27,13,2,3,4,2,45,,1,38,15,3,1,3,22,1,,,Normal,,1,0,0,Level 3
9332,25,,,,,5,5126,89,18,7,7,3,4,4,81,,8,30,9,4,3,1,16,2,,Medium,Low,,1,0,1,Level 1
9333,50,,,,,1,11192,85,3,14,1,3,5,2,75,,5,45,6,2,2,2,31,1,,Very High,Normal,New,0,1,0,Level 2
9334,35,,,,,5,8083,69,29,5,3,3,3,1,80,,4,57,5,1,2,1,17,1,,High,High,,1,0,0,Level 2
9335,50,,,,,2,19248,59,12,14,8,4,3,2,82,,2,36,14,2,4,1,37,3,,,Normal,,1,1,0,Level 4
9336,44,,,,,5,9609,44,2,7,8,1,5,4,57,,2,59,2,3,1,3,23,4,,Very High,High,New,0,0,1,Level 2
9337,52,,,,,1,10678,80,8,14,3,3,5,3,35,,3,48,6,2,3,4,38,4,,Very High,High,Expert,1,1,0,Level 2
9338,32,,,,,1,13734,40,28,13,2,4,2,2,38,,7,59,17,4,1,3,27,3,,,High,,1,0,0,Level 3
9339,29,,,,,3,13060,15,21,13,0,1,3,4,18,,8,33,8,2,3,3,5,2,,,Low,,1,0,1,Level 3
9340,43,,,,,2,14378,38,14,7,0,1,1,3,87,,9,34,4,3,2,2,25,2,,,Low,,1,0,0,Level 3
9341,29,,,,,4,16758,69,19,6,7,1,1,4,90,,1,58,14,4,4,4,11,3,,,High,,1,0,1,Level 4
9342,50,,,,,4,16617,79,11,13,8,4,3,2,36,,1,56,14,4,1,3,9,1,,,High,Expert,1,1,0,Level 4
9343,32,,,,,5,14587,39,16,3,8,2,4,3,64,,6,49,15,3,4,2,5,3,,,High,,1,0,0,Level 3
9344,22,,,,,4,17269,56,14,9,4,2,5,1,50,,8,30,5,1,1,1,24,4,,,Low,,1,0,0,Level 4
9345,53,,,,,4,6661,58,8,13,1,2,2,2,47,,5,38,4,2,3,4,16,4,,High,Normal,Expert,1,1,0,Level 1
9346,47,,,,,1,14575,83,24,5,6,3,2,1,19,,4,56,13,3,4,2,2,2,,,High,,1,0,0,Level 3
9347,38,,,,,1,7109,26,27,9,3,2,2,4,44,,9,44,16,4,2,3,2,4,,High,Normal,,1,0,1,Level 1
9348,42,,,,,1,13348,22,20,3,9,2,1,1,25,,2,54,9,1,1,2,20,4,,,High,,1,0,0,Level 3
9349,51,,,,,4,15101,77,14,14,3,4,4,2,38,,3,57,11,1,4,1,4,1,,,High,,1,1,0,Level 3
9350,32,,,,,5,5090,92,25,7,3,3,4,4,2,,2,41,12,2,2,3,34,1,,Medium,Normal,,1,0,1,Level 1
9351,52,,,,,2,14064,34,12,5,9,4,2,2,75,,7,47,0,3,3,4,8,2,,,High,,1,1,0,Level 3
9352,53,,,,,3,15762,54,17,14,2,4,5,1,32,,7,39,0,4,3,4,2,2,,,Normal,,1,1,0,Level 4
9353,52,,,,,5,4098,87,23,14,3,2,5,3,23,,4,45,3,3,4,2,15,1,,Medium,Normal,,1,1,0,Level 1
9354,24,,,,,1,4950,19,12,7,1,1,5,2,83,,9,38,15,3,4,4,42,1,,Medium,Normal,,1,0,0,Level 1
9355,22,,,,,5,6378,15,21,8,8,1,2,3,50,,7,35,15,3,4,2,8,2,,High,Low,,1,0,0,Level 1
9356,26,,,,,2,13744,25,12,11,6,3,5,3,21,,3,47,15,2,2,3,24,2,,,High,,1,0,0,Level 3
9357,43,,,,,1,9223,18,12,8,0,4,3,3,57,,4,59,10,2,4,2,45,4,,Very High,High,,1,0,0,Level 2
9358,41,,,,,2,16995,52,7,5,4,3,2,2,78,,1,37,3,4,1,2,33,4,,,Normal,Senior,1,0,0,Level 4
9359,42,,,,,3,5010,31,10,11,1,1,4,2,19,,8,39,14,1,3,4,29,2,,Medium,Normal,Expert,1,0,0,Level 1
9360,49,,,,,5,3493,82,16,14,2,4,1,1,22,,1,56,4,1,3,1,1,2,,Medium,High,,1,0,0,Level 1
9361,37,,,,,3,8378,46,27,12,2,4,3,2,58,,3,42,4,2,3,1,26,1,,High,Normal,,1,0,0,Level 2
9362,51,,,,,4,17961,19,24,5,6,3,1,4,86,,8,30,11,1,2,3,48,1,,,Low,,1,1,1,Level 4
9363,26,,,,,5,7943,36,3,13,2,4,3,4,49,,7,45,13,2,3,3,4,3,,High,Normal,New,0,0,1,Level 2
9364,52,,,,,4,13350,92,3,8,6,4,2,2,31,,7,39,11,4,3,4,2,4,,,Normal,New,0,1,0,Level 3
9365,24,,,,,2,17133,99,1,14,7,3,4,2,51,,8,42,3,3,4,4,24,4,,,Normal,New,0,0,0,Level 4
9366,47,,,,,4,13486,96,5,6,1,3,3,4,73,,8,32,0,3,1,4,5,4,,,Low,Experienced,1,0,1,Level 3
9367,27,,,,,2,16791,81,8,6,0,4,2,1,58,,3,50,19,3,1,2,6,1,,,High,Expert,1,0,0,Level 4
9368,34,,,,,3,16335,25,17,2,5,4,4,3,93,,1,30,4,2,3,1,31,2,,,Low,,1,0,0,Level 4
9369,23,,,,,1,8791,39,16,7,8,3,1,2,82,,6,51,10,1,2,4,27,2,,High,High,,1,0,0,Level 2
9370,53,,,,,3,16663,56,16,10,5,1,3,3,56,,5,43,18,3,3,1,49,1,,,Normal,,1,1,0,Level 4
9371,24,,,,,4,14094,49,18,7,7,4,2,2,30,,6,47,17,2,2,4,32,4,,,High,,1,0,0,Level 3
9372,52,,,,,2,5400,93,18,6,4,3,3,2,53,,3,44,19,2,2,1,31,4,,Medium,Normal,,1,1,0,Level 1
9373,24,,,,,4,6398,73,14,14,7,2,5,2,83,,2,55,6,2,4,4,17,4,,High,High,,1,0,0,Level 1
9374,57,,,,,1,15657,62,12,14,3,3,3,2,3,,3,35,14,2,3,1,36,1,,,Low,,1,1,0,Level 3
9375,53,,,,,5,6968,99,10,11,5,3,4,1,19,,1,44,17,4,2,2,17,1,,High,Normal,Expert,1,1,0,Level 1
9376,45,,,,,5,18453,17,2,2,7,1,5,1,72,,4,43,6,4,4,3,43,3,,,Normal,New,0,0,0,Level 4
9377,20,,,,,5,13849,38,21,11,0,2,4,3,43,,4,37,7,2,2,3,15,3,,,Normal,,1,0,0,Level 3
9378,23,,,,,4,5677,83,26,13,5,4,1,2,25,,5,40,5,3,1,4,33,4,,Medium,Normal,,1,0,0,Level 1
9379,58,,,,,5,13300,47,23,5,7,3,5,2,18,,1,43,8,2,2,4,22,4,,,Normal,,1,1,0,Level 3
9380,45,,,,,2,16047,84,28,6,4,3,5,2,90,,8,50,11,4,3,2,14,4,,,High,,1,0,0,Level 4
9381,52,,,,,1,16063,61,3,12,2,1,4,1,38,,3,36,16,4,4,1,26,4,,,Normal,New,0,1,0,Level 4
9382,52,,,,,3,10315,67,1,4,4,3,2,3,18,,6,52,17,3,2,3,15,4,,Very High,High,New,0,1,0,Level 2
9383,27,,,,,2,12261,59,9,10,2,3,3,3,95,,4,33,19,1,2,4,2,3,,,Low,Expert,1,0,0,Level 3
9384,39,,,,,1,4141,85,25,14,5,4,1,2,46,,4,44,2,2,3,4,28,2,,Medium,Normal,,1,0,0,Level 1
9385,35,,,,,3,4566,97,4,6,5,3,1,4,73,,1,36,19,2,3,1,12,4,,Medium,Normal,Experienced,0,0,1,Level 1
9386,40,,,,,5,10380,71,21,5,4,1,2,2,35,,5,55,10,4,3,4,6,1,,Very High,High,,1,0,0,Level 2
9387,45,,,,,3,9297,99,16,11,6,3,4,2,87,,8,33,18,1,3,4,40,1,,Very High,Low,,1,0,0,Level 2
9388,42,,,,,4,12107,84,4,10,6,2,1,2,36,,8,44,11,1,1,2,42,1,,,Normal,Experienced,0,0,0,Level 3
9389,37,,,,,4,7536,54,24,12,5,3,3,3,35,,3,33,15,4,1,1,4,1,,High,Low,,1,0,0,Level 2
9390,50,,,,,5,6856,17,17,9,5,1,2,4,82,,3,39,18,4,2,2,12,3,,High,Normal,,1,1,1,Level 1
9391,31,,,,,5,5904,63,15,11,3,2,5,4,50,,1,57,8,4,3,2,9,1,,Medium,High,,1,0,1,Level 1
9392,20,,,,,2,8988,28,4,6,3,1,3,4,87,,9,58,16,1,2,2,18,4,,High,High,Experienced,0,0,1,Level 2
9393,28,,,,,2,8656,34,4,1,2,3,4,4,13,,7,55,9,2,4,2,4,3,,High,High,Experienced,0,0,1,Level 2
9394,22,,,,,4,12993,92,12,10,9,3,4,4,37,,8,41,2,3,1,2,5,1,,,Normal,,1,0,1,Level 3
9395,45,,,,,1,4660,80,3,10,6,1,2,2,78,,1,30,15,4,2,4,28,2,,Medium,Low,New,0,0,0,Level 1
9396,28,,,,,2,10852,39,20,1,2,4,5,4,52,,4,44,7,1,3,4,41,2,,Very High,Normal,,1,0,1,Level 2
9397,35,,,,,1,16712,18,23,2,8,3,5,4,58,,6,45,17,1,2,4,2,4,,,Normal,,1,0,1,Level 4
9398,43,,,,,4,9093,55,5,2,8,2,2,1,10,,4,30,10,2,3,3,24,4,,Very High,Low,Experienced,1,0,0,Level 2
9399,33,,,,,2,19977,77,19,13,5,1,2,2,78,,3,30,9,1,4,2,4,3,,,Low,,1,0,0,Level 4
9400,22,,,,,1,5070,62,6,14,6,3,2,2,21,,3,42,3,3,4,1,40,3,,Medium,Normal,Senior,1,0,0,Level 1
9401,53,,,,,1,3647,69,28,11,2,2,5,4,3,,4,59,12,1,3,2,41,4,,Medium,High,,1,1,1,Level 1
9402,52,,,,,2,4329,16,26,4,2,3,4,4,56,,7,50,17,3,2,3,28,1,,Medium,High,,1,1,1,Level 1
9403,43,,,,,5,17936,37,9,14,0,3,4,3,87,,1,44,2,4,1,1,15,3,,,Normal,Expert,1,0,0,Level 4
9404,28,,,,,3,10025,62,3,13,5,4,3,4,25,,1,57,1,1,3,3,4,3,,Very High,High,New,0,0,1,Level 2
9405,32,,,,,5,4234,99,2,10,2,4,4,2,4,,6,49,9,4,2,1,32,4,,Medium,High,New,0,0,0,Level 1
9406,21,,,,,3,8479,29,25,12,0,1,2,4,62,,5,32,12,1,3,3,19,4,,High,Low,,1,0,1,Level 2
9407,26,,,,,1,5830,65,21,2,7,2,3,3,56,,4,35,19,1,3,3,22,2,,Medium,Low,,1,0,0,Level 1
9408,40,,,,,2,12264,38,10,14,7,2,1,1,11,,4,36,11,2,3,3,2,3,,,Normal,Expert,1,0,0,Level 3
9409,38,,,,,4,10754,34,5,8,7,2,5,2,51,,3,57,4,4,1,2,8,4,,Very High,High,Experienced,1,0,0,Level 2
9410,44,,,,,2,9879,70,29,8,7,3,3,4,1,,7,47,16,3,4,3,36,2,,Very High,High,,1,0,1,Level 2
9411,41,,,,,5,10173,52,7,11,4,3,1,1,37,,4,47,16,1,2,1,8,4,,Very High,High,Senior,1,0,0,Level 2
9412,30,,,,,3,16138,39,15,2,6,1,2,1,56,,2,53,4,3,1,1,24,3,,,High,,1,0,0,Level 4
9413,52,,,,,2,17287,66,2,9,2,1,4,1,38,,6,34,17,3,1,4,40,1,,,Low,New,0,1,0,Level 4
9414,51,,,,,3,7618,65,10,9,9,3,4,3,29,,3,34,19,4,2,4,33,3,,High,Low,Expert,1,1,0,Level 2
9415,40,,,,,5,8495,61,11,9,1,3,3,2,27,,4,58,4,2,3,1,5,4,,High,High,Expert,1,0,0,Level 2
9416,58,,,,,5,16385,82,21,9,5,2,1,3,42,,1,36,5,1,4,4,10,1,,,Normal,,1,1,0,Level 4
9417,39,,,,,2,7914,94,24,12,0,3,4,2,68,,7,50,8,2,3,2,38,1,,High,High,,1,0,0,Level 2
9418,27,,,,,4,19471,78,8,14,1,2,2,4,40,,5,35,18,1,4,2,12,3,,,Low,Expert,1,0,1,Level 4
9419,56,,,,,4,16584,57,26,7,6,1,1,4,26,,4,38,14,2,3,4,14,2,,,Normal,,1,1,1,Level 4
9420,28,,,,,3,5427,85,23,9,8,3,1,3,71,,2,38,8,1,2,4,41,1,,Medium,Normal,,1,0,0,Level 1
9421,44,,,,,2,5084,71,21,8,6,3,4,4,40,,6,44,18,2,2,2,25,2,,Medium,Normal,,1,0,1,Level 1
9422,44,,,,,1,11930,53,12,10,9,2,3,2,32,,5,57,17,4,2,1,48,2,,Very High,High,,1,0,0,Level 3
9423,52,,,,,5,5999,43,4,8,7,1,3,2,13,,8,38,4,4,2,1,35,1,,Medium,Normal,Experienced,0,1,0,Level 1
9424,21,,,,,3,5466,40,28,7,7,4,3,3,43,,2,35,15,1,1,2,25,1,,Medium,Low,,1,0,0,Level 1
9425,38,,,,,5,13547,28,29,13,9,3,4,3,18,,7,56,2,3,2,1,44,1,,,High,,1,0,0,Level 3
9426,39,,,,,3,16812,78,13,2,2,2,5,2,91,,1,54,16,1,1,1,22,1,,,High,,1,0,0,Level 4
9427,48,,,,,2,9595,61,18,2,5,3,2,1,99,,2,42,2,1,2,4,46,4,,Very High,Normal,,1,0,0,Level 2
9428,25,,,,,3,8036,34,18,8,1,4,2,1,16,,1,41,12,4,2,4,4,2,,High,Normal,,1,0,0,Level 2
9429,36,,,,,3,11631,21,27,2,8,4,3,2,93,,5,55,11,3,4,1,19,1,,Very High,High,,1,0,0,Level 3
9430,44,,,,,1,5194,96,3,2,6,1,3,4,75,,1,44,13,2,2,4,20,4,,Medium,Normal,New,0,0,1,Level 1
9431,57,,,,,3,18965,88,3,13,2,2,2,1,70,,1,48,4,1,2,2,27,2,,,High,New,0,1,0,Level 4
9432,23,,,,,4,9513,81,7,7,5,4,4,4,96,,7,51,15,4,3,3,23,3,,Very High,High,Senior,1,0,1,Level 2
9433,49,,,,,3,3893,67,22,7,9,2,1,2,62,,8,40,10,2,1,3,39,1,,Medium,Normal,,1,0,0,Level 1
9434,39,,,,,3,10400,79,17,1,0,2,2,4,85,,3,53,18,3,1,3,47,2,,Very High,High,,1,0,1,Level 2
9435,22,,,,,2,3123,44,28,11,6,1,2,1,94,,1,43,18,2,2,2,46,2,,Medium,Normal,,1,0,0,Level 1
9436,42,,,,,3,19631,80,29,7,8,4,1,4,24,,8,31,8,4,3,3,13,4,,,Low,,1,0,1,Level 4
9437,37,,,,,1,4405,29,6,12,4,2,1,1,87,,7,47,9,3,1,1,44,3,,Medium,High,Senior,1,0,0,Level 1
9438,45,,,,,2,10103,89,16,13,8,1,5,1,59,,9,42,12,4,2,3,47,2,,Very High,Normal,,1,0,0,Level 2
9439,55,,,,,5,14121,84,28,5,7,3,2,2,31,,5,53,11,3,1,4,15,1,,,High,,1,1,0,Level 3
9440,27,,,,,4,5527,84,5,5,7,3,1,4,22,,5,46,8,1,4,4,16,4,,Medium,High,Experienced,1,0,1,Level 1
9441,36,,,,,4,19337,71,22,12,5,4,2,1,93,,8,54,5,2,3,2,39,3,,,High,,1,0,0,Level 4
9442,50,,,,,5,19852,39,24,2,2,2,1,2,35,,8,32,0,4,1,1,42,4,,,Low,,1,1,0,Level 4
9443,56,,,,,3,9509,37,17,6,3,3,3,1,40,,2,46,16,4,1,3,48,4,,Very High,High,,1,1,0,Level 2
9444,52,,,,,1,9901,26,29,4,0,3,3,2,14,,4,30,13,3,2,1,44,4,,Very High,Low,,1,1,0,Level 2
9445,46,,,,,1,14018,62,11,7,5,3,3,1,50,,4,52,18,4,4,1,26,4,,,High,Expert,1,0,0,Level 3
9446,23,,,,,1,8021,24,22,13,6,4,2,1,25,,2,31,7,4,1,3,44,4,,High,Low,,1,0,0,Level 2
9447,41,,,,,1,11530,31,12,2,9,2,2,3,62,,8,47,9,1,4,2,26,2,,Very High,High,,1,0,0,Level 3
9448,45,,,,,3,6697,66,12,8,8,2,2,3,6,,2,31,18,4,2,2,7,2,,High,Low,,1,0,0,Level 1
9449,51,,,,,5,17429,16,4,5,4,4,4,2,93,,3,31,19,3,3,4,1,2,,,Low,Experienced,0,1,0,Level 4
9450,43,,,,,5,6833,74,9,8,1,1,3,2,24,,9,54,13,1,4,2,9,3,,High,High,Expert,1,0,0,Level 1
9451,54,,,,,4,7450,71,14,7,6,4,1,2,22,,4,35,18,2,3,1,8,1,,High,Low,,1,1,0,Level 2
9452,56,,,,,5,13244,95,12,3,6,4,5,4,26,,4,51,15,1,3,1,23,4,,,High,,1,1,1,Level 3
9453,51,,,,,1,19629,87,10,9,4,3,4,2,36,,3,39,16,2,1,2,49,3,,,Normal,Expert,1,1,0,Level 4
9454,26,,,,,3,18097,61,8,9,1,1,2,3,94,,7,47,12,3,2,4,15,3,,,High,Expert,1,0,0,Level 4
9455,52,,,,,2,10036,85,23,13,6,1,3,2,28,,9,59,8,2,3,2,18,2,,Very High,High,,1,1,0,Level 2
9456,50,,,,,2,11635,27,3,2,0,4,4,2,80,,3,33,19,4,2,1,44,1,,Very High,Low,New,0,1,0,Level 3
9457,31,,,,,1,11478,88,27,3,5,3,3,1,70,,8,59,6,1,4,2,19,3,,Very High,High,,1,0,0,Level 3
9458,30,,,,,4,14800,36,13,11,5,4,1,4,48,,8,35,6,2,1,1,49,3,,,Low,,1,0,1,Level 3
9459,43,,,,,2,19229,42,16,14,5,1,5,2,67,,8,58,13,2,1,2,39,2,,,High,,1,0,0,Level 4
9460,27,,,,,1,9839,69,25,10,2,2,4,3,98,,1,51,3,2,1,1,49,4,,Very High,High,,1,0,0,Level 2
9461,51,,,,,3,12040,64,13,10,2,3,5,4,17,,5,51,8,3,1,1,26,4,,,High,,1,1,1,Level 3
9462,57,,,,,2,3334,92,13,11,0,3,4,2,39,,3,49,18,1,4,2,12,4,,Medium,High,,1,1,0,Level 1
9463,41,,,,,1,5566,33,19,1,3,3,3,4,48,,9,54,11,4,3,1,37,2,,Medium,High,,1,0,1,Level 1
9464,53,,,,,2,14878,15,22,1,6,4,2,1,68,,7,39,3,3,3,4,36,3,,,Normal,,1,1,0,Level 3
9465,38,,,,,3,4330,82,18,3,0,2,3,4,32,,4,52,1,2,3,2,7,4,,Medium,High,,1,0,1,Level 1
9466,39,,,,,5,13392,70,8,12,9,1,2,1,6,,1,46,5,3,2,1,9,3,,,High,Expert,1,0,0,Level 3
9467,33,,,,,5,4773,28,1,3,9,2,2,2,42,,6,45,6,3,2,3,31,3,,Medium,Normal,New,0,0,0,Level 1
9468,52,,,,,3,6753,78,17,5,1,1,2,3,50,,1,53,5,3,3,3,38,3,,High,High,,1,1,0,Level 1
9469,29,,,,,3,7506,83,24,6,9,2,3,1,60,,4,32,6,1,4,1,22,2,,High,Low,,1,0,0,Level 2
9470,35,,,,,5,4444,98,9,4,1,2,3,4,85,,4,30,4,3,2,1,43,3,,Medium,Low,Expert,1,0,1,Level 1
9471,23,,,,,3,17646,36,10,10,4,3,5,1,43,,8,49,11,2,4,2,12,1,,,High,Expert,1,0,0,Level 4
9472,46,,,,,3,9630,58,9,11,7,2,4,3,89,,9,49,13,1,4,2,34,3,,Very High,High,Expert,1,0,0,Level 2
9473,47,,,,,3,3567,63,12,7,4,2,2,1,90,,7,58,7,3,1,4,40,1,,Medium,High,,1,0,0,Level 1
9474,35,,,,,5,7764,50,24,3,0,1,1,2,0,,3,44,13,2,4,1,2,3,,High,Normal,,1,0,0,Level 2
9475,52,,,,,5,8807,83,10,4,0,1,1,2,12,,1,47,14,1,4,4,44,4,,High,High,Expert,1,1,0,Level 2
9476,38,,,,,2,3045,48,29,11,4,2,2,1,9,,9,57,16,4,3,2,32,3,,Medium,High,,1,0,0,Level 1
9477,40,,,,,5,14044,51,8,5,1,3,4,3,22,,2,45,17,4,3,2,1,2,,,Normal,Expert,1,0,0,Level 3
9478,41,,,,,2,12730,65,4,8,2,3,3,4,75,,7,45,15,3,3,3,25,2,,,Normal,Experienced,0,0,1,Level 3
9479,28,,,,,5,16526,51,24,9,1,1,5,1,46,,7,57,15,1,1,4,4,4,,,High,,1,0,0,Level 4
9480,28,,,,,4,9220,39,14,3,8,4,1,4,14,,8,54,5,2,2,1,38,4,,Very High,High,,1,0,1,Level 2
9481,28,,,,,2,9128,19,29,1,4,1,4,3,11,,2,40,5,3,3,1,45,1,,Very High,Normal,,1,0,0,Level 2
9482,46,,,,,3,8350,22,7,2,0,3,3,1,23,,2,44,4,2,4,4,4,2,,High,Normal,Senior,1,0,0,Level 2
9483,36,,,,,4,17385,67,25,2,2,4,2,2,31,,3,47,4,2,4,4,9,1,,,High,,1,0,0,Level 4
9484,27,,,,,5,3660,41,10,3,7,1,3,3,89,,5,50,17,2,4,3,18,4,,Medium,High,Expert,1,0,0,Level 1
9485,35,,,,,5,9250,75,24,2,3,1,3,4,15,,6,45,7,1,3,4,41,4,,Very High,Normal,,1,0,1,Level 2
9486,37,,,,,4,10966,79,28,11,7,4,3,2,98,,3,43,14,4,2,2,48,1,,Very High,Normal,,1,0,0,Level 2
9487,52,,,,,1,17833,98,10,1,0,1,5,1,79,,3,34,9,1,2,3,11,3,,,Low,Expert,1,1,0,Level 4
9488,20,,,,,3,12222,85,15,12,7,3,1,3,17,,6,56,2,2,2,1,6,3,,,High,,1,0,0,Level 3
9489,31,,,,,2,3978,59,15,11,9,4,1,1,17,,1,43,17,4,3,1,16,1,,Medium,Normal,,1,0,0,Level 1
9490,25,,,,,4,8461,17,2,6,8,3,5,4,53,,2,35,0,2,4,1,8,2,,High,Low,New,0,0,1,Level 2
9491,24,,,,,2,15599,75,24,7,6,2,4,1,79,,3,48,16,2,2,1,19,4,,,High,,1,0,0,Level 3
9492,35,,,,,5,14988,64,16,12,2,1,3,1,14,,7,52,9,2,1,4,5,3,,,High,,1,0,0,Level 3
9493,37,,,,,1,4724,62,24,1,1,2,2,4,86,,1,45,14,1,4,3,40,1,,Medium,Normal,,1,0,1,Level 1
9494,37,,,,,1,9220,87,10,9,0,2,5,1,98,,7,34,5,3,1,3,26,3,,Very High,Low,Expert,1,0,0,Level 2
9495,20,,,,,2,16253,61,29,7,9,2,3,3,6,,3,43,12,3,3,4,25,3,,,Normal,,1,0,0,Level 4
9496,38,,,,,5,5331,28,26,12,9,1,3,2,7,,6,59,2,3,4,1,25,1,,Medium,High,,1,0,0,Level 1
9497,27,,,,,1,19031,33,25,14,6,4,1,4,68,,2,35,11,1,4,2,9,4,,,Low,,1,0,1,Level 4
9498,22,,,,,3,17817,76,15,11,0,3,5,4,92,,2,44,16,3,3,1,35,2,,,Normal,,1,0,1,Level 4
9499,44,,,,,5,6829,20,28,4,5,1,2,1,27,,8,56,4,4,2,1,1,4,,High,High,,1,0,0,Level 1
9500,24,,,,,4,9751,21,19,3,0,3,5,1,29,,2,41,16,2,1,3,47,4,,Very High,Normal,,1,0,0,Level 2
9501,59,,,,,4,5115,27,24,6,9,4,2,3,25,,1,35,12,3,1,1,2,4,,Medium,Low,,1,1,0,Level 1
9502,38,,,,,4,5125,60,24,3,3,1,3,4,12,,4,36,15,1,3,3,44,1,,Medium,Normal,,1,0,1,Level 1
9503,37,,,,,3,6217,47,10,4,4,3,2,3,40,,4,36,19,1,2,2,42,1,,High,Normal,Expert,1,0,0,Level 1
9504,50,,,,,5,11266,55,20,9,0,2,3,1,16,,6,49,16,3,4,1,25,3,,Very High,High,,1,1,0,Level 2
9505,52,,,,,2,11705,87,15,5,7,1,2,4,45,,6,46,9,1,1,3,36,2,,Very High,High,,1,1,1,Level 3
9506,37,,,,,2,10836,93,21,10,6,3,1,2,44,,8,46,4,3,3,2,36,2,,Very High,High,,1,0,0,Level 2
9507,58,,,,,5,16398,83,29,5,0,2,5,1,97,,1,30,5,3,1,2,12,4,,,Low,,1,1,0,Level 4
9508,35,,,,,3,16888,43,2,9,4,4,1,3,92,,5,48,8,1,2,1,29,4,,,High,New,0,0,0,Level 4
9509,35,,,,,5,16353,21,14,2,3,2,4,1,60,,8,42,16,3,3,4,12,1,,,Normal,,1,0,0,Level 4
9510,57,,,,,2,7229,68,15,7,0,2,5,4,6,,8,31,14,2,1,2,13,1,,High,Low,,1,1,1,Level 2
9511,26,,,,,5,17928,25,22,7,3,2,5,4,77,,6,44,5,4,3,1,11,3,,,Normal,,1,0,1,Level 4
9512,33,,,,,4,17187,56,10,6,3,3,2,4,35,,6,41,5,3,3,2,7,4,,,Normal,Expert,1,0,1,Level 4
9513,44,,,,,5,13931,97,9,14,5,3,3,3,15,,4,42,6,1,1,2,39,3,,,Normal,Expert,1,0,0,Level 3
9514,51,,,,,1,14068,19,19,4,3,4,2,1,14,,1,34,0,3,2,1,22,1,,,Low,,1,1,0,Level 3
9515,57,,,,,5,14383,61,6,7,4,2,5,2,39,,6,50,11,1,2,3,9,3,,,High,Senior,1,1,0,Level 3
9516,41,,,,,2,19257,16,8,13,9,2,1,4,70,,9,34,4,3,3,3,39,2,,,Low,Expert,1,0,1,Level 4
9517,35,,,,,2,6406,57,2,3,2,2,3,1,35,,8,32,11,3,1,2,32,3,,High,Low,New,0,0,0,Level 1
9518,48,,,,,2,15357,18,26,9,6,2,2,3,96,,1,33,4,2,1,3,14,1,,,Low,,1,0,0,Level 3
9519,35,,,,,4,11625,95,1,1,2,2,1,3,44,,7,42,2,3,1,3,29,4,,Very High,Normal,New,0,0,0,Level 3
9520,31,,,,,2,18762,77,13,6,4,1,2,3,57,,9,39,6,2,2,3,35,2,,,Normal,,1,0,0,Level 4
9521,36,,,,,1,4629,73,6,1,1,4,5,4,42,,7,50,2,2,4,2,42,2,,Medium,High,Senior,1,0,1,Level 1
9522,56,,,,,5,14925,44,3,6,9,3,2,1,69,,1,44,3,3,4,1,12,1,,,Normal,New,0,1,0,Level 3
9523,46,,,,,3,18746,16,29,5,9,3,1,3,0,,3,48,4,2,1,2,31,4,,,High,,1,0,0,Level 4
9524,44,,,,,2,6707,88,2,11,7,1,1,1,86,,2,51,9,1,3,3,38,3,,High,High,New,0,0,0,Level 1
9525,32,,,,,5,11258,57,27,5,3,3,1,3,63,,8,37,3,3,3,3,35,1,,Very High,Normal,,1,0,0,Level 2
9526,27,,,,,4,11859,32,10,11,0,2,2,2,34,,8,51,7,3,4,2,15,1,,Very High,High,Expert,1,0,0,Level 3
9527,24,,,,,5,15160,38,8,10,1,3,5,3,38,,7,52,8,4,4,3,16,1,,,High,Expert,1,0,0,Level 3
9528,31,,,,,2,19533,51,9,12,6,2,4,3,5,,2,43,11,1,2,4,19,1,,,Normal,Expert,1,0,0,Level 4
9529,22,,,,,2,16740,44,7,6,6,4,4,1,9,,3,32,15,1,1,2,16,4,,,Low,Senior,1,0,0,Level 4
9530,54,,,,,2,7710,83,25,8,1,3,4,2,14,,9,47,19,1,1,3,29,2,,High,High,,1,1,0,Level 2
9531,52,,,,,1,16929,73,29,9,7,1,3,3,68,,1,31,9,4,2,1,29,1,,,Low,,1,1,0,Level 4
9532,41,,,,,5,17130,37,28,3,0,3,5,3,11,,3,30,17,3,1,3,29,2,,,Low,,1,0,0,Level 4
9533,28,,,,,3,3539,44,13,5,3,2,5,3,31,,5,36,15,1,4,2,30,3,,Medium,Normal,,1,0,0,Level 1
9534,37,,,,,1,4821,82,7,14,7,1,3,4,54,,9,30,9,1,3,2,21,4,,Medium,Low,Senior,1,0,1,Level 1
9535,48,,,,,3,18847,55,19,14,4,2,4,1,68,,2,30,16,3,2,3,25,4,,,Low,,1,0,0,Level 4
9536,58,,,,,2,18367,65,1,6,7,4,4,4,41,,9,57,4,3,1,4,8,1,,,High,New,0,1,1,Level 4
9537,46,,,,,3,11666,81,13,13,7,3,3,4,1,,2,46,5,3,2,4,14,1,,Very High,High,,1,0,1,Level 3
9538,55,,,,,3,13904,29,17,1,8,4,1,4,40,,4,42,9,2,1,2,18,3,,,Normal,,1,1,1,Level 3
9539,36,,,,,1,5618,70,12,1,0,4,5,3,96,,6,30,17,4,1,3,8,4,,Medium,Low,,1,0,0,Level 1
9540,53,,,,,1,10372,79,21,1,0,1,4,2,41,,4,56,16,1,1,1,32,3,,Very High,High,,1,1,0,Level 2
9541,22,,,,,5,14430,88,25,2,8,2,4,2,5,,8,55,14,2,4,3,39,2,,,High,,1,0,0,Level 3
9542,24,,,,,3,18686,69,26,4,6,3,3,2,25,,2,35,15,2,2,3,34,4,,,Low,,1,0,0,Level 4
9543,33,,,,,1,18219,90,14,6,8,1,2,4,89,,2,48,11,4,1,1,49,3,,,High,,1,0,1,Level 4
9544,22,,,,,5,10893,79,16,3,1,3,5,3,71,,3,47,13,4,4,1,15,2,,Very High,High,,1,0,0,Level 2
9545,42,,,,,3,18141,16,12,9,7,4,5,3,88,,1,32,1,3,4,1,18,4,,,Low,,1,0,0,Level 4
9546,58,,,,,3,8598,25,22,3,0,1,5,2,22,,9,58,0,1,1,4,12,2,,High,High,,1,1,0,Level 2
9547,49,,,,,2,13995,90,16,13,3,4,1,2,37,,9,53,3,2,4,3,14,3,,,High,,1,0,0,Level 3
9548,42,,,,,1,15565,56,2,4,7,3,2,2,16,,8,40,0,3,4,4,39,3,,,Normal,New,0,0,0,Level 3
9549,46,,,,,4,16502,17,22,4,3,4,5,2,57,,8,55,5,4,3,3,19,2,,,High,,1,0,0,Level 4
9550,29,,,,,1,13906,55,27,11,2,4,1,3,50,,7,33,19,2,4,1,19,2,,,Low,,1,0,0,Level 3
9551,44,,,,,2,16332,63,20,5,6,1,1,4,79,,2,36,19,1,4,4,38,3,,,Normal,,1,0,1,Level 4
9552,32,,,,,5,19942,97,25,5,4,4,1,1,44,,5,47,5,3,2,3,47,1,,,High,,1,0,0,Level 4
9553,35,,,,,1,8769,96,26,2,0,4,5,3,90,,9,55,10,2,3,3,38,4,,High,High,,1,0,0,Level 2
9554,53,,,,,3,5331,51,19,6,3,2,5,2,88,,7,31,12,4,2,3,4,2,,Medium,Low,,1,1,0,Level 1
9555,56,,,,,4,16031,21,7,9,3,3,3,3,95,,6,36,8,3,3,3,28,3,,,Normal,Senior,1,1,0,Level 4
9556,41,,,,,5,9824,52,26,5,0,3,3,1,24,,4,31,19,4,2,3,26,3,,Very High,Low,,1,0,0,Level 2
9557,36,,,,,1,7836,72,12,1,9,4,2,2,31,,9,32,4,1,4,1,21,4,,High,Low,,1,0,0,Level 2
9558,42,,,,,5,13097,19,14,9,4,3,3,1,18,,5,46,16,4,2,1,36,4,,,High,,1,0,0,Level 3
9559,55,,,,,3,18801,75,24,7,1,1,5,4,59,,7,33,18,2,1,2,16,1,,,Low,,1,1,1,Level 4
9560,28,,,,,4,5792,97,18,7,7,1,3,3,85,,7,38,2,1,2,3,2,4,,Medium,Normal,,1,0,0,Level 1
9561,21,,,,,3,3416,91,26,11,8,3,2,3,82,,2,56,19,3,2,3,17,3,,Medium,High,,1,0,0,Level 1
9562,51,,,,,4,14805,53,7,6,1,1,5,4,10,,8,41,1,4,1,4,1,4,,,Normal,Senior,1,1,1,Level 3
9563,41,,,,,5,16453,42,5,1,9,2,4,1,85,,4,55,12,3,3,1,27,2,,,High,Experienced,1,0,0,Level 4
9564,32,,,,,1,15403,71,1,11,9,4,4,2,83,,6,35,11,4,1,2,42,4,,,Low,New,0,0,0,Level 3
9565,27,,,,,4,14370,16,7,7,3,3,4,2,46,,9,37,14,4,3,4,7,4,,,Normal,Senior,1,0,0,Level 3
9566,20,,,,,3,4569,84,16,4,1,2,2,2,79,,5,45,13,3,1,4,17,4,,Medium,Normal,,1,0,0,Level 1
9567,36,,,,,4,14441,93,26,5,4,3,2,1,42,,8,36,10,1,4,3,2,2,,,Normal,,1,0,0,Level 3
9568,31,,,,,5,11489,42,24,7,6,3,5,3,74,,5,37,16,3,1,3,1,2,,Very High,Normal,,1,0,0,Level 3
9569,23,,,,,5,6232,51,29,3,4,3,4,2,5,,7,56,15,3,3,4,39,2,,High,High,,1,0,0,Level 1
9570,32,,,,,5,11973,69,16,2,4,2,1,4,60,,1,30,1,3,2,4,44,2,,Very High,Low,,1,0,1,Level 3
9571,50,,,,,1,6032,96,17,11,1,1,3,3,66,,8,46,15,2,4,1,18,1,,High,High,,1,1,0,Level 1
9572,26,,,,,5,7507,15,4,1,2,2,4,3,61,,9,57,16,4,2,1,31,3,,High,High,Experienced,0,0,0,Level 2
9573,42,,,,,1,19361,17,16,8,5,2,4,1,18,,4,37,8,2,3,3,15,2,,,Normal,,1,0,0,Level 4
9574,43,,,,,2,11614,85,4,8,5,2,4,4,73,,1,51,2,1,2,1,35,4,,Very High,High,Experienced,0,0,1,Level 3
9575,24,,,,,4,12309,99,5,7,0,4,4,4,31,,9,39,1,2,2,2,15,4,,,Normal,Experienced,1,0,1,Level 3
9576,24,,,,,3,7638,28,5,10,0,3,5,3,84,,5,51,11,1,2,1,42,1,,High,High,Experienced,1,0,0,Level 2
9577,36,,,,,1,10629,62,20,14,9,4,3,3,30,,3,37,0,1,4,1,11,4,,Very High,Normal,,1,0,0,Level 2
9578,49,,,,,1,14077,51,11,9,8,1,4,3,69,,1,57,17,1,2,3,17,1,,,High,Expert,1,0,0,Level 3
9579,28,,,,,3,5265,17,14,10,1,1,5,2,3,,2,49,17,2,3,2,2,2,,Medium,High,,1,0,0,Level 1
9580,25,,,,,4,6648,63,17,11,1,1,4,3,34,,8,30,16,1,4,3,27,4,,High,Low,,1,0,0,Level 1
9581,44,,,,,5,3420,70,9,1,8,1,1,2,12,,6,36,13,1,3,3,10,1,,Medium,Normal,Expert,1,0,0,Level 1
9582,38,,,,,4,10473,74,21,3,4,2,5,2,38,,9,47,10,1,4,1,35,4,,Very High,High,,1,0,0,Level 2
9583,35,,,,,1,18609,27,17,5,5,4,1,1,75,,4,52,7,4,1,2,8,4,,,High,,1,0,0,Level 4
9584,40,,,,,5,9572,67,19,14,2,4,4,2,86,,4,37,4,4,3,2,7,3,,Very High,Normal,,1,0,0,Level 2
9585,21,,,,,2,3314,64,1,2,6,1,3,2,57,,3,58,1,3,1,2,5,3,,Medium,High,New,0,0,0,Level 1
9586,29,,,,,3,9233,33,13,7,1,4,5,1,2,,7,51,11,3,3,2,9,3,,Very High,High,,1,0,0,Level 2
9587,35,,,,,4,19211,40,23,12,4,4,1,3,16,,1,43,2,2,3,1,10,2,,,Normal,,1,0,0,Level 4
9588,56,,,,,5,5617,67,26,6,3,4,1,3,57,,1,39,10,4,1,3,26,3,,Medium,Normal,,1,1,0,Level 1
9589,34,,,,,3,19483,71,10,12,7,4,3,2,85,,4,47,2,2,4,1,25,3,,,High,Expert,1,0,0,Level 4
9590,32,,,,,4,12003,52,29,11,1,4,5,1,45,,3,52,15,3,3,3,8,1,,,High,,1,0,0,Level 3
9591,32,,,,,1,14724,23,10,10,0,2,2,1,28,,1,43,5,4,2,4,47,1,,,Normal,Expert,1,0,0,Level 3
9592,51,,,,,1,12613,60,7,2,1,2,1,1,90,,8,54,1,3,2,1,30,4,,,High,Senior,1,1,0,Level 3
9593,27,,,,,1,7043,18,6,8,1,4,5,3,6,,4,39,16,2,4,1,30,4,,High,Normal,Senior,1,0,0,Level 1
9594,37,,,,,2,14454,85,25,3,7,4,2,4,50,,3,46,13,3,3,1,10,2,,,High,,1,0,1,Level 3
9595,55,,,,,1,4013,96,7,4,0,4,5,1,67,,1,35,17,1,1,3,45,3,,Medium,Low,Senior,1,1,0,Level 1
9596,45,,,,,1,7389,64,5,14,0,1,4,1,63,,3,36,8,2,2,2,44,4,,High,Normal,Experienced,1,0,0,Level 2
9597,29,,,,,1,3245,84,7,5,9,1,1,2,10,,3,49,0,1,3,4,11,2,,Medium,High,Senior,1,0,0,Level 1
9598,50,,,,,5,15259,19,15,6,0,4,2,1,96,,2,52,19,1,3,1,46,2,,,High,,1,1,0,Level 3
9599,52,,,,,3,6520,84,29,12,2,2,3,1,34,,1,48,17,4,3,3,45,2,,High,High,,1,1,0,Level 1
9600,48,,,,,2,6239,48,29,9,4,1,3,2,58,,5,39,19,1,3,3,39,3,,High,Normal,,1,0,0,Level 1
9601,24,,,,,4,12831,79,10,12,7,3,4,3,27,,1,43,11,1,4,2,2,4,,,Normal,Expert,1,0,0,Level 3
9602,32,,,,,2,13840,32,20,9,7,1,4,1,81,,3,58,16,1,1,1,23,4,,,High,,1,0,0,Level 3
9603,20,,,,,3,6595,41,26,9,9,1,2,1,5,,5,38,9,3,1,1,5,4,,High,Normal,,1,0,0,Level 1
9604,42,,,,,1,17936,24,13,8,4,3,1,3,86,,1,46,3,4,1,3,1,1,,,High,,1,0,0,Level 4
9605,59,,,,,1,10833,16,9,5,4,4,1,4,97,,8,42,15,3,1,3,32,4,,Very High,Normal,Expert,1,1,1,Level 2
9606,22,,,,,4,13275,97,6,5,6,1,3,2,15,,1,33,10,1,4,2,47,1,,,Low,Senior,1,0,0,Level 3
9607,22,,,,,2,9349,75,20,14,0,1,4,4,86,,9,37,0,2,1,1,49,2,,Very High,Normal,,1,0,1,Level 2
9608,26,,,,,2,16805,36,21,4,0,4,3,1,34,,8,59,2,4,4,1,30,2,,,High,,1,0,0,Level 4
9609,55,,,,,4,13913,24,24,14,0,1,2,2,5,,5,48,14,3,3,3,26,3,,,High,,1,1,0,Level 3
9610,54,,,,,2,12178,73,7,7,7,1,3,1,87,,2,51,12,1,2,3,38,4,,,High,Senior,1,1,0,Level 3
9611,34,,,,,2,13662,26,6,11,7,4,3,1,14,,9,48,9,2,4,2,9,2,,,High,Senior,1,0,0,Level 3
9612,59,,,,,2,5252,77,16,4,3,1,4,2,8,,6,31,5,3,1,4,12,1,,Medium,Low,,1,1,0,Level 1
9613,22,,,,,4,7252,29,2,5,4,4,4,1,45,,3,41,4,2,1,1,7,4,,High,Normal,New,0,0,0,Level 2
9614,48,,,,,4,3298,77,15,14,6,1,1,1,7,,3,53,12,3,2,3,29,3,,Medium,High,,1,0,0,Level 1
9615,49,,,,,3,19402,79,3,9,5,4,1,3,32,,1,49,13,3,1,4,43,3,,,High,New,0,0,0,Level 4
9616,58,,,,,2,12714,52,13,7,1,3,1,3,25,,3,54,18,4,4,1,8,4,,,High,,1,1,0,Level 3
9617,37,,,,,3,18649,20,17,9,6,1,3,1,16,,9,52,1,4,3,3,4,4,,,High,,1,0,0,Level 4
9618,30,,,,,5,4298,20,19,8,1,3,3,2,94,,6,52,13,3,1,3,30,3,,Medium,High,,1,0,0,Level 1
9619,57,,,,,5,19759,52,11,11,3,2,5,1,10,,3,55,16,2,2,4,23,1,,,High,Expert,1,1,0,Level 4
9620,59,,,,,2,4382,62,2,12,3,2,2,4,25,,1,52,10,2,2,3,29,2,,Medium,High,New,0,1,1,Level 1
9621,20,,,,,1,8600,29,10,3,4,3,5,1,67,,1,45,19,4,1,2,48,1,,High,Normal,Expert,1,0,0,Level 2
9622,48,,,,,5,12499,86,12,3,0,1,2,3,71,,6,42,7,1,3,2,39,1,,,Normal,,1,0,0,Level 3
9623,29,,,,,1,14370,43,13,12,2,3,4,1,87,,8,49,18,4,2,2,49,3,,,High,,1,0,0,Level 3
9624,47,,,,,3,17124,16,6,2,7,3,3,4,86,,6,56,10,4,3,2,12,1,,,High,Senior,1,0,1,Level 4
9625,50,,,,,2,11674,89,4,12,5,4,5,2,77,,1,57,13,4,2,1,12,4,,Very High,High,Experienced,0,1,0,Level 3
9626,38,,,,,3,18591,87,12,3,2,3,3,4,38,,2,30,13,2,1,3,18,3,,,Low,,1,0,1,Level 4
9627,22,,,,,3,8163,30,27,14,1,3,5,3,82,,2,57,8,2,1,3,21,1,,High,High,,1,0,0,Level 2
9628,55,,,,,4,12110,72,26,10,5,4,1,3,65,,7,42,5,4,2,2,27,3,,,Normal,,1,1,0,Level 3
9629,34,,,,,2,13382,48,15,14,2,4,2,2,67,,6,44,11,1,3,4,19,1,,,Normal,,1,0,0,Level 3
9630,52,,,,,4,11095,57,19,3,6,4,1,4,51,,4,32,6,3,4,3,4,3,,Very High,Low,,1,1,1,Level 2
9631,45,,,,,3,19086,38,8,3,6,3,3,4,10,,2,55,15,2,3,4,20,3,,,High,Expert,1,0,1,Level 4
9632,35,,,,,1,16523,39,5,11,1,1,4,4,95,,2,55,6,1,1,2,16,3,,,High,Experienced,1,0,1,Level 4
9633,55,,,,,2,8918,55,4,6,3,2,4,4,82,,2,33,18,3,3,3,6,3,,High,Low,Experienced,0,1,1,Level 2
9634,52,,,,,2,17138,47,28,9,2,3,1,1,88,,6,45,2,4,4,4,22,1,,,Normal,,1,1,0,Level 4
9635,39,,,,,5,4734,57,13,12,7,1,5,4,49,,6,54,5,1,2,4,24,1,,Medium,High,,1,0,1,Level 1
9636,32,,,,,1,4536,31,6,13,7,4,1,2,51,,7,47,7,3,2,2,39,3,,Medium,High,Senior,1,0,0,Level 1
9637,52,,,,,1,12741,21,20,7,3,3,4,2,49,,2,40,9,3,2,1,37,3,,,Normal,,1,1,0,Level 3
9638,24,,,,,3,4245,73,16,7,3,3,1,1,61,,9,37,13,4,4,1,32,2,,Medium,Normal,,1,0,0,Level 1
9639,56,,,,,3,5533,41,10,7,5,3,2,3,54,,3,37,9,4,4,1,33,3,,Medium,Normal,Expert,1,1,0,Level 1
9640,33,,,,,3,6526,50,26,1,5,4,1,3,32,,9,46,16,2,2,2,7,2,,High,High,,1,0,0,Level 1
9641,46,,,,,5,12323,33,28,4,5,4,5,2,52,,6,46,5,1,3,3,41,1,,,High,,1,0,0,Level 3
9642,42,,,,,1,15657,29,5,9,1,2,3,2,12,,7,33,19,3,4,3,29,1,,,Low,Experienced,1,0,0,Level 3
9643,33,,,,,4,17965,84,15,4,7,4,1,1,56,,9,36,4,1,2,2,30,2,,,Normal,,1,0,0,Level 4
9644,59,,,,,1,18868,71,11,7,6,4,2,1,51,,2,46,13,3,1,4,19,1,,,High,Expert,1,1,0,Level 4
9645,23,,,,,4,15641,83,20,2,1,4,5,3,2,,8,43,1,4,4,2,13,3,,,Normal,,1,0,0,Level 3
9646,58,,,,,2,14196,67,9,6,7,4,2,1,14,,3,50,14,2,1,3,22,1,,,High,Expert,1,1,0,Level 3
9647,38,,,,,4,12853,83,18,5,0,1,5,4,93,,2,37,1,1,2,1,39,4,,,Normal,,1,0,1,Level 3
9648,23,,,,,2,12862,16,1,10,9,1,4,2,99,,8,34,4,2,1,2,29,1,,,Low,New,0,0,0,Level 3
9649,49,,,,,3,18672,32,23,2,6,3,4,2,74,,1,51,6,3,1,1,42,2,,,High,,1,0,0,Level 4
9650,38,,,,,1,11178,46,9,12,5,1,3,2,67,,2,46,9,1,1,2,18,4,,Very High,High,Expert,1,0,0,Level 2
9651,50,,,,,3,4087,43,9,11,8,4,3,3,27,,4,49,18,2,1,2,8,2,,Medium,High,Expert,1,1,0,Level 1
9652,50,,,,,1,17593,63,15,14,2,4,5,3,38,,8,37,3,1,1,1,7,1,,,Normal,,1,1,0,Level 4
9653,28,,,,,4,6489,98,4,3,8,2,2,2,55,,5,35,18,4,1,3,37,1,,High,Low,Experienced,0,0,0,Level 1
9654,32,,,,,1,15569,97,4,3,4,4,2,1,29,,1,32,12,3,3,3,34,2,,,Low,Experienced,0,0,0,Level 3
9655,33,,,,,4,11011,94,1,3,4,4,1,3,47,,9,58,3,3,2,4,41,3,,Very High,High,New,0,0,0,Level 2
9656,29,,,,,1,5600,89,28,14,5,3,4,2,53,,6,47,15,4,4,4,36,3,,Medium,High,,1,0,0,Level 1
9657,50,,,,,2,5489,74,1,5,2,4,1,1,65,,2,32,8,4,1,4,10,2,,Medium,Low,New,0,1,0,Level 1
9658,56,,,,,4,9509,42,1,10,3,3,3,3,77,,7,38,17,3,2,1,40,4,,Very High,Normal,New,0,1,0,Level 2
9659,42,,,,,3,17690,41,22,9,9,4,4,2,63,,1,54,0,4,2,2,35,3,,,High,,1,0,0,Level 4
9660,46,,,,,3,14573,95,27,13,5,3,2,3,56,,1,42,13,2,1,2,5,1,,,Normal,,1,0,0,Level 3
9661,25,,,,,3,16285,22,6,7,4,3,4,4,54,,9,49,14,1,4,1,26,3,,,High,Senior,1,0,1,Level 4
9662,45,,,,,3,11030,86,11,6,9,3,3,3,82,,3,44,6,4,4,1,7,1,,Very High,Normal,Expert,1,0,0,Level 2
9663,21,,,,,2,10257,37,16,4,7,1,4,4,94,,8,49,13,1,4,3,7,1,,Very High,High,,1,0,1,Level 2
9664,32,,,,,2,14847,46,27,13,6,4,3,1,96,,5,40,0,3,3,3,12,3,,,Normal,,1,0,0,Level 3
9665,38,,,,,5,4478,29,5,5,0,4,2,4,59,,2,58,17,1,4,2,39,3,,Medium,High,Experienced,1,0,1,Level 1
9666,20,,,,,5,7484,82,10,6,5,2,5,1,73,,2,31,5,3,4,4,45,3,,High,Low,Expert,1,0,0,Level 2
9667,59,,,,,5,4331,54,28,12,4,3,4,3,67,,5,59,7,4,2,3,40,3,,Medium,High,,1,1,0,Level 1
9668,51,,,,,5,4280,71,16,8,9,4,5,1,35,,2,45,7,4,4,1,44,2,,Medium,Normal,,1,1,0,Level 1
9669,41,,,,,1,5421,61,11,9,8,2,3,2,28,,3,52,6,2,4,3,25,1,,Medium,High,Expert,1,0,0,Level 1
9670,48,,,,,4,14815,24,26,2,2,4,4,4,41,,9,46,1,4,3,4,42,3,,,High,,1,0,1,Level 3
9671,21,,,,,3,5239,70,18,8,3,3,2,4,48,,6,50,18,2,1,1,47,3,,Medium,High,,1,0,1,Level 1
9672,59,,,,,1,13079,66,22,8,3,1,4,3,76,,9,47,11,4,3,3,42,3,,,High,,1,1,0,Level 3
9673,57,,,,,2,11084,77,28,13,3,2,2,4,15,,7,54,14,3,2,2,48,1,,Very High,High,,1,1,1,Level 2
9674,30,,,,,3,11742,65,14,7,8,2,3,2,94,,1,52,19,2,4,3,6,3,,Very High,High,,1,0,0,Level 3
9675,36,,,,,4,9127,93,13,4,7,3,5,1,32,,2,41,1,4,2,3,8,1,,Very High,Normal,,1,0,0,Level 2
9676,27,,,,,4,7074,84,1,12,8,3,1,3,10,,9,40,11,3,2,1,9,2,,High,Normal,New,0,0,0,Level 1
9677,41,,,,,2,14558,23,3,9,3,2,1,1,50,,3,55,11,4,3,1,1,4,,,High,New,0,0,0,Level 3
9678,23,,,,,3,8653,55,15,7,2,4,4,1,61,,8,58,5,2,1,4,39,3,,High,High,,1,0,0,Level 2
9679,30,,,,,5,8933,54,29,5,4,1,5,4,89,,7,33,8,1,4,1,9,1,,High,Low,,1,0,1,Level 2
9680,27,,,,,3,16763,30,12,4,1,4,2,1,67,,6,42,2,2,3,4,33,3,,,Normal,,1,0,0,Level 4
9681,28,,,,,3,6895,39,5,6,4,3,1,3,33,,8,40,6,1,2,2,23,1,,High,Normal,Experienced,1,0,0,Level 1
9682,45,,,,,4,7440,24,16,6,1,3,5,2,37,,8,43,4,1,2,2,37,1,,High,Normal,,1,0,0,Level 2
9683,21,,,,,2,5463,44,14,9,9,4,5,1,58,,8,48,11,1,1,3,7,1,,Medium,High,,1,0,0,Level 1
9684,35,,,,,3,11812,23,10,7,1,3,3,3,71,,1,51,7,3,3,1,38,3,,Very High,High,Expert,1,0,0,Level 3
9685,50,,,,,1,9883,54,5,1,6,3,1,2,42,,7,53,18,2,4,3,14,4,,Very High,High,Experienced,1,1,0,Level 2
9686,25,,,,,1,4777,71,27,4,9,2,3,1,49,,8,51,14,4,2,1,17,3,,Medium,High,,1,0,0,Level 1
9687,40,,,,,2,6880,60,7,4,3,2,5,2,29,,2,55,13,3,4,3,33,1,,High,High,Senior,1,0,0,Level 1
9688,45,,,,,5,16670,21,21,5,5,4,1,2,19,,4,48,15,4,2,2,39,3,,,High,,1,0,0,Level 4
9689,38,,,,,3,16166,57,16,5,8,3,2,4,79,,6,59,1,2,1,1,6,4,,,High,,1,0,1,Level 4
9690,47,,,,,3,17858,62,29,10,9,3,4,2,14,,4,48,7,2,3,2,15,4,,,High,,1,0,0,Level 4
9691,27,,,,,4,17430,90,26,4,2,1,5,2,3,,2,50,13,3,3,2,44,4,,,High,,1,0,0,Level 4
9692,33,,,,,3,19515,71,15,3,0,3,2,3,99,,2,39,15,2,1,4,48,4,,,Normal,,1,0,0,Level 4
9693,43,,,,,5,3604,31,6,6,2,4,4,3,26,,2,32,17,4,1,2,31,3,,Medium,Low,Senior,1,0,0,Level 1
9694,56,,,,,3,7661,39,29,11,2,1,1,3,35,,2,46,1,1,2,4,39,3,,High,High,,1,1,0,Level 2
9695,45,,,,,3,14458,21,7,14,2,1,2,2,33,,7,49,16,4,4,4,48,2,,,High,Senior,1,0,0,Level 3
9696,50,,,,,4,15545,69,18,2,3,3,2,3,82,,9,48,16,1,3,4,36,3,,,High,,1,1,0,Level 3
9697,51,,,,,1,14085,33,19,12,2,4,4,1,47,,9,56,8,2,4,4,5,2,,,High,,1,1,0,Level 3
9698,21,,,,,1,9447,95,19,9,4,3,2,4,57,,6,40,11,4,4,3,38,3,,Very High,Normal,,1,0,1,Level 2
9699,44,,,,,5,5548,46,17,6,7,3,1,1,20,,3,51,14,2,1,4,29,4,,Medium,High,,1,0,0,Level 1
9700,21,,,,,2,17915,46,14,11,2,1,1,3,41,,7,57,7,1,1,4,8,3,,,High,,1,0,0,Level 4
9701,20,,,,,2,15075,40,9,5,9,2,5,2,52,,8,34,2,3,2,3,40,3,,,Low,Expert,1,0,0,Level 3
9702,55,,,,,4,4885,86,16,3,5,1,4,3,20,,9,31,2,2,2,4,31,1,,Medium,Low,,1,1,0,Level 1
9703,31,,,,,3,3338,36,10,4,0,3,3,4,24,,4,47,7,2,1,4,47,4,,Medium,High,Expert,1,0,1,Level 1
9704,28,,,,,4,8803,69,25,6,3,4,1,3,80,,5,39,2,3,1,3,30,3,,High,Normal,,1,0,0,Level 2
9705,55,,,,,1,9558,71,9,3,0,1,3,2,81,,1,31,9,4,2,4,33,1,,Very High,Low,Expert,1,1,0,Level 2
9706,47,,,,,5,3910,22,12,10,1,2,2,4,60,,5,53,0,2,3,2,32,2,,Medium,High,,1,0,1,Level 1
9707,57,,,,,2,17402,60,9,7,2,4,4,3,26,,7,47,16,4,3,3,33,3,,,High,Expert,1,1,0,Level 4
9708,52,,,,,3,16010,19,16,5,4,2,4,3,3,,2,46,8,1,2,4,39,2,,,High,,1,1,0,Level 4
9709,41,,,,,2,8500,26,16,10,8,1,1,1,59,,5,35,19,3,3,2,27,3,,High,Low,,1,0,0,Level 2
9710,44,,,,,1,7614,41,24,1,8,4,1,1,94,,9,58,3,3,3,3,1,1,,High,High,,1,0,0,Level 2
9711,37,,,,,3,3896,98,21,9,2,1,4,3,18,,3,50,19,3,4,2,20,4,,Medium,High,,1,0,0,Level 1
9712,25,,,,,1,11424,25,27,9,7,3,3,3,16,,2,48,17,3,4,4,42,4,,Very High,High,,1,0,0,Level 3
9713,37,,,,,2,5758,50,25,1,1,2,4,2,60,,5,33,18,3,1,4,31,3,,Medium,Low,,1,0,0,Level 1
9714,35,,,,,2,12016,66,23,4,8,1,5,3,33,,9,55,4,3,4,4,45,3,,,High,,1,0,0,Level 3
9715,34,,,,,1,14848,16,2,12,3,4,4,3,98,,4,53,15,1,3,2,15,4,,,High,New,0,0,0,Level 3
9716,27,,,,,3,3697,88,7,4,1,1,3,1,50,,1,31,11,1,1,1,3,4,,Medium,Low,Senior,1,0,0,Level 1
9717,32,,,,,1,19154,85,20,10,4,1,2,4,16,,6,34,9,4,3,1,4,2,,,Low,,1,0,1,Level 4
9718,26,,,,,3,3247,26,7,8,6,1,3,1,83,,9,50,1,2,2,2,43,1,,Medium,High,Senior,1,0,0,Level 1
9719,36,,,,,4,13198,69,7,2,5,3,4,3,79,,4,41,8,4,3,2,18,1,,,Normal,Senior,1,0,0,Level 3
9720,51,,,,,4,4919,94,28,7,8,3,4,3,68,,9,59,4,3,1,4,12,3,,Medium,High,,1,1,0,Level 1
9721,41,,,,,3,4611,45,19,8,6,1,2,4,97,,7,49,2,2,2,1,32,2,,Medium,High,,1,0,1,Level 1
9722,32,,,,,1,7192,46,3,3,5,4,5,1,38,,1,57,11,3,1,3,13,1,,High,High,New,0,0,0,Level 2
9723,42,,,,,3,6663,78,26,13,7,4,1,4,70,,6,47,0,4,2,3,19,4,,High,High,,1,0,1,Level 1
9724,48,,,,,2,14519,73,10,10,6,4,3,3,72,,2,34,1,1,2,1,44,4,,,Low,Expert,1,0,0,Level 3
9725,41,,,,,1,4377,39,6,3,6,3,3,1,13,,8,59,12,3,3,3,20,3,,Medium,High,Senior,1,0,0,Level 1
9726,20,,,,,3,17313,83,2,9,7,1,4,3,15,,7,30,2,3,3,4,39,1,,,Low,New,0,0,0,Level 4
9727,48,,,,,2,5863,82,28,8,5,4,3,1,23,,7,51,7,4,1,2,35,4,,Medium,High,,1,0,0,Level 1
9728,24,,,,,5,12742,58,24,1,9,1,2,1,49,,4,33,18,4,2,1,9,3,,,Low,,1,0,0,Level 3
9729,54,,,,,2,17178,57,24,2,4,2,5,3,71,,1,45,2,1,1,4,26,4,,,Normal,,1,1,0,Level 4
9730,29,,,,,3,14631,29,20,4,3,2,4,3,25,,7,35,4,1,4,2,3,4,,,Low,,1,0,0,Level 3
9731,38,,,,,1,5312,27,18,11,7,4,1,2,16,,5,53,1,4,3,2,4,1,,Medium,High,,1,0,0,Level 1
9732,56,,,,,1,11496,83,9,6,8,4,2,3,25,,5,35,12,1,2,1,13,3,,Very High,Low,Expert,1,1,0,Level 3
9733,26,,,,,4,7879,84,15,13,8,4,1,3,43,,9,51,8,4,1,4,10,1,,High,High,,1,0,0,Level 2
9734,54,,,,,3,14032,59,14,3,3,3,3,1,42,,3,41,8,1,1,4,26,2,,,Normal,,1,1,0,Level 3
9735,32,,,,,2,15125,39,9,4,8,4,3,2,56,,5,42,14,3,2,4,10,2,,,Normal,Expert,1,0,0,Level 3
9736,29,,,,,2,10842,39,2,14,1,1,5,4,2,,2,36,1,3,3,2,46,3,,Very High,Normal,New,0,0,1,Level 2
9737,21,,,,,3,11327,24,10,4,6,4,1,4,70,,5,45,19,4,2,1,30,1,,Very High,Normal,Expert,1,0,1,Level 2
9738,25,,,,,2,9631,76,4,10,3,4,2,2,68,,5,30,19,3,3,1,7,4,,Very High,Low,Experienced,0,0,0,Level 2
9739,27,,,,,5,6065,26,1,7,3,4,1,2,19,,2,39,8,2,1,2,26,3,,High,Normal,New,0,0,0,Level 1
9740,55,,,,,4,17990,81,22,7,7,3,1,3,39,,9,39,16,1,1,1,22,4,,,Normal,,1,1,0,Level 4
9741,44,,,,,1,14359,43,11,7,2,4,1,3,4,,3,52,7,1,2,1,45,4,,,High,Expert,1,0,0,Level 3
9742,59,,,,,2,10886,57,16,4,4,2,1,4,61,,1,53,8,3,4,4,42,4,,Very High,High,,1,1,1,Level 2
9743,26,,,,,5,16659,51,11,12,4,3,3,1,24,,4,35,14,3,4,1,33,3,,,Low,Expert,1,0,0,Level 4
9744,42,,,,,3,11322,83,13,5,2,1,5,1,8,,4,38,13,3,1,1,41,4,,Very High,Normal,,1,0,0,Level 2
9745,38,,,,,2,3626,25,14,4,3,3,2,2,13,,5,31,8,1,2,4,6,1,,Medium,Low,,1,0,0,Level 1
9746,41,,,,,3,19671,54,27,14,8,1,4,1,10,,3,36,5,1,4,4,11,1,,,Normal,,1,0,0,Level 4
9747,32,,,,,5,8886,77,1,9,2,2,3,3,17,,8,31,0,3,4,3,42,4,,High,Low,New,0,0,0,Level 2
9748,40,,,,,5,5103,36,28,4,9,4,3,2,84,,7,53,5,2,1,4,23,2,,Medium,High,,1,0,0,Level 1
9749,20,,,,,1,5381,29,23,1,8,2,2,4,5,,1,41,14,1,1,2,45,2,,Medium,Normal,,1,0,1,Level 1
9750,38,,,,,3,4634,23,25,8,9,3,2,1,2,,1,40,0,2,2,4,41,1,,Medium,Normal,,1,0,0,Level 1
9751,52,,,,,4,17183,84,9,13,0,3,5,3,73,,8,52,11,1,1,3,27,4,,,High,Expert,1,1,0,Level 4
9752,23,,,,,1,18145,78,27,6,4,1,4,4,20,,5,42,17,3,2,1,25,2,,,Normal,,1,0,1,Level 4
9753,22,,,,,3,18176,20,18,2,4,3,3,4,60,,2,49,4,3,4,3,40,2,,,High,,1,0,1,Level 4
9754,46,,,,,3,14447,57,29,1,8,3,5,2,72,,8,45,17,4,3,4,18,4,,,Normal,,1,0,0,Level 3
9755,54,,,,,5,16096,34,11,10,7,1,3,4,40,,8,42,11,4,4,4,31,1,,,Normal,Expert,1,1,1,Level 4
9756,47,,,,,5,15291,57,24,14,6,2,5,2,59,,7,40,0,2,4,2,5,4,,,Normal,,1,0,0,Level 3
9757,25,,,,,3,13674,76,27,14,0,3,5,3,81,,7,37,11,4,4,2,32,2,,,Normal,,1,0,0,Level 3
9758,25,,,,,5,16069,81,3,7,6,4,4,1,33,,2,34,8,4,2,3,23,4,,,Low,New,0,0,0,Level 4
9759,42,,,,,3,8513,96,21,14,1,3,1,1,77,,4,46,14,1,4,3,30,4,,High,High,,1,0,0,Level 2
9760,52,,,,,3,11032,66,4,8,8,2,3,4,66,,9,49,3,1,1,1,47,2,,Very High,High,Experienced,0,1,1,Level 2
9761,35,,,,,1,4401,88,22,14,2,1,5,4,91,,9,49,13,2,1,3,20,2,,Medium,High,,1,0,1,Level 1
9762,43,,,,,1,9744,40,11,10,8,3,5,3,77,,2,40,19,3,4,4,9,3,,Very High,Normal,Expert,1,0,0,Level 2
9763,24,,,,,4,14419,45,28,9,4,1,2,4,86,,2,44,6,1,2,2,2,2,,,Normal,,1,0,1,Level 3
9764,32,,,,,1,6570,69,28,11,3,3,1,3,75,,2,43,2,2,1,1,11,3,,High,Normal,,1,0,0,Level 1
9765,31,,,,,2,16320,82,7,4,4,4,2,3,50,,5,46,9,4,4,4,16,4,,,High,Senior,1,0,0,Level 4
9766,24,,,,,2,11851,71,9,7,1,1,1,1,80,,8,39,3,4,2,1,7,2,,Very High,Normal,Expert,1,0,0,Level 3
9767,56,,,,,5,11804,38,26,5,7,4,4,1,35,,3,48,12,3,4,4,36,3,,Very High,High,,1,1,0,Level 3
9768,50,,,,,2,19295,79,5,14,7,3,4,3,34,,9,42,15,3,3,1,27,2,,,Normal,Experienced,1,1,0,Level 4
9769,47,,,,,1,10366,40,2,2,7,1,2,4,62,,1,40,11,3,2,4,44,2,,Very High,Normal,New,0,0,1,Level 2
9770,47,,,,,4,10221,63,12,3,7,1,2,1,58,,5,43,18,3,4,4,40,4,,Very High,Normal,,1,0,0,Level 2
9771,49,,,,,3,17165,52,4,8,6,3,1,3,73,,8,51,7,1,4,1,44,3,,,High,Experienced,0,0,0,Level 4
9772,37,,,,,4,18953,50,13,10,1,3,1,2,13,,2,38,9,1,3,3,13,4,,,Normal,,1,0,0,Level 4
9773,46,,,,,1,14406,68,2,11,7,4,2,4,88,,6,57,1,2,3,2,12,3,,,High,New,0,0,1,Level 3
9774,54,,,,,1,12468,23,15,5,5,3,2,1,82,,3,51,5,4,1,1,20,3,,,High,,1,1,0,Level 3
9775,45,,,,,1,7966,56,1,3,4,3,5,3,61,,9,42,3,4,2,1,38,4,,High,Normal,New,0,0,0,Level 2
9776,58,,,,,5,16764,96,18,8,1,2,3,1,20,,7,31,13,1,1,1,17,1,,,Low,,1,1,0,Level 4
9777,37,,,,,2,10719,38,27,7,2,3,2,1,40,,9,47,3,2,1,2,35,3,,Very High,High,,1,0,0,Level 2
9778,52,,,,,1,11420,54,23,7,3,1,1,3,59,,6,55,9,2,4,4,25,3,,Very High,High,,1,1,0,Level 3
9779,44,,,,,3,12412,96,2,7,3,3,5,3,56,,9,46,17,1,4,4,21,1,,,High,New,0,0,0,Level 3
9780,50,,,,,2,5879,22,4,5,4,4,4,2,93,,2,33,1,4,3,4,36,1,,Medium,Low,Experienced,0,1,0,Level 1
9781,56,,,,,2,17214,68,21,4,1,3,4,4,11,,2,57,3,3,1,3,47,1,,,High,,1,1,1,Level 4
9782,21,,,,,5,9657,25,19,6,8,2,4,1,56,,4,40,3,3,1,4,17,4,,Very High,Normal,,1,0,0,Level 2
9783,52,,,,,4,6357,91,20,6,8,2,5,4,39,,5,46,0,1,4,2,36,2,,High,High,,1,1,1,Level 1
9784,58,,,,,2,17794,70,10,6,8,2,2,3,9,,9,36,7,1,1,2,7,4,,,Normal,Expert,1,1,0,Level 4
9785,51,,,,,2,19228,43,13,11,4,1,3,3,61,,2,54,13,3,1,1,15,2,,,High,,1,1,0,Level 4
9786,37,,,,,1,8734,56,19,8,3,2,4,3,12,,8,37,8,1,1,4,26,4,,High,Normal,,1,0,0,Level 2
9787,36,,,,,3,14296,20,8,6,8,4,2,3,61,,5,42,0,2,4,4,18,4,,,Normal,Expert,1,0,0,Level 3
9788,53,,,,,1,16064,17,10,10,7,2,4,4,66,,9,52,6,1,4,3,37,4,,,High,Expert,1,1,1,Level 4
9789,58,,,,,3,4546,88,8,4,6,4,4,3,98,,5,47,16,2,4,2,43,3,,Medium,High,Expert,1,1,0,Level 1
9790,26,,,,,2,16691,79,19,10,4,3,4,1,41,,2,47,1,3,2,1,12,1,,,High,,1,0,0,Level 4
9791,54,,,,,3,4611,26,9,10,7,1,1,4,97,,8,32,1,1,4,3,28,4,,Medium,Low,Expert,1,1,1,Level 1
9792,49,,,,,1,6977,50,9,12,4,3,5,3,64,,1,59,2,4,1,3,28,4,,High,High,Expert,1,0,0,Level 1
9793,31,,,,,1,8107,70,23,4,1,4,5,2,66,,3,53,18,3,3,3,45,1,,High,High,,1,0,0,Level 2
9794,54,,,,,4,7612,66,13,5,5,1,1,4,45,,4,43,3,1,2,2,24,3,,High,Normal,,1,1,1,Level 2
9795,30,,,,,5,13519,46,1,7,1,4,4,2,89,,7,47,5,1,3,3,16,4,,,High,New,0,0,0,Level 3
9796,23,,,,,4,17325,70,12,11,9,1,5,2,93,,3,39,19,3,4,1,24,4,,,Normal,,1,0,0,Level 4
9797,44,,,,,2,3555,25,10,13,8,2,5,4,67,,1,47,3,4,4,2,6,2,,Medium,High,Expert,1,0,1,Level 1
9798,51,,,,,3,17226,15,27,1,6,3,5,2,36,,4,33,14,2,3,1,25,1,,,Low,,1,1,0,Level 4
9799,39,,,,,1,12193,20,19,1,2,2,4,4,57,,8,35,10,2,3,1,28,1,,,Low,,1,0,1,Level 3
9800,50,,,,,1,19501,93,8,5,9,1,4,3,71,,2,40,8,1,3,2,19,2,,,Normal,Expert,1,1,0,Level 4
9801,23,,,,,1,6851,88,22,5,7,4,5,3,61,,7,31,1,2,2,4,27,1,,High,Low,,1,0,0,Level 1
9802,57,,,,,1,6761,38,25,11,0,1,3,3,46,,2,54,0,2,4,3,39,2,,High,High,,1,1,0,Level 1
9803,20,,,,,2,14092,86,11,12,8,1,2,1,30,,1,59,12,2,3,2,6,4,,,High,Expert,1,0,0,Level 3
9804,22,,,,,5,9371,95,11,1,6,2,2,2,29,,9,54,6,2,1,4,18,3,,Very High,High,Expert,1,0,0,Level 2
9805,56,,,,,4,16592,38,26,7,9,1,4,4,25,,3,30,6,4,3,1,1,1,,,Low,,1,1,1,Level 4
9806,41,,,,,4,8703,91,16,7,1,3,3,1,58,,6,42,17,4,2,2,39,3,,High,Normal,,1,0,0,Level 2
9807,36,,,,,1,12240,23,29,4,7,3,3,1,79,,2,30,7,2,1,1,11,4,,,Low,,1,0,0,Level 3
9808,33,,,,,1,6000,73,11,2,5,2,3,4,85,,9,55,16,4,4,3,9,1,,Medium,High,Expert,1,0,1,Level 1
9809,54,,,,,3,10422,84,25,2,5,2,1,1,95,,2,54,18,2,2,2,2,4,,Very High,High,,1,1,0,Level 2
9810,32,,,,,1,8515,37,1,4,3,3,1,2,12,,5,45,5,2,1,2,37,4,,High,Normal,New,0,0,0,Level 2
9811,54,,,,,4,13379,99,6,2,4,2,5,4,24,,5,46,2,4,1,4,8,1,,,High,Senior,1,1,1,Level 3
9812,21,,,,,3,12297,31,13,1,8,3,3,1,55,,6,52,12,1,1,2,6,3,,,High,,1,0,0,Level 3
9813,32,,,,,3,15719,39,27,1,6,3,2,1,55,,5,56,3,2,4,4,6,3,,,High,,1,0,0,Level 4
9814,35,,,,,1,7862,52,11,8,0,2,1,1,53,,8,34,15,3,2,3,22,2,,High,Low,Expert,1,0,0,Level 2
9815,37,,,,,3,13292,17,3,2,1,4,4,4,77,,9,55,17,1,3,2,28,2,,,High,New,0,0,1,Level 3
9816,26,,,,,5,15954,81,21,9,0,2,4,3,64,,9,35,7,2,2,1,6,4,,,Low,,1,0,0,Level 4
9817,55,,,,,1,14842,28,1,2,8,4,3,1,80,,7,49,19,2,3,2,4,2,,,High,New,0,1,0,Level 3
9818,49,,,,,5,4996,24,27,11,9,2,5,2,52,,2,31,7,2,1,2,25,2,,Medium,Low,,1,0,0,Level 1
9819,26,,,,,1,4074,80,14,11,0,3,3,3,39,,3,32,6,2,1,3,22,3,,Medium,Low,,1,0,0,Level 1
9820,34,,,,,5,17378,85,11,4,2,4,4,2,79,,5,39,2,3,1,4,43,1,,,Normal,Expert,1,0,0,Level 4
9821,59,,,,,1,13895,28,14,7,5,2,4,4,20,,2,53,7,2,1,3,18,4,,,High,,1,1,1,Level 3
9822,38,,,,,4,3866,95,23,7,5,2,5,3,26,,8,31,1,3,3,1,9,1,,Medium,Low,,1,0,0,Level 1
9823,56,,,,,1,6782,24,22,10,8,3,1,2,70,,4,52,13,2,4,1,15,3,,High,High,,1,1,0,Level 1
9824,21,,,,,4,13324,63,28,11,8,4,5,1,62,,7,41,19,1,4,2,24,4,,,Normal,,1,0,0,Level 3
9825,32,,,,,2,17016,76,10,8,3,2,2,3,27,,5,48,4,3,3,1,41,1,,,High,Expert,1,0,0,Level 4
9826,59,,,,,2,13269,62,21,3,0,1,4,3,94,,9,40,2,1,1,2,27,1,,,Normal,,1,1,0,Level 3
9827,50,,,,,1,12362,17,2,1,9,1,2,4,98,,3,31,8,1,4,3,45,3,,,Low,New,0,1,1,Level 3
9828,35,,,,,4,7183,61,24,12,8,2,4,3,96,,4,55,18,1,2,1,29,4,,High,High,,1,0,0,Level 2
9829,25,,,,,4,10469,74,5,4,1,3,4,4,92,,6,58,18,4,2,4,35,1,,Very High,High,Experienced,1,0,1,Level 2
9830,47,,,,,3,16115,39,15,3,9,3,3,3,43,,7,59,16,2,3,1,31,4,,,High,,1,0,0,Level 4
9831,51,,,,,3,19974,21,18,11,9,2,4,4,41,,8,49,2,2,3,4,26,3,,,High,,1,1,1,Level 4
9832,29,,,,,5,19098,91,16,4,3,2,4,4,38,,8,54,11,4,1,4,24,4,,,High,,1,0,1,Level 4
9833,37,,,,,3,10191,53,20,6,6,3,4,2,87,,1,36,15,2,1,1,46,2,,Very High,Normal,,1,0,0,Level 2
9834,23,,,,,1,5224,57,26,1,1,3,4,3,57,,6,54,12,1,1,3,37,1,,Medium,High,,1,0,0,Level 1
9835,28,,,,,3,8333,60,24,13,8,3,3,1,35,,1,50,6,4,2,1,23,2,,High,High,,1,0,0,Level 2
9836,26,,,,,3,18023,57,24,1,4,2,3,1,52,,1,46,12,2,3,1,44,4,,,High,,1,0,0,Level 4
9837,27,,,,,1,9133,43,3,13,9,3,2,2,80,,4,32,15,2,4,4,40,2,,Very High,Low,New,0,0,0,Level 2
9838,26,,,,,1,14460,97,26,12,8,2,2,2,69,,9,31,3,2,2,1,48,1,,,Low,,1,0,0,Level 3
9839,59,,,,,5,7904,80,24,12,8,4,2,3,96,,2,54,15,3,3,1,42,2,,High,High,,1,1,0,Level 2
9840,22,,,,,4,7898,83,26,12,7,1,5,3,55,,4,47,19,2,1,4,49,1,,High,High,,1,0,0,Level 2
9841,36,,,,,3,5483,41,9,2,2,4,3,1,47,,6,36,5,2,2,2,22,2,,Medium,Normal,Expert,1,0,0,Level 1
9842,21,,,,,2,15052,96,29,10,8,1,3,1,43,,8,57,4,3,2,3,20,4,,,High,,1,0,0,Level 3
9843,34,,,,,4,6327,17,18,10,2,2,1,2,89,,2,43,9,3,3,1,33,3,,High,Normal,,1,0,0,Level 1
9844,48,,,,,1,13048,70,22,12,8,2,1,2,43,,1,34,19,2,2,1,30,3,,,Low,,1,0,0,Level 3
9845,41,,,,,3,5000,78,27,3,1,4,1,3,6,,3,31,19,1,2,4,21,2,,Medium,Low,,1,0,0,Level 1
9846,23,,,,,5,7572,35,19,12,6,2,2,4,36,,1,56,7,1,4,4,48,3,,High,High,,1,0,1,Level 2
9847,25,,,,,2,9896,38,5,5,1,2,4,4,79,,1,48,7,3,4,2,46,2,,Very High,High,Experienced,1,0,1,Level 2
9848,57,,,,,4,8233,34,4,9,4,3,5,1,65,,5,57,3,3,1,1,45,2,,High,High,Experienced,0,1,0,Level 2
9849,45,,,,,3,15644,66,29,6,1,4,3,4,86,,9,53,9,3,1,3,17,3,,,High,,1,0,1,Level 3
9850,30,,,,,1,5364,27,8,5,7,1,2,2,40,,7,31,0,1,4,2,43,4,,Medium,Low,Expert,1,0,0,Level 1
9851,45,,,,,4,8828,84,7,8,1,4,5,4,38,,5,34,2,4,4,1,12,3,,High,Low,Senior,1,0,1,Level 2
9852,36,,,,,2,4210,57,23,1,8,2,3,3,95,,4,34,7,2,4,1,29,2,,Medium,Low,,1,0,0,Level 1
9853,43,,,,,1,18625,92,11,7,1,2,5,2,35,,5,59,10,2,2,3,7,3,,,High,Expert,1,0,0,Level 4
9854,47,,,,,2,9846,51,12,8,3,4,5,3,92,,5,53,1,1,4,3,26,1,,Very High,High,,1,0,0,Level 2
9855,54,,,,,3,14205,44,12,13,6,2,3,2,7,,5,34,4,2,4,1,43,2,,,Low,,1,1,0,Level 3
9856,50,,,,,4,3546,29,16,9,8,2,5,4,42,,2,48,5,4,4,2,9,1,,Medium,High,,1,1,1,Level 1
9857,32,,,,,5,16146,97,16,14,2,2,1,3,14,,7,48,19,1,1,3,6,2,,,High,,1,0,0,Level 4
9858,54,,,,,3,11233,89,15,11,1,3,1,2,77,,8,49,19,2,3,4,26,4,,Very High,High,,1,1,0,Level 2
9859,35,,,,,3,4748,98,1,9,5,2,5,2,53,,5,48,5,4,3,3,19,3,,Medium,High,New,0,0,0,Level 1
9860,34,,,,,5,16399,39,15,12,0,2,2,1,5,,2,46,7,3,2,4,49,2,,,High,,1,0,0,Level 4
9861,37,,,,,5,14418,52,22,13,4,2,4,2,50,,8,54,15,3,4,4,47,2,,,High,,1,0,0,Level 3
9862,56,,,,,1,9913,57,18,8,7,2,3,3,12,,7,42,1,1,3,3,4,4,,Very High,Normal,,1,1,0,Level 2
9863,46,,,,,2,4560,44,24,10,2,2,2,4,75,,4,57,6,1,4,2,32,1,,Medium,High,,1,0,1,Level 1
9864,54,,,,,3,6777,54,6,3,4,2,4,4,26,,8,58,14,3,3,4,15,2,,High,High,Senior,1,1,1,Level 1
9865,54,,,,,1,10856,73,9,6,8,2,3,1,33,,7,37,15,1,4,1,3,4,,Very High,Normal,Expert,1,1,0,Level 2
9866,47,,,,,1,15483,37,26,5,0,1,4,2,50,,7,58,14,1,2,4,2,1,,,High,,1,0,0,Level 3
9867,58,,,,,3,10019,58,17,3,8,4,3,3,74,,5,48,1,1,4,2,42,3,,Very High,High,,1,1,0,Level 2
9868,57,,,,,2,4320,95,24,2,0,1,1,1,27,,7,46,3,2,2,3,14,3,,Medium,High,,1,1,0,Level 1
9869,28,,,,,5,12947,15,12,2,3,2,2,2,70,,6,53,16,1,3,2,19,4,,,High,,1,0,0,Level 3
9870,31,,,,,3,18197,92,2,10,0,4,4,2,98,,8,45,2,1,4,3,45,2,,,Normal,New,0,0,0,Level 4
9871,34,,,,,2,15055,96,16,10,7,1,1,3,34,,1,41,8,3,2,2,11,4,,,Normal,,1,0,0,Level 3
9872,40,,,,,5,16135,55,23,10,6,4,2,1,19,,9,46,17,4,3,3,33,2,,,High,,1,0,0,Level 4
9873,54,,,,,4,15768,76,15,4,2,2,5,1,74,,7,59,10,2,4,4,21,3,,,High,,1,1,0,Level 4
9874,52,,,,,3,7692,74,27,9,4,4,2,4,84,,4,32,19,2,1,2,21,1,,High,Low,,1,1,1,Level 2
9875,38,,,,,3,6810,94,12,2,1,4,2,1,1,,2,56,19,3,2,2,19,3,,High,High,,1,0,0,Level 1
9876,42,,,,,2,3826,24,15,5,9,4,1,4,20,,7,47,14,4,4,1,29,3,,Medium,High,,1,0,1,Level 1
9877,32,,,,,1,11481,87,13,13,4,4,1,1,90,,8,59,17,4,1,2,38,4,,Very High,High,,1,0,0,Level 3
9878,20,,,,,1,10676,92,12,8,4,2,4,2,41,,6,43,7,4,1,1,8,3,,Very High,Normal,,1,0,0,Level 2
9879,48,,,,,2,11845,80,19,10,8,3,4,3,21,,5,40,6,2,4,2,40,1,,Very High,Normal,,1,0,0,Level 3
9880,43,,,,,3,6130,71,16,11,4,3,5,1,88,,3,32,16,4,1,4,32,4,,High,Low,,1,0,0,Level 1
9881,35,,,,,3,4080,56,7,2,1,4,1,2,57,,1,54,7,4,3,4,48,2,,Medium,High,Senior,1,0,0,Level 1
9882,44,,,,,3,6108,68,17,14,2,2,1,1,35,,3,41,8,3,2,3,44,3,,High,Normal,,1,0,0,Level 1
9883,42,,,,,4,11658,99,10,7,5,2,2,4,94,,4,36,4,4,2,3,34,2,,Very High,Normal,Expert,1,0,1,Level 3
9884,47,,,,,1,17036,56,9,12,0,3,2,2,15,,8,36,7,1,3,1,21,2,,,Normal,Expert,1,0,0,Level 4
9885,35,,,,,4,6534,80,6,6,5,2,5,4,36,,8,54,12,2,4,2,20,4,,High,High,Senior,1,0,1,Level 1
9886,57,,,,,3,18696,84,23,1,4,4,2,1,20,,9,54,14,2,2,4,27,4,,,High,,1,1,0,Level 4
9887,30,,,,,1,5027,25,9,13,1,4,2,2,92,,2,47,6,3,2,1,23,4,,Medium,High,Expert,1,0,0,Level 1
9888,22,,,,,3,14607,81,26,7,1,3,4,4,64,,1,46,18,2,3,1,16,1,,,High,,1,0,1,Level 3
9889,34,,,,,3,13159,25,1,10,1,2,5,1,58,,4,41,9,2,4,1,13,3,,,Normal,New,0,0,0,Level 3
9890,20,,,,,2,5660,18,16,9,2,4,4,3,66,,7,52,8,1,3,1,21,3,,Medium,High,,1,0,0,Level 1
9891,26,,,,,1,17651,93,14,1,9,3,5,3,25,,3,36,17,3,1,3,7,3,,,Normal,,1,0,0,Level 4
9892,20,,,,,3,18735,93,8,2,1,1,4,3,34,,9,57,14,3,4,1,25,2,,,High,Expert,1,0,0,Level 4
9893,51,,,,,5,17299,63,27,7,2,3,4,3,8,,5,53,15,3,2,3,16,1,,,High,,1,1,0,Level 4
9894,28,,,,,5,9767,36,15,1,8,2,5,2,91,,2,31,14,3,4,1,37,1,,Very High,Low,,1,0,0,Level 2
9895,48,,,,,3,15327,51,16,13,2,1,2,3,8,,3,46,15,3,1,2,21,1,,,High,,1,0,0,Level 3
9896,45,,,,,2,18551,24,14,2,6,4,3,4,76,,6,48,14,2,1,2,49,4,,,High,,1,0,1,Level 4
9897,42,,,,,3,3355,34,16,3,2,2,1,4,22,,7,56,3,2,1,3,29,3,,Medium,High,,1,0,1,Level 1
9898,48,,,,,5,5739,87,7,2,5,4,5,1,52,,9,56,3,2,1,1,49,1,,Medium,High,Senior,1,0,0,Level 1
9899,57,,,,,1,12807,64,29,13,8,3,3,3,48,,5,57,5,4,1,1,36,3,,,High,,1,1,0,Level 3
9900,52,,,,,2,17390,45,18,2,5,2,4,3,37,,5,32,3,2,1,1,30,2,,,Low,,1,1,0,Level 4
9901,26,,,,,3,6930,58,17,2,3,1,2,4,2,,6,45,10,1,4,3,46,1,,High,Normal,,1,0,1,Level 1
9902,31,,,,,5,7766,45,26,7,4,1,4,4,20,,5,57,13,2,4,4,21,2,,High,High,,1,0,1,Level 2
9903,50,,,,,1,8258,89,1,10,7,4,5,2,30,,9,58,17,1,3,3,34,4,,High,High,New,0,1,0,Level 2
9904,51,,,,,5,15517,55,11,4,7,4,3,1,60,,9,55,9,1,2,2,49,4,,,High,Expert,1,1,0,Level 3
9905,39,,,,,2,15354,18,20,4,6,3,4,2,44,,5,34,19,1,3,2,28,3,,,Low,,1,0,0,Level 3
9906,36,,,,,4,9257,28,5,8,4,4,2,2,45,,1,37,7,3,3,1,20,4,,Very High,Normal,Experienced,1,0,0,Level 2
9907,55,,,,,3,9103,60,23,5,8,2,5,3,14,,7,43,3,1,2,4,3,1,,Very High,Normal,,1,1,0,Level 2
9908,22,,,,,1,12874,68,13,1,0,1,5,4,80,,9,43,12,3,4,4,24,2,,,Normal,,1,0,1,Level 3
9909,20,,,,,2,10188,47,8,2,3,2,4,1,77,,4,46,6,1,4,2,14,2,,Very High,High,Expert,1,0,0,Level 2
9910,46,,,,,2,12711,44,18,10,9,3,2,1,15,,1,32,12,1,1,2,48,1,,,Low,,1,0,0,Level 3
9911,59,,,,,4,7310,23,13,14,6,1,5,2,16,,1,44,16,3,2,2,20,1,,High,Normal,,1,1,0,Level 2
9912,52,,,,,4,5537,52,9,12,4,4,5,2,25,,8,51,5,4,4,2,8,4,,Medium,High,Expert,1,1,0,Level 1
9913,39,,,,,3,11531,96,11,3,3,1,4,1,77,,3,41,0,3,2,1,18,3,,Very High,Normal,Expert,1,0,0,Level 3
9914,33,,,,,3,11303,57,23,14,4,3,3,4,44,,2,33,15,2,2,4,49,1,,Very High,Low,,1,0,1,Level 2
9915,55,,,,,2,7181,21,6,4,0,4,1,4,99,,6,41,13,4,3,2,17,3,,High,Normal,Senior,1,1,1,Level 1
9916,24,,,,,3,3483,54,11,9,3,1,2,2,21,,2,55,2,4,3,2,4,1,,Medium,High,Expert,1,0,0,Level 1
9917,42,,,,,3,15761,99,15,14,0,1,5,1,66,,4,54,10,3,2,1,23,2,,,High,,1,0,0,Level 4
9918,34,,,,,4,18435,76,14,10,1,1,5,4,66,,1,31,0,3,2,4,12,3,,,Low,,1,0,1,Level 4
9919,25,,,,,2,10527,69,8,10,8,4,5,1,78,,8,32,6,4,2,4,34,4,,Very High,Low,Expert,1,0,0,Level 2
9920,52,,,,,5,16635,49,18,5,4,3,3,4,67,,8,59,17,4,1,4,1,3,,,High,,1,1,1,Level 4
9921,38,,,,,5,19551,57,1,11,8,1,1,4,31,,9,58,11,3,1,2,35,1,,,High,New,0,0,1,Level 4
9922,32,,,,,1,10450,25,21,13,8,2,4,1,15,,4,31,7,4,2,1,30,1,,Very High,Low,,1,0,0,Level 2
9923,48,,,,,4,6291,16,9,11,9,4,2,2,59,,1,31,14,1,2,3,21,4,,High,Low,Expert,1,0,0,Level 1
9924,25,,,,,1,16583,93,23,14,4,4,3,2,29,,6,56,7,3,1,2,35,4,,,High,,1,0,0,Level 4
9925,34,,,,,2,4735,93,29,6,2,1,5,1,96,,4,42,0,3,3,4,23,2,,Medium,Normal,,1,0,0,Level 1
9926,35,,,,,5,15654,19,7,11,3,1,1,4,36,,1,42,9,1,1,1,15,4,,,Normal,Senior,1,0,1,Level 3
9927,43,,,,,5,10280,54,15,14,4,1,1,2,7,,5,39,13,2,3,4,23,1,,Very High,Normal,,1,0,0,Level 2
9928,42,,,,,5,12740,94,15,11,5,3,1,3,30,,4,49,15,1,4,4,44,3,,,High,,1,0,0,Level 3
9929,29,,,,,1,9093,60,9,3,5,4,4,3,93,,1,41,11,4,3,2,1,1,,Very High,Normal,Expert,1,0,0,Level 2
9930,36,,,,,3,19059,35,21,13,7,2,2,2,2,,7,32,13,4,4,4,31,4,,,Low,,1,0,0,Level 4
9931,49,,,,,1,14144,23,5,2,7,3,5,4,83,,2,53,7,4,2,1,27,2,,,High,Experienced,1,0,1,Level 3
9932,29,,,,,5,18284,85,7,2,7,3,3,3,4,,6,51,7,4,4,4,45,4,,,High,Senior,1,0,0,Level 4
9933,38,,,,,4,3887,41,27,6,2,4,3,2,45,,2,46,1,2,1,4,23,3,,Medium,High,,1,0,0,Level 1
9934,48,,,,,4,12503,31,28,13,3,1,3,3,42,,5,45,11,2,2,1,20,2,,,Normal,,1,0,0,Level 3
9935,21,,,,,1,6126,80,12,6,3,3,3,2,68,,2,35,8,1,4,2,39,2,,High,Low,,1,0,0,Level 1
9936,55,,,,,1,14506,40,6,12,6,1,5,2,65,,9,48,8,1,1,2,32,3,,,High,Senior,1,1,0,Level 3
9937,38,,,,,2,7264,86,10,7,4,4,2,1,50,,1,32,19,4,3,1,32,4,,High,Low,Expert,1,0,0,Level 2
9938,26,,,,,1,4817,59,15,14,3,2,5,2,89,,2,33,5,2,2,3,45,2,,Medium,Low,,1,0,0,Level 1
9939,45,,,,,1,6180,69,22,9,9,2,3,2,15,,8,37,13,4,3,1,20,1,,High,Normal,,1,0,0,Level 1
9940,34,,,,,5,9179,54,24,3,4,2,2,4,39,,9,36,5,2,1,4,28,4,,Very High,Normal,,1,0,1,Level 2
9941,57,,,,,3,6936,30,4,7,0,1,4,1,48,,1,58,14,3,4,2,22,4,,High,High,Experienced,0,1,0,Level 1
9942,22,,,,,5,16651,98,15,7,3,3,2,4,95,,3,32,19,2,2,2,5,3,,,Low,,1,0,1,Level 4
9943,57,,,,,3,18490,46,18,8,6,2,4,2,65,,4,30,17,3,3,1,3,2,,,Low,,1,1,0,Level 4
9944,35,,,,,5,9202,49,3,5,2,3,5,4,90,,5,51,1,1,4,4,47,4,,Very High,High,New,0,0,1,Level 2
9945,21,,,,,5,12954,78,26,3,6,2,4,2,44,,1,45,13,1,3,4,33,4,,,Normal,,1,0,0,Level 3
9946,50,,,,,2,6896,78,15,11,4,1,4,4,78,,5,43,1,1,3,4,37,2,,High,Normal,,1,1,1,Level 1
9947,47,,,,,3,13797,29,20,11,0,1,2,3,22,,7,30,2,2,2,3,17,1,,,Low,,1,0,0,Level 3
9948,26,,,,,5,8487,56,5,13,3,1,5,3,85,,1,45,4,2,1,1,36,1,,High,Normal,Experienced,1,0,0,Level 2
9949,49,,,,,5,11535,64,2,2,9,2,2,2,83,,3,34,15,3,4,2,35,2,,Very High,Low,New,0,0,0,Level 3
9950,26,,,,,3,9065,46,15,4,2,3,1,1,0,,8,58,12,1,2,2,11,3,,Very High,High,,1,0,0,Level 2
9951,55,,,,,2,4237,44,8,12,3,1,4,1,34,,4,45,6,2,1,3,36,4,,Medium,Normal,Expert,1,1,0,Level 1
9952,48,,,,,3,18409,97,28,8,5,3,2,3,92,,2,33,11,4,4,1,9,1,,,Low,,1,0,0,Level 4
9953,43,,,,,2,5177,38,28,14,9,3,5,4,21,,3,35,12,1,2,2,48,4,,Medium,Low,,1,0,1,Level 1
9954,58,,,,,2,16647,80,5,5,3,2,2,2,28,,7,59,9,4,2,1,3,3,,,High,Experienced,1,1,0,Level 4
9955,23,,,,,4,12428,35,23,1,6,3,1,3,61,,7,47,5,1,3,2,27,4,,,High,,1,0,0,Level 3
9956,48,,,,,2,4433,56,9,12,7,1,4,4,85,,8,47,19,2,3,4,39,2,,Medium,High,Expert,1,0,1,Level 1
9957,24,,,,,4,13193,94,7,12,2,4,1,1,10,,7,57,10,2,1,4,44,1,,,High,Senior,1,0,0,Level 3
9958,48,,,,,1,4856,72,4,3,2,4,1,1,84,,3,34,17,3,2,2,23,3,,Medium,Low,Experienced,0,0,0,Level 1
9959,49,,,,,2,9861,16,19,5,1,1,4,4,74,,2,30,12,1,4,1,7,2,,Very High,Low,,1,0,1,Level 2
9960,48,,,,,3,16029,30,8,14,5,3,1,1,85,,8,41,12,4,1,4,11,3,,,Normal,Expert,1,0,0,Level 4
9961,45,,,,,4,13062,21,14,6,5,4,4,3,50,,4,48,3,4,1,3,41,2,,,High,,1,0,0,Level 3
9962,38,,,,,1,7963,69,29,2,0,4,4,1,45,,8,43,10,1,2,3,47,1,,High,Normal,,1,0,0,Level 2
9963,45,,,,,1,14067,29,9,13,8,1,3,2,8,,2,55,1,3,3,4,35,2,,,High,Expert,1,0,0,Level 3
9964,56,,,,,2,14428,37,5,8,1,4,5,1,6,,8,58,14,1,1,1,38,4,,,High,Experienced,1,1,0,Level 3
9965,46,,,,,3,18834,83,6,13,3,2,2,1,3,,8,35,0,3,4,3,42,1,,,Low,Senior,1,0,0,Level 4
9966,49,,,,,2,11134,15,10,12,8,1,2,1,34,,6,44,13,4,4,4,19,4,,Very High,Normal,Expert,1,0,0,Level 2
9967,49,,,,,5,15187,83,28,7,6,3,5,4,11,,7,45,4,2,3,2,10,3,,,Normal,,1,0,1,Level 3
9968,22,,,,,1,18027,27,28,7,2,4,1,2,90,,7,30,11,2,2,4,41,3,,,Low,,1,0,0,Level 4
9969,26,,,,,5,16259,40,13,11,9,3,5,3,92,,3,56,6,1,1,1,28,4,,,High,,1,0,0,Level 4
9970,28,,,,,5,15905,66,10,7,1,3,4,1,15,,1,40,15,2,1,4,46,3,,,Normal,Expert,1,0,0,Level 4
9971,32,,,,,4,16971,27,22,5,8,3,4,4,49,,8,47,7,3,2,4,9,3,,,High,,1,0,1,Level 4
9972,34,,,,,5,8080,69,13,2,1,2,2,4,53,,6,47,16,4,4,2,5,1,,High,High,,1,0,1,Level 2
9973,24,,,,,1,19852,43,3,8,3,4,3,1,76,,6,43,1,2,1,1,28,2,,,Normal,New,0,0,0,Level 4
9974,48,,,,,1,11628,32,12,3,1,4,1,4,70,,7,55,12,4,1,1,47,2,,Very High,High,,1,0,1,Level 3
9975,54,,,,,3,11165,16,4,3,6,4,5,4,60,,9,38,16,3,3,1,19,2,,Very High,Normal,Experienced,0,1,1,Level 2
9976,46,,,,,2,4685,41,11,2,5,3,4,4,93,,7,58,6,2,1,2,15,1,,Medium,High,Expert,1,0,1,Level 1
9977,46,,,,,3,19668,64,9,2,7,1,4,4,9,,3,52,8,3,3,2,48,2,,,High,Expert,1,0,1,Level 4
9978,27,,,,,3,7932,56,6,14,2,4,3,4,36,,8,31,18,3,3,3,46,3,,High,Low,Senior,1,0,1,Level 2
9979,51,,,,,2,4162,81,12,2,6,4,4,3,38,,7,58,14,3,4,1,27,2,,Medium,High,,1,1,0,Level 1
9980,39,,,,,1,18001,24,14,13,7,2,5,4,29,,5,46,5,4,3,4,45,4,,,High,,1,0,1,Level 4
9981,29,,,,,4,12629,23,21,6,0,1,2,4,99,,7,58,7,1,3,1,1,4,,,High,,1,0,1,Level 3
9982,32,,,,,5,4571,17,9,8,7,4,2,3,45,,9,46,0,1,4,2,37,4,,Medium,High,Expert,1,0,0,Level 1
9983,48,,,,,4,16064,52,8,3,0,3,1,2,75,,7,56,9,2,3,2,28,4,,,High,Expert,1,0,0,Level 4
9984,54,,,,,5,17865,89,9,6,5,2,5,4,96,,5,54,7,1,3,4,4,2,,,High,Expert,1,1,1,Level 4
9985,27,,,,,2,17472,84,13,3,1,2,4,4,46,,6,59,3,2,3,1,13,3,,,High,,1,0,1,Level 4
9986,48,,,,,2,3389,83,11,9,8,1,4,3,64,,7,50,8,3,4,1,15,3,,Medium,High,Expert,1,0,0,Level 1
9987,50,,,,,3,13437,44,9,1,9,4,5,3,22,,3,37,9,3,2,1,40,2,,,Normal,Expert,1,1,0,Level 3
9988,49,,,,,2,3556,28,20,7,9,4,2,2,24,,5,50,5,2,4,4,44,3,,Medium,High,,1,0,0,Level 1
9989,41,,,,,5,9549,16,8,8,9,4,4,3,15,,9,31,18,2,4,3,12,3,,Very High,Low,Expert,1,0,0,Level 2
9990,40,,,,,4,5000,22,10,9,2,1,4,4,76,,1,40,9,3,4,2,45,1,,Medium,Normal,Expert,1,0,1,Level 1
9991,31,,,,,4,6525,88,9,14,3,3,5,4,34,,6,57,0,2,1,4,12,4,,High,High,Expert,1,0,1,Level 1
9992,30,,,,,4,12302,99,27,5,9,2,1,3,63,,8,30,19,2,1,2,38,1,,,Low,,1,0,0,Level 3
9993,21,,,,,4,9142,97,21,6,4,4,5,4,56,,4,45,15,2,2,2,41,2,,Very High,Normal,,1,0,1,Level 2
9994,21,,,,,3,8328,32,4,5,2,4,4,4,72,,1,57,1,2,1,1,32,3,,High,High,Experienced,0,0,1,Level 2
9995,53,,,,,4,15511,85,10,10,6,4,5,1,92,,1,52,14,2,2,3,25,3,,,High,Expert,1,1,0,Level 3
9996,22,,,,,5,4276,27,17,5,1,3,5,3,75,,3,36,3,4,2,3,18,2,,Medium,Normal,,1,0,0,Level 1
9997,35,,,,,3,10327,60,19,11,6,2,1,4,48,,5,59,4,4,3,4,31,1,,Very High,High,,1,0,1,Level 2
9998,23,,,,,3,12592,68,10,11,4,4,2,4,34,,4,54,10,4,4,2,12,1,,,High,Expert,1,0,1,Level 3
9999,42,,,,,3,9287,26,18,7,8,1,5,1,56,,9,51,16,3,2,2,18,3,,Very High,High,,1,0,0,Level 2
10000,39,,,,,2,7225,54,16,14,1,4,5,3,54,,4,51,6,4,1,1,6,2,,High,High,,1,0,0,Level 2
